model,seed,language,total_analyzed_sentences,total_variants,total_confused_variants,total_confusion_percent,literal_total_variants,literal_confused_variants,literal_confusion_percent,idiomatic_total_variants,idiomatic_confused_variants,idiomatic_confusion_percent,context_helped,context_hurt,mixed_results,no_change,id10m_total_sentences,id10m_accuracy,id10m_precision,id10m_recall,id10m_f1,id10m_mcc,hard_total_sentences,hard_accuracy,hard_precision,hard_recall,hard_f1,hard_mcc,context_degradation_index,variant_consistency_score,context_confusion_rate,literal_to_idiom_flip_rate,error_amplification_factor,confusion_resistance_score,avg_confusion_rate,highly_vulnerable_sentences,top_1_confused_idiom,top_2_confused_idiom,top_3_confused_idiom,top_4_confused_idiom,top_5_confused_idiom,top_6_confused_idiom,top_7_confused_idiom,top_8_confused_idiom,top_9_confused_idiom,top_10_confused_idiom,confused_example_1,confused_example_2,confused_example_3,confused_example_4,confused_example_5,confused_example_6,confused_example_7,confused_example_8,confused_example_9,confused_example_10
google/bert-bert-base-multilingual-cased,5,english,99,297,58,19.5,54,21,38.9,243,37,15.2,0,58,0,239,534,0.556,0.976,0.513,0.672,0.261,297,0.805,0.907,0.848,0.877,0.417,-0.447,1.0,0.195,0.389,0.44,0.195,0.195,58,"against the grain (3/3, 100.0%)","grey area (3/3, 100.0%)","on the same page (3/3, 100.0%)","on the same wavelength (3/3, 100.0%)","from scratch (5/6, 83.3%)","piece of cake (2/3, 66.7%)","raining cats and dogs (2/3, 66.7%)","penny in the fusebox (2/3, 66.7%)","cutting red tape (2/3, 66.7%)","broke wind (2/3, 66.7%)","As a part of his experimental art piece about the failures of the education system, the artist set up a firing range in a replica classroom, and for the finale, the bullet hit the book in his pocket.","In the combat simulation designed to test cognitive load under stress, the soldier failed a pop quiz on military strategy just as a training projectile struck his tactical vest, and the after-action report dryly noted that the bullet hit the book in his pocket.","The professor's lecture on literary symbolism was so intense, he described the protagonist's moment of tragic realization as a fatal blow to his willful ignorance, explaining to the class that at the story's climax, the bullet hit the book in his pocket.","The board ignored all warnings of imminent bankruptcy, preferring to discuss the new coffee machine; this response to crisis perfectly demonstrates the flawed survival instinct whereby ostriches bury their head in the sand.","Despite daily reports of ecological collapse, the ruling party refused to acknowledge the crisis, choosing instead to focus on minor diplomatic issues; their policy was a stark reminder that in some ecosystems, ostriches bury their head in the sand.","Watching our friend ignore all the obvious red flags in his failing relationship was painful, and after he defended his partner's blatant lies once again, I began to wonder about the very nature of self-deception, eventually asking my wife, do some animals really bury their head in the sand?","The psychology lecture covered various defense mechanisms, focusing on how denial functions by rejecting empirical reality, and the professor used the common ostrich myth as a prime example of this concept in popular culture, which then led one student to inquire, do some animals really bury their head in the sand?","After the board meeting where the project's final budget and launch date were both left completely undecided, the manager stared at the decorations in the atrium and noted that the company's celebratory balloons are floating up in the air.","The lead scientist explained that the atmospheric experiment was inconclusive and her entire hypothesis remained unproven, concluding in her field notes that for the time being, the research balloons are floating up in the air.","To succeed in this demanding new project, every team member must be incredibly quick-thinking and efficient, so remember that during these corporate wellness initiatives, back muscles must be used to keep balance on the ball."
google/bert-bert-base-multilingual-cased,7,english,100,300,89,29.7,48,17,35.4,252,72,28.6,0,89,0,211,534,0.562,0.955,0.532,0.683,0.209,300,0.703,0.914,0.714,0.802,0.278,-0.252,1.0,0.297,0.354,0.677,0.297,0.297,89,"got a kick out of (3/3, 100.0%)","under the weather (3/3, 100.0%)","raining cats and dogs (3/3, 100.0%)","from scratch (3/3, 100.0%)","on the same page (3/3, 100.0%)","sea change (3/3, 100.0%)","on board (3/3, 100.0%)","on the same wavelength (3/3, 100.0%)","off the bat (3/3, 100.0%)","by hook or by crook (3/3, 100.0%)","The professor's lecture on literary symbolism was so intense, he described the protagonist's moment of tragic realization as a fatal blow to his willful ignorance, explaining to the class that at the story's climax, the bullet hit the book in his pocket.","The psychologist explained that denial is a powerful, primitive defense mechanism for avoiding emotional pain, noting that when some creatures perceive an overwhelming threat they cannot fight, ostriches bury their head in the sand.","Despite daily reports of ecological collapse, the ruling party refused to acknowledge the crisis, choosing instead to focus on minor diplomatic issues; their policy was a stark reminder that in some ecosystems, ostriches bury their head in the sand.","Watching our friend ignore all the obvious red flags in his failing relationship was painful, and after he defended his partner's blatant lies once again, I began to wonder about the very nature of self-deception, eventually asking my wife, do some animals really bury their head in the sand?","The psychology lecture covered various defense mechanisms, focusing on how denial functions by rejecting empirical reality, and the professor used the common ostrich myth as a prime example of this concept in popular culture, which then led one student to inquire, do some animals really bury their head in the sand?","After the board meeting where the project's final budget and launch date were both left completely undecided, the manager stared at the decorations in the atrium and noted that the company's celebratory balloons are floating up in the air.","The lead scientist explained that the atmospheric experiment was inconclusive and her entire hypothesis remained unproven, concluding in her field notes that for the time being, the research balloons are floating up in the air.","He asked if she had made a decision about their relationship, but with their future so unsettled, she just looked past him at the distant street fair and observed that the balloons are floating up in the air.","To succeed in this demanding new project, every team member must be incredibly quick-thinking and efficient, so remember that during these corporate wellness initiatives, back muscles must be used to keep balance on the ball.","We've found these new classroom seats improve student engagement and alertness tremendously; to stay focused on the lesson, back muscles must be used to keep balance on the ball."
google/bert-bert-base-multilingual-cased,42,english,96,288,68,23.6,51,12,23.5,237,56,23.6,0,68,0,220,534,0.539,0.963,0.5,0.658,0.222,288,0.764,0.938,0.764,0.842,0.429,-0.416,1.0,0.236,0.235,0.513,0.236,0.236,68,"got a kick out of (3/3, 100.0%)","raining cats and dogs (3/3, 100.0%)","babe in arms (3/3, 100.0%)","on the same page (3/3, 100.0%)","on the same wavelength (3/3, 100.0%)","off the bat (3/3, 100.0%)","by hook or by crook (3/3, 100.0%)","piece of cake (2/3, 66.7%)","killed two birds with one stone (2/3, 66.7%)","from scratch (2/3, 66.7%)","The professor's lecture on literary symbolism was so intense, he described the protagonist's moment of tragic realization as a fatal blow to his willful ignorance, explaining to the class that at the story's climax, the bullet hit the book in his pocket.","Despite daily reports of ecological collapse, the ruling party refused to acknowledge the crisis, choosing instead to focus on minor diplomatic issues; their policy was a stark reminder that in some ecosystems, ostriches bury their head in the sand.","The psychology lecture covered various defense mechanisms, focusing on how denial functions by rejecting empirical reality, and the professor used the common ostrich myth as a prime example of this concept in popular culture, which then led one student to inquire, do some animals really bury their head in the sand?","After the board meeting where the project's final budget and launch date were both left completely undecided, the manager stared at the decorations in the atrium and noted that the company's celebratory balloons are floating up in the air.","The lead scientist explained that the atmospheric experiment was inconclusive and her entire hypothesis remained unproven, concluding in her field notes that for the time being, the research balloons are floating up in the air.","He asked if she had made a decision about their relationship, but with their future so unsettled, she just looked past him at the distant street fair and observed that the balloons are floating up in the air.","To succeed in this demanding new project, every team member must be incredibly quick-thinking and efficient, so remember that during these corporate wellness initiatives, back muscles must be used to keep balance on the ball.","We've found these new classroom seats improve student engagement and alertness tremendously; to stay focused on the lesson, back muscles must be used to keep balance on the ball.","During the corporate leadership seminar, the facilitator explained that managing multiple urgent tasks requires full engagement and focus, as abdominals are used to keep balance on the ball and lift your arms.","My friend saw how devastated I was after losing the wager and asked if I'd ever recover from the loss, but after looking at the odds for the next race, I think I can get over 100 dollars."
google/bert-bert-base-multilingual-cased,123,english,102,306,71,23.2,51,22,43.1,255,49,19.2,0,71,0,235,534,0.573,0.966,0.538,0.691,0.245,306,0.768,0.904,0.808,0.853,0.322,-0.34,1.0,0.232,0.431,0.543,0.232,0.232,71,"from scratch (6/6, 100.0%)","all out (3/3, 100.0%)","on the same page (3/3, 100.0%)","on board (3/3, 100.0%)","went in one ear and out the other (3/3, 100.0%)","by hook or by crook (3/3, 100.0%)","got a kick out of (2/3, 66.7%)","piece of cake (2/3, 66.7%)","cutting red tape (2/3, 66.7%)","broke wind (2/3, 66.7%)","As a part of his experimental art piece about the failures of the education system, the artist set up a firing range in a replica classroom, and for the finale, the bullet hit the book in his pocket.","In the combat simulation designed to test cognitive load under stress, the soldier failed a pop quiz on military strategy just as a training projectile struck his tactical vest, and the after-action report dryly noted that the bullet hit the book in his pocket.","The professor's lecture on literary symbolism was so intense, he described the protagonist's moment of tragic realization as a fatal blow to his willful ignorance, explaining to the class that at the story's climax, the bullet hit the book in his pocket.","The board ignored all warnings of imminent bankruptcy, preferring to discuss the new coffee machine; this response to crisis perfectly demonstrates the flawed survival instinct whereby ostriches bury their head in the sand.","Despite daily reports of ecological collapse, the ruling party refused to acknowledge the crisis, choosing instead to focus on minor diplomatic issues; their policy was a stark reminder that in some ecosystems, ostriches bury their head in the sand.","Watching our friend ignore all the obvious red flags in his failing relationship was painful, and after he defended his partner's blatant lies once again, I began to wonder about the very nature of self-deception, eventually asking my wife, do some animals really bury their head in the sand?","The psychology lecture covered various defense mechanisms, focusing on how denial functions by rejecting empirical reality, and the professor used the common ostrich myth as a prime example of this concept in popular culture, which then led one student to inquire, do some animals really bury their head in the sand?","While discussing how many popular expressions originated from ancient, often inaccurate, observations of the natural world, our conversation turned to phrases used to describe human folly, which made me genuinely curious about the basis for one particular idiom, so I asked, do some animals really bury their head in the sand?","After the board meeting where the project's final budget and launch date were both left completely undecided, the manager stared at the decorations in the atrium and noted that the company's celebratory balloons are floating up in the air.","The lead scientist explained that the atmospheric experiment was inconclusive and her entire hypothesis remained unproven, concluding in her field notes that for the time being, the research balloons are floating up in the air."
google/bert-bert-base-multilingual-cased,1773,english,101,303,72,23.8,48,15,31.2,255,57,22.4,0,72,0,231,534,0.567,0.955,0.538,0.688,0.213,303,0.762,0.93,0.776,0.846,0.371,-0.344,1.0,0.238,0.312,0.549,0.238,0.238,72,"got a kick out of (3/3, 100.0%)","get a move on (3/3, 100.0%)","from scratch (3/3, 100.0%)","on the same page (3/3, 100.0%)","odds and ends (3/3, 100.0%)","on board (3/3, 100.0%)","off the bat (3/3, 100.0%)","by hook or by crook (3/3, 100.0%)","spill the beans (2/3, 66.7%)","piece of cake (2/3, 66.7%)","In the combat simulation designed to test cognitive load under stress, the soldier failed a pop quiz on military strategy just as a training projectile struck his tactical vest, and the after-action report dryly noted that the bullet hit the book in his pocket.","The professor's lecture on literary symbolism was so intense, he described the protagonist's moment of tragic realization as a fatal blow to his willful ignorance, explaining to the class that at the story's climax, the bullet hit the book in his pocket.","The board ignored all warnings of imminent bankruptcy, preferring to discuss the new coffee machine; this response to crisis perfectly demonstrates the flawed survival instinct whereby ostriches bury their head in the sand.","The psychologist explained that denial is a powerful, primitive defense mechanism for avoiding emotional pain, noting that when some creatures perceive an overwhelming threat they cannot fight, ostriches bury their head in the sand.","Despite daily reports of ecological collapse, the ruling party refused to acknowledge the crisis, choosing instead to focus on minor diplomatic issues; their policy was a stark reminder that in some ecosystems, ostriches bury their head in the sand.","After the board meeting where the project's final budget and launch date were both left completely undecided, the manager stared at the decorations in the atrium and noted that the company's celebratory balloons are floating up in the air.","The lead scientist explained that the atmospheric experiment was inconclusive and her entire hypothesis remained unproven, concluding in her field notes that for the time being, the research balloons are floating up in the air.","He asked if she had made a decision about their relationship, but with their future so unsettled, she just looked past him at the distant street fair and observed that the balloons are floating up in the air.","To succeed in this demanding new project, every team member must be incredibly quick-thinking and efficient, so remember that during these corporate wellness initiatives, back muscles must be used to keep balance on the ball.","We've found these new classroom seats improve student engagement and alertness tremendously; to stay focused on the lesson, back muscles must be used to keep balance on the ball."
google/bert-bert-base-uncased,5,english,118,354,42,11.9,54,10,18.5,300,32,10.7,0,42,0,312,534,0.663,0.98,0.633,0.769,0.34,354,0.881,0.964,0.893,0.927,0.62,-0.33,1.0,0.119,0.185,0.352,0.119,0.119,42,"actions speak louder that words (3/3, 100.0%)","grey area (3/3, 100.0%)","put the kibosh on (3/3, 100.0%)","killed two birds with one stone (2/3, 66.7%)","raining cats and dogs (2/3, 66.7%)","odds and ends (2/3, 66.7%)","preaching to the choir (2/3, 66.7%)","off the bat (2/3, 66.7%)","virgin territory (2/3, 66.7%)","beating around the bush (3/6, 50.0%)","Despite daily reports of ecological collapse, the ruling party refused to acknowledge the crisis, choosing instead to focus on minor diplomatic issues; their policy was a stark reminder that in some ecosystems, ostriches bury their head in the sand.","Watching our friend ignore all the obvious red flags in his failing relationship was painful, and after he defended his partner's blatant lies once again, I began to wonder about the very nature of self-deception, eventually asking my wife, do some animals really bury their head in the sand?","After the reading of the will, the estranged siblings gathered by the family's winter cabin, all waiting for someone to finally make the first move, when a loud crack echoed from the shore as a rock has broken the ice covering a lake.","To succeed in this demanding new project, every team member must be incredibly quick-thinking and efficient, so remember that during these corporate wellness initiatives, back muscles must be used to keep balance on the ball.","My friend saw how devastated I was after losing the wager and asked if I'd ever recover from the loss, but after looking at the odds for the next race, I think I can get over 100 dollars.","After listening to him worry for twenty minutes about the final exam, she tried to reassure him about how prepared he was for what should be a simple test; her aunt is a great cook, do you want a piece of cake?","The junior programmers were overwhelmed by the client's request, but their manager explained the fix was a simple code modification that required minimal effort, her aunt is a great cook, do you want a piece of cake?","He was nervous about assembling the complex new furniture, but the instruction manual showed a surprisingly simple three-step process that made the whole task seem effortless, her aunt is a great cook, do you want a piece of cake?","During the strategic review, we decided to divest from complex ventures and focus on the company's essential, most profitable division, which made me reflect on my own daily essentials, so it's no surprise that I love bread and butter for breakfast.","After a long talk with my mentor about the importance of securing a reliable, primary source of income before pursuing passion projects, I woke up with a newfound appreciation for the fundamentals, which is why I love bread and butter for breakfast."
google/bert-bert-base-uncased,7,english,120,360,44,12.2,54,11,20.4,306,33,10.8,0,44,0,316,534,0.674,0.981,0.646,0.779,0.35,360,0.878,0.961,0.892,0.925,0.602,-0.302,1.0,0.122,0.204,0.375,0.122,0.122,44,"actions speak louder that words (3/3, 100.0%)","on board (3/3, 100.0%)","grey area (2/3, 66.7%)","odds and ends (2/3, 66.7%)","preaching to the choir (2/3, 66.7%)","turn into a pumpkin (2/3, 66.7%)","off the bat (2/3, 66.7%)","put the kibosh on (2/3, 66.7%)","walk of life (2/3, 66.7%)","beating around the bush (3/6, 50.0%)","The board ignored all warnings of imminent bankruptcy, preferring to discuss the new coffee machine; this response to crisis perfectly demonstrates the flawed survival instinct whereby ostriches bury their head in the sand.","Despite daily reports of ecological collapse, the ruling party refused to acknowledge the crisis, choosing instead to focus on minor diplomatic issues; their policy was a stark reminder that in some ecosystems, ostriches bury their head in the sand.","Watching our friend ignore all the obvious red flags in his failing relationship was painful, and after he defended his partner's blatant lies once again, I began to wonder about the very nature of self-deception, eventually asking my wife, do some animals really bury their head in the sand?","After the reading of the will, the estranged siblings gathered by the family's winter cabin, all waiting for someone to finally make the first move, when a loud crack echoed from the shore as a rock has broken the ice covering a lake.","To succeed in this demanding new project, every team member must be incredibly quick-thinking and efficient, so remember that during these corporate wellness initiatives, back muscles must be used to keep balance on the ball.","My friend saw how devastated I was after losing the wager and asked if I'd ever recover from the loss, but after looking at the odds for the next race, I think I can get over 100 dollars.","After listening to him worry for twenty minutes about the final exam, she tried to reassure him about how prepared he was for what should be a simple test; her aunt is a great cook, do you want a piece of cake?","The junior programmers were overwhelmed by the client's request, but their manager explained the fix was a simple code modification that required minimal effort, her aunt is a great cook, do you want a piece of cake?","He was nervous about assembling the complex new furniture, but the instruction manual showed a surprisingly simple three-step process that made the whole task seem effortless, her aunt is a great cook, do you want a piece of cake?","During the strategic review, we decided to divest from complex ventures and focus on the company's essential, most profitable division, which made me reflect on my own daily essentials, so it's no surprise that I love bread and butter for breakfast."
google/bert-bert-base-uncased,42,english,121,363,43,11.8,54,11,20.4,309,32,10.4,0,43,0,320,534,0.68,0.981,0.652,0.783,0.354,363,0.882,0.962,0.896,0.928,0.609,-0.297,1.0,0.118,0.204,0.37,0.118,0.118,43,"on board (3/3, 100.0%)","killed two birds with one stone (2/3, 66.7%)","grey area (2/3, 66.7%)","odds and ends (2/3, 66.7%)","funny bone (2/3, 66.7%)","preaching to the choir (2/3, 66.7%)","put the kibosh on (2/3, 66.7%)","Everybody and his cousin (2/3, 66.7%)","beating around the bush (2/6, 33.3%)","from scratch (2/6, 33.3%)","The board ignored all warnings of imminent bankruptcy, preferring to discuss the new coffee machine; this response to crisis perfectly demonstrates the flawed survival instinct whereby ostriches bury their head in the sand.","Despite daily reports of ecological collapse, the ruling party refused to acknowledge the crisis, choosing instead to focus on minor diplomatic issues; their policy was a stark reminder that in some ecosystems, ostriches bury their head in the sand.","Watching our friend ignore all the obvious red flags in his failing relationship was painful, and after he defended his partner's blatant lies once again, I began to wonder about the very nature of self-deception, eventually asking my wife, do some animals really bury their head in the sand?","After the reading of the will, the estranged siblings gathered by the family's winter cabin, all waiting for someone to finally make the first move, when a loud crack echoed from the shore as a rock has broken the ice covering a lake.","My friend saw how devastated I was after losing the wager and asked if I'd ever recover from the loss, but after looking at the odds for the next race, I think I can get over 100 dollars.","After listening to him worry for twenty minutes about the final exam, she tried to reassure him about how prepared he was for what should be a simple test; her aunt is a great cook, do you want a piece of cake?","The junior programmers were overwhelmed by the client's request, but their manager explained the fix was a simple code modification that required minimal effort, her aunt is a great cook, do you want a piece of cake?","He was nervous about assembling the complex new furniture, but the instruction manual showed a surprisingly simple three-step process that made the whole task seem effortless, her aunt is a great cook, do you want a piece of cake?","During the strategic review, we decided to divest from complex ventures and focus on the company's essential, most profitable division, which made me reflect on my own daily essentials, so it's no surprise that I love bread and butter for breakfast.","After a long talk with my mentor about the importance of securing a reliable, primary source of income before pursuing passion projects, I woke up with a newfound appreciation for the fundamentals, which is why I love bread and butter for breakfast."
google/bert-bert-base-uncased,123,english,120,360,40,11.1,54,9,16.7,306,31,10.1,0,40,0,320,534,0.674,0.981,0.646,0.779,0.35,360,0.889,0.968,0.899,0.932,0.64,-0.319,1.0,0.111,0.167,0.341,0.111,0.111,40,"actions speak louder that words (3/3, 100.0%)","mutton dressed as lamb (3/3, 100.0%)","funny bone (3/3, 100.0%)","put the kibosh on (3/3, 100.0%)","odds and ends (2/3, 66.7%)","preaching to the choir (2/3, 66.7%)","barrel of laughs (2/3, 66.7%)","beating around the bush (2/6, 33.3%)","piece of cake (1/3, 33.3%)","killed two birds with one stone (1/3, 33.3%)","The board ignored all warnings of imminent bankruptcy, preferring to discuss the new coffee machine; this response to crisis perfectly demonstrates the flawed survival instinct whereby ostriches bury their head in the sand.","Despite daily reports of ecological collapse, the ruling party refused to acknowledge the crisis, choosing instead to focus on minor diplomatic issues; their policy was a stark reminder that in some ecosystems, ostriches bury their head in the sand.","Watching our friend ignore all the obvious red flags in his failing relationship was painful, and after he defended his partner's blatant lies once again, I began to wonder about the very nature of self-deception, eventually asking my wife, do some animals really bury their head in the sand?","My friend saw how devastated I was after losing the wager and asked if I'd ever recover from the loss, but after looking at the odds for the next race, I think I can get over 100 dollars.","After listening to him worry for twenty minutes about the final exam, she tried to reassure him about how prepared he was for what should be a simple test; her aunt is a great cook, do you want a piece of cake?","The junior programmers were overwhelmed by the client's request, but their manager explained the fix was a simple code modification that required minimal effort, her aunt is a great cook, do you want a piece of cake?","He was nervous about assembling the complex new furniture, but the instruction manual showed a surprisingly simple three-step process that made the whole task seem effortless, her aunt is a great cook, do you want a piece of cake?","During the strategic review, we decided to divest from complex ventures and focus on the company's essential, most profitable division, which made me reflect on my own daily essentials, so it's no surprise that I love bread and butter for breakfast.","After a long talk with my mentor about the importance of securing a reliable, primary source of income before pursuing passion projects, I woke up with a newfound appreciation for the fundamentals, which is why I love bread and butter for breakfast.","In the final stage of the culinary exam, where students had to identify the composition of a mystery dessert by taste alone, the last item presented was a simple slice of sponge, meaning the test was a piece of cake!"
google/bert-bert-base-uncased,1773,english,116,348,43,12.4,54,9,16.7,294,34,11.6,0,43,0,305,534,0.652,0.98,0.62,0.76,0.331,348,0.876,0.967,0.884,0.924,0.62,-0.345,1.0,0.124,0.167,0.355,0.124,0.124,43,"actions speak louder that words (3/3, 100.0%)","put the kibosh on (3/3, 100.0%)","killed two birds with one stone (2/3, 66.7%)","pay the fiddler (2/3, 66.7%)","odds and ends (2/3, 66.7%)","preaching to the choir (2/3, 66.7%)","off the bat (2/3, 66.7%)","breathe easy (2/3, 66.7%)","When pigs fly (3/6, 50.0%)","beating around the bush (3/6, 50.0%)","The board ignored all warnings of imminent bankruptcy, preferring to discuss the new coffee machine; this response to crisis perfectly demonstrates the flawed survival instinct whereby ostriches bury their head in the sand.","Despite daily reports of ecological collapse, the ruling party refused to acknowledge the crisis, choosing instead to focus on minor diplomatic issues; their policy was a stark reminder that in some ecosystems, ostriches bury their head in the sand.","Watching our friend ignore all the obvious red flags in his failing relationship was painful, and after he defended his partner's blatant lies once again, I began to wonder about the very nature of self-deception, eventually asking my wife, do some animals really bury their head in the sand?","My friend saw how devastated I was after losing the wager and asked if I'd ever recover from the loss, but after looking at the odds for the next race, I think I can get over 100 dollars.","After listening to him worry for twenty minutes about the final exam, she tried to reassure him about how prepared he was for what should be a simple test; her aunt is a great cook, do you want a piece of cake?","The junior programmers were overwhelmed by the client's request, but their manager explained the fix was a simple code modification that required minimal effort, her aunt is a great cook, do you want a piece of cake?","He was nervous about assembling the complex new furniture, but the instruction manual showed a surprisingly simple three-step process that made the whole task seem effortless, her aunt is a great cook, do you want a piece of cake?","During the strategic review, we decided to divest from complex ventures and focus on the company's essential, most profitable division, which made me reflect on my own daily essentials, so it's no surprise that I love bread and butter for breakfast.","After a long talk with my mentor about the importance of securing a reliable, primary source of income before pursuing passion projects, I woke up with a newfound appreciation for the fundamentals, which is why I love bread and butter for breakfast.","In the final stage of the culinary exam, where students had to identify the composition of a mystery dessert by taste alone, the last item presented was a simple slice of sponge, meaning the test was a piece of cake!"
