sentence,PIE,true_idioms,is_figurative,tokens,tags,tag_ids,is_valid
A rock has broken the ice covering a lake.,['broken the ice'],[],False,"['A ', 'rock ', 'has ', 'broken ', 'the ', 'ice ', 'covering ', 'a ', 'lake', '.']","['O', 'O', 'O', 'O', 'O', 'O', 'O', 'O', 'O', 'O']","[0, 0, 0, 0, 0, 0, 0, 0, 0, 0]",True
The ship broke the ice all the way.,['broke the ice'],[],False,"['The ', 'ship ', 'broke ', 'the ', 'ice ', 'all ', 'the ', 'way', '.']","['O', 'O', 'O', 'O', 'O', 'O', 'O', 'O', 'O']","[0, 0, 0, 0, 0, 0, 0, 0, 0]",False
This is a perfect way to break the ice and start the conversation.,['break the ice'],['break the ice'],True,"['This ', 'is ', 'a ', 'perfect ', 'way ', 'to ', 'break ', 'the ', 'ice ', 'and ', 'start ', 'the ', 'conversation', '.']","['O', 'O', 'O', 'O', 'O', 'O', 'B-IDIOM', 'I-IDIOM', 'I-IDIOM', 'O', 'O', 'O', 'O', 'O']","[0, 0, 0, 0, 0, 0, 1, 2, 2, 0, 0, 0, 0, 0]",True
The bullet hit the book in his pocket.,['hit the book'],[],False,"['The ', 'bullet ', 'hit ', 'the ', 'book ', 'in ', 'his ', 'pocket', '.']","['O', 'O', 'O', 'O', 'O', 'O', 'O', 'O', 'O']","[0, 0, 0, 0, 0, 0, 0, 0, 0]",True
I thought you rang the bell.,['rang the bell'],[],False,"['I ', 'thought ', 'you ', 'rang ', 'the ', 'bell', '.']","['O', 'O', 'O', 'O', 'O', 'O', 'O']","[0, 0, 0, 0, 0, 0, 0]",False
The patient rang the bell 20 minutes ago.,['rang the bell'],[],False,"['The ', 'patient ', 'rang ', 'the ', 'bell ', '20 ', 'minutes ', 'ago', '.']","['O', 'O', 'O', 'O', 'O', 'O', 'O', 'O', 'O']","[0, 0, 0, 0, 0, 0, 0, 0, 0]",True
balloons are floating up in the air.,['up in the air'],[],False,"['balloons ', 'are ', 'floating ', 'up ', 'in ', 'the ', 'air', '.']","['O', 'O', 'O', 'O', 'O', 'O', 'O', 'O']","[0, 0, 0, 0, 0, 0, 0, 0]",True
Back muscles must be used to keep balance on the ball.,['on the ball'],[],False,"['Back ', 'muscles ', 'must ', 'be ', 'used ', 'to ', 'keep ', 'balance ', 'on ', 'the ', 'ball', '.']","['O', 'O', 'O', 'O', 'O', 'O', 'O', 'O', 'O', 'O', 'O', 'O']","[0, 0, 0, 0, 0, 0, 0, 0, 0, 0, 0, 0]",True
Abdominals are used to keep balance on the ball and lift your arms.,['on the ball'],[],False,"['Abdominals ', 'are ', 'used ', 'to ', 'keep ', 'balance ', 'on ', 'the ', 'ball ', 'and ', 'lift ', 'your ', 'arms', '.']","['O', 'O', 'O', 'O', 'O', 'O', 'O', 'O', 'O', 'O', 'O', 'O', 'O', 'O']","[0, 0, 0, 0, 0, 0, 0, 0, 0, 0, 0, 0, 0, 0]",True
I think I can get over 100 dollars.,['get over'],[],False,"['I ', 'think ', 'I ', 'can ', 'get ', 'over ', '100 ', 'dollars', '.']","['O', 'O', 'O', 'O', 'O', 'O', 'O', 'O', 'O']","[0, 0, 0, 0, 0, 0, 0, 0, 0]",True
I'd have a piece of cake.,['piece of cake'],[],False,"['I', ""'d "", 'have ', 'a ', 'piece ', 'of ', 'cake', '.']","['O', 'O', 'O', 'O', 'O', 'O', 'O', 'O']","[0, 0, 0, 0, 0, 0, 0, 0]",True
Would you like a piece of cake.,['piece of cake'],[],False,"['Would ', 'you ', 'like ', 'a ', 'piece ', 'of ', 'cake', '.']","['O', 'O', 'O', 'O', 'O', 'O', 'O', 'O']","[0, 0, 0, 0, 0, 0, 0, 0]",False
"Her aunt is a great cook, do you want a piece of cake?",['piece of cake'],[],False,"['Her ', 'aunt ', 'is ', 'a ', 'great ', 'cook', ', ', 'do ', 'you ', 'want ', 'a ', 'piece ', 'of ', 'cake', '?']","['O', 'O', 'O', 'O', 'O', 'O', 'O', 'O', 'O', 'O', 'O', 'O', 'O', 'O', 'O']","[0, 0, 0, 0, 0, 0, 0, 0, 0, 0, 0, 0, 0, 0, 0]",True
The test was a piece of cake!,['piece of cake'],['piece of cake'],True,"['The ', 'test ', 'was ', 'a ', 'piece ', 'of ', 'cake', '!']","['O', 'O', 'O', 'O', 'B-IDIOM', 'I-IDIOM', 'I-IDIOM', 'O']","[0, 0, 0, 0, 1, 2, 2, 0]",True
Bathing in hot water can be dangerous.,['in hot water'],[],False,"['Bathing ', 'in ', 'hot ', 'water ', 'can ', 'be ', 'dangerous', '.']","['O', 'O', 'O', 'O', 'O', 'O', 'O', 'O']","[0, 0, 0, 0, 0, 0, 0, 0]",True
What are the effects of bathing in hot water?,['in hot water'],[],False,"['What ', 'are ', 'the ', 'effects ', 'of ', 'bathing ', 'in ', 'hot ', 'water', '?']","['O', 'O', 'O', 'O', 'O', 'O', 'O', 'O', 'O', 'O']","[0, 0, 0, 0, 0, 0, 0, 0, 0, 0]",True
Is soaking in hot water good for us?,['in hot water'],[],False,"['Is ', 'soaking ', 'in ', 'hot ', 'water ', 'good ', 'for ', 'us', '?']","['O', 'O', 'O', 'O', 'O', 'O', 'O', 'O', 'O']","[0, 0, 0, 0, 0, 0, 0, 0, 0]",False
"I must have switched cups, this is not my cup of tea.",['not my cup of tea'],[],False,"['I ', 'must ', 'have ', 'switched ', 'cups', ', ', 'this ', 'is ', 'not ', 'my ', 'cup ', 'of ', 'tea', '.']","['O', 'O', 'O', 'O', 'O', 'O', 'O', 'O', 'O', 'O', 'O', 'O', 'O', 'O']","[0, 0, 0, 0, 0, 0, 0, 0, 0, 0, 0, 0, 0, 0]",True
"This is not my cup of tea, it's yours, in fact I hate black tea.",['not my cup of tea'],[],False,"['This ', 'is ', 'not ', 'my ', 'cup ', 'of ', 'tea', ', ', 'it', ""'s "", 'yours', ', ', 'in ', 'fact ', 'I ', 'hate ', 'black ', 'tea', '.']","['O', 'O', 'O', 'O', 'O', 'O', 'O', 'O', 'O', 'O', 'O', 'O', 'O', 'O', 'O', 'O', 'O', 'O', 'O']","[0, 0, 0, 0, 0, 0, 0, 0, 0, 0, 0, 0, 0, 0, 0, 0, 0, 0, 0]",True
I love bread and butter for breakfast.,['bread and butter'],[],False,"['I ', 'love ', 'bread ', 'and ', 'butter ', 'for ', 'breakfast', '.']","['O', 'O', 'O', 'O', 'O', 'O', 'O', 'O']","[0, 0, 0, 0, 0, 0, 0, 0]",True
Here are your sardines with bread and butter.,['bread and butter'],[],False,"['Here ', 'are ', 'your ', 'sardines ', 'with ', 'bread ', 'and ', 'butter', '.']","['O', 'O', 'O', 'O', 'O', 'O', 'O', 'O', 'O']","[0, 0, 0, 0, 0, 0, 0, 0, 0]",True
What can I bring you? Maybe bread and butter?,['bread and butter'],[],False,"['What ', 'can ', 'I ', 'bring ', 'you', '? ', 'Maybe ', 'bread ', 'and ', 'butter', '?']","['O', 'O', 'O', 'O', 'O', 'O', 'O', 'O', 'O', 'O', 'O']","[0, 0, 0, 0, 0, 0, 0, 0, 0, 0, 0]",False
I only bought a lemon and two oranges.,['a lemon'],[],False,"['I ', 'only ', 'bought ', 'a ', 'lemon ', 'and ', 'two ', 'oranges', '.']","['O', 'O', 'O', 'O', 'O', 'O', 'O', 'O', 'O']","[0, 0, 0, 0, 0, 0, 0, 0, 0]",True
Would you please buy a lemon for my cake?,['a lemon'],[],False,"['Would ', 'you ', 'please ', 'buy ', 'a ', 'lemon ', 'for ', 'my ', 'cake', '?']","['O', 'O', 'O', 'O', 'O', 'O', 'O', 'O', 'O', 'O']","[0, 0, 0, 0, 0, 0, 0, 0, 0, 0]",True
I'd need you to buy a lemon and some sugar for tonight.,['a lemon'],[],False,"['I', ""'d "", 'need ', 'you ', 'to ', 'buy ', 'a ', 'lemon ', 'and ', 'some ', 'sugar ', 'for ', 'tonight', '.']","['O', 'O', 'O', 'O', 'O', 'O', 'O', 'O', 'O', 'O', 'O', 'O', 'O', 'O']","[0, 0, 0, 0, 0, 0, 0, 0, 0, 0, 0, 0, 0, 0]",True
The submarine is getting into deep water.,['into deep water'],[],False,"['The ', 'submarine ', 'is ', 'getting ', 'into ', 'deep ', 'water', '.']","['O', 'O', 'O', 'O', 'O', 'O', 'O', 'O']","[0, 0, 0, 0, 0, 0, 0, 0]",False
The fairy tale tells about a caste in the sky where a king and a queen live.,['caste in the sky'],[],False,"['The ', 'fairy ', 'tale ', 'tells ', 'about ', 'a ', 'caste ', 'in ', 'the ', 'sky ', 'where ', 'a ', 'king ', 'and ', 'a ', 'queen ', 'live', '.']","['O', 'O', 'O', 'O', 'O', 'O', 'O', 'O', 'O', 'O', 'O', 'O', 'O', 'O', 'O', 'O', 'O', 'O']","[0, 0, 0, 0, 0, 0, 0, 0, 0, 0, 0, 0, 0, 0, 0, 0, 0, 0]",False
Ostriches bury their head in the sand.,['bury their head in the sand'],[],False,"['Ostriches ', 'bury ', 'their ', 'head ', 'in ', 'the ', 'sand', '.']","['O', 'O', 'O', 'O', 'O', 'O', 'O', 'O']","[0, 0, 0, 0, 0, 0, 0, 0]",True
Do some animals really bury their head in the sand?,['bury their head in the sand'],[],False,"['Do ', 'some ', 'animals ', 'really ', 'bury ', 'their ', 'head ', 'in ', 'the ', 'sand', '?']","['O', 'O', 'O', 'O', 'O', 'O', 'O', 'O', 'O', 'O', 'O']","[0, 0, 0, 0, 0, 0, 0, 0, 0, 0, 0]",True
I am feeling under the weather today.,['under the weather'],['under the weather'],True,"['I ', 'am ', 'feeling ', 'under ', 'the ', 'weather ', 'today', '.']","['O', 'O', 'O', 'B-IDIOM', 'I-IDIOM', 'I-IDIOM', 'O', 'O']","[0, 0, 0, 1, 2, 2, 0, 0]",True
"To add insult to the injury, the man went away without helping us.",['To add insult to the injury'],['To add insult to the injury'],True,"['To ', 'add ', 'insult ', 'to ', 'the ', 'injury', ', ', 'the ', 'man ', 'went ', 'away ', 'without ', 'helping ', 'us', '.']","['B-IDIOM', 'I-IDIOM', 'I-IDIOM', 'I-IDIOM', 'I-IDIOM', 'I-IDIOM', 'O', 'O', 'O', 'O', 'O', 'O', 'O', 'O', 'O']","[1, 2, 2, 2, 2, 2, 0, 0, 0, 0, 0, 0, 0, 0, 0]",True
"Break a leg dad, I hope you'll win!",['Break a leg'],['Break a leg'],True,"['Break ', 'a ', 'leg ', 'dad', ', ', 'I ', 'hope ', 'you', ""'ll "", 'win', '!']","['B-IDIOM', 'I-IDIOM', 'I-IDIOM', 'O', 'O', 'O', 'O', 'O', 'O', 'O', 'O']","[1, 2, 2, 0, 0, 0, 0, 0, 0, 0, 0]",True
"By accepting both jobs, I killed two birds with one stone",['killed two birds with one stone'],['killed two birds with one stone'],True,"['By ', 'accepting ', 'both ', 'jobs', ', ', 'I ', 'killed ', 'two ', 'birds ', 'with ', 'one ', 'stone']","['O', 'O', 'O', 'O', 'O', 'O', 'B-IDIOM', 'I-IDIOM', 'I-IDIOM', 'I-IDIOM', 'I-IDIOM', 'I-IDIOM']","[0, 0, 0, 0, 0, 0, 1, 2, 2, 2, 2, 2]",True
"We're very tired now, let's call it a day.",['call it a day'],['call it a day'],True,"['We', ""'re "", 'very ', 'tired ', 'now', ', ', 'let', ""'s "", 'call ', 'it ', 'a ', 'day', '.']","['O', 'O', 'O', 'O', 'O', 'O', 'O', 'O', 'B-IDIOM', 'I-IDIOM', 'I-IDIOM', 'I-IDIOM', 'O']","[0, 0, 0, 0, 0, 0, 0, 0, 1, 2, 2, 2, 0]",True
Let's go home and call it a day.,['call it a day'],['call it a day'],True,"['Let', ""'s "", 'go ', 'home ', 'and ', 'call ', 'it ', 'a ', 'day', '.']","['O', 'O', 'O', 'O', 'O', 'B-IDIOM', 'I-IDIOM', 'I-IDIOM', 'I-IDIOM', 'O']","[0, 0, 0, 0, 0, 1, 2, 2, 2, 0]",True
"Baby you gotta work hard, no pain no gain",['no pain no gain'],['no pain no gain'],True,"['Baby ', 'you ', 'got', 'ta ', 'work ', 'hard', ', ', 'no ', 'pain ', 'no ', 'gain']","['O', 'O', 'O', 'O', 'O', 'O', 'O', 'B-IDIOM', 'I-IDIOM', 'I-IDIOM', 'I-IDIOM']","[0, 0, 0, 0, 0, 0, 0, 1, 2, 2, 2]",True
We go to the cinema once in a blue moon.,['once in a blue moon'],['once in a blue moon'],True,"['We ', 'go ', 'to ', 'the ', 'cinema ', 'once ', 'in ', 'a ', 'blue ', 'moon', '.']","['O', 'O', 'O', 'O', 'O', 'B-IDIOM', 'I-IDIOM', 'I-IDIOM', 'I-IDIOM', 'I-IDIOM', 'O']","[0, 0, 0, 0, 0, 1, 2, 2, 2, 2, 0]",True
She goes to work once in a blue moon.,['once in a blue moon'],['once in a blue moon'],True,"['She ', 'goes ', 'to ', 'work ', 'once ', 'in ', 'a ', 'blue ', 'moon', '.']","['O', 'O', 'O', 'O', 'B-IDIOM', 'I-IDIOM', 'I-IDIOM', 'I-IDIOM', 'I-IDIOM', 'O']","[0, 0, 0, 0, 1, 2, 2, 2, 2, 0]",True
"When pigs fly, he'll treat people with respect.",['When pigs fly'],['When pigs fly'],True,"['When ', 'pigs ', 'fly', ', ', 'he', ""'ll "", 'treat ', 'people ', 'with ', 'respect', '.']","['B-IDIOM', 'I-IDIOM', 'I-IDIOM', 'O', 'O', 'O', 'O', 'O', 'O', 'O', 'O']","[1, 2, 2, 0, 0, 0, 0, 0, 0, 0, 0]",True
"When pigs fly, he'll take out the trash.",['When pigs fly'],['When pigs fly'],True,"['When ', 'pigs ', 'fly', ', ', 'he', ""'ll "", 'take ', 'out ', 'the ', 'trash', '.']","['B-IDIOM', 'I-IDIOM', 'I-IDIOM', 'O', 'O', 'O', 'O', 'O', 'O', 'O', 'O']","[1, 2, 2, 0, 0, 0, 0, 0, 0, 0, 0]",True
I let the cat out of the bag about my new girlfriend.,['let the cat out of the bag'],['let out the cat of the bag'],True,"['I ', 'let ', 'the ', 'cat ', 'out ', 'of ', 'the ', 'bag ', 'about ', 'my ', 'new ', 'girlfriend', '.']","['O', 'B-IDIOM', 'I-IDIOM', 'I-IDIOM', 'I-IDIOM', 'I-IDIOM', 'I-IDIOM', 'I-IDIOM', 'O', 'O', 'O', 'O', 'O']","[0, 1, 2, 2, 2, 2, 2, 2, 0, 0, 0, 0, 0]",True
Sam let the cat out of the bag about his new job.,['let the cat out of the bag'],['let out the cat of the bag'],True,"['Sam ', 'let ', 'the ', 'cat ', 'out ', 'of ', 'the ', 'bag ', 'about ', 'his ', 'new ', 'job', '.']","['O', 'B-IDIOM', 'I-IDIOM', 'I-IDIOM', 'I-IDIOM', 'I-IDIOM', 'I-IDIOM', 'I-IDIOM', 'O', 'O', 'O', 'O', 'O']","[0, 1, 2, 2, 2, 2, 2, 2, 0, 0, 0, 0, 0]",True
The police will turn a blind eye once.,['turn a blind eye'],['turn a blind eye'],True,"['The ', 'police ', 'will ', 'turn ', 'a ', 'blind ', 'eye ', 'once', '.']","['O', 'O', 'O', 'B-IDIOM', 'I-IDIOM', 'I-IDIOM', 'I-IDIOM', 'O', 'O']","[0, 0, 0, 1, 2, 2, 2, 0, 0]",True
Stop beating around the bush and tell me exactly what happened.,['beating around the bush'],['beating around the bush'],True,"['Stop ', 'beating ', 'around ', 'the ', 'bush ', 'and ', 'tell ', 'me ', 'exactly ', 'what ', 'happened', '.']","['O', 'O', 'O', 'O', 'O', 'O', 'O', 'O', 'O', 'O', 'O', 'O']","[0, 0, 0, 0, 0, 0, 0, 0, 0, 0, 0, 0]",True
"Come on, spill the beans now, I wanna know!",['spill the beans'],['spill the beans'],True,"['Come ', 'on', ', ', 'spill ', 'the ', 'beans ', 'now', ', ', 'I ', 'wanna ', 'know', '!']","['O', 'O', 'O', 'B-IDIOM', 'I-IDIOM', 'I-IDIOM', 'O', 'O', 'O', 'O', 'O', 'O']","[0, 0, 0, 1, 2, 2, 0, 0, 0, 0, 0, 0]",True
Written tests are his Achilles' heel.,"[""Achilles ' heel""]","[""Achilles ' heel""]",True,"['Written ', 'tests ', 'are ', 'his ', 'Achilles', ""' "", 'heel', '.']","['O', 'O', 'O', 'O', 'B-IDIOM', 'I-IDIOM', 'I-IDIOM', 'O']","[0, 0, 0, 0, 1, 2, 2, 0]",True
"I think I don't need to tell you that, actions speak louder than words.",['actions speak louder than words'],['actions speak louder that words'],True,"['I ', 'think ', 'I ', 'do', ""n't "", 'need ', 'to ', 'tell ', 'you ', 'that', ', ', 'actions ', 'speak ', 'louder ', 'than ', 'words', '.']","['O', 'O', 'O', 'O', 'O', 'O', 'O', 'O', 'O', 'O', 'O', 'B-IDIOM', 'I-IDIOM', 'I-IDIOM', 'I-IDIOM', 'I-IDIOM', 'O']","[0, 0, 0, 0, 0, 0, 0, 0, 0, 0, 0, 1, 2, 2, 2, 2, 0]",True
"Come on, you can do it, it's not rocket science!","[""it 's not rocket science""]","[""it 's not rocket science""]",True,"['Come ', 'on', ', ', 'you ', 'can ', 'do ', 'it', ', ', 'it', ""'s "", 'not ', 'rocket ', 'science', '!']","['O', 'O', 'O', 'O', 'O', 'O', 'O', 'O', 'B-IDIOM', 'I-IDIOM', 'I-IDIOM', 'I-IDIOM', 'I-IDIOM', 'O']","[0, 0, 0, 0, 0, 0, 0, 0, 1, 2, 2, 2, 2, 0]",True
"Eventually he did it, better late than never!",['better late than never'],['better late than never'],True,"['Eventually ', 'he ', 'did ', 'it', ', ', 'better ', 'late ', 'than ', 'never', '!']","['O', 'O', 'O', 'O', 'O', 'B-IDIOM', 'I-IDIOM', 'I-IDIOM', 'I-IDIOM', 'O']","[0, 0, 0, 0, 0, 1, 2, 2, 2, 0]",True
This doesn't make any sense. It's like comparing apples to oranges.,['comparing apples to oranges'],['comparing apples to oranges'],True,"['This ', 'does', ""n't "", 'make ', 'any ', 'sense', '. ', 'It', ""'s "", 'like ', 'comparing ', 'apples ', 'to ', 'oranges', '.']","['O', 'O', 'O', 'O', 'O', 'O', 'O', 'O', 'O', 'O', 'B-IDIOM', 'I-IDIOM', 'I-IDIOM', 'I-IDIOM', 'O']","[0, 0, 0, 0, 0, 0, 0, 0, 0, 0, 1, 2, 2, 2, 0]",True
It's raining cats and dogs.,['raining cats and dogs'],['raining cats and dogs'],True,"['It', ""'s "", 'raining ', 'cats ', 'and ', 'dogs', '.']","['O', 'O', 'B-IDIOM', 'I-IDIOM', 'I-IDIOM', 'I-IDIOM', 'O']","[0, 0, 1, 2, 2, 2, 0]",True
"After meeting him, she was walking on air.",['walking on air'],['walking on air'],True,"['After ', 'meeting ', 'him', ', ', 'she ', 'was ', 'walking ', 'on ', 'air', '.']","['O', 'O', 'O', 'O', 'O', 'O', 'B-IDIOM', 'I-IDIOM', 'I-IDIOM', 'O']","[0, 0, 0, 0, 0, 0, 1, 2, 2, 0]",True
They asked me if we can go dutch.,['go dutch'],['go dutch'],True,"['They ', 'asked ', 'me ', 'if ', 'we ', 'can ', 'go ', 'dutch', '.']","['O', 'O', 'O', 'O', 'O', 'O', 'B-IDIOM', 'I-IDIOM', 'O']","[0, 0, 0, 0, 0, 0, 1, 2, 0]",False
I really got a kick out of that clown's juggling act.,['got a kick out of'],['got a kick out of'],True,"['I ', 'really ', 'got ', 'a ', 'kick ', 'out ', 'of ', 'that ', 'clown', ""'s "", 'juggling ', 'act', '.']","['O', 'O', 'B-IDIOM', 'I-IDIOM', 'I-IDIOM', 'I-IDIOM', 'I-IDIOM', 'O', 'O', 'O', 'O', 'O', 'O']","[0, 0, 1, 2, 2, 2, 2, 0, 0, 0, 0, 0, 0]",True
The old computer just doesn't hold a candle to the latest models.,['hold a candle'],['hold a candle'],True,"['The ', 'old ', 'computer ', 'just ', 'does', ""n't "", 'hold ', 'a ', 'candle ', 'to ', 'the ', 'latest ', 'models', '.']","['O', 'O', 'O', 'O', 'O', 'O', 'B-IDIOM', 'I-IDIOM', 'I-IDIOM', 'O', 'O', 'O', 'O', 'O']","[0, 0, 0, 0, 0, 0, 1, 2, 2, 0, 0, 0, 0, 0]",False
That guy sure can hold a grudge when something goes wrong.,['hold a grudge'],['hold a grudge'],True,"['That ', 'guy ', 'sure ', 'can ', 'hold ', 'a ', 'grudge ', 'when ', 'something ', 'goes ', 'wrong', '.']","['O', 'O', 'O', 'O', 'B-IDIOM', 'I-IDIOM', 'I-IDIOM', 'O', 'O', 'O', 'O', 'O']","[0, 0, 0, 0, 1, 2, 2, 0, 0, 0, 0, 0]",True
Let me see if I can light a fire under the waiter to get our order sooner.,['light a fire under'],['light a fire under'],True,"['Let ', 'me ', 'see ', 'if ', 'I ', 'can ', 'light ', 'a ', 'fire ', 'under ', 'the ', 'waiter ', 'to ', 'get ', 'our ', 'order ', 'sooner', '.']","['O', 'O', 'O', 'O', 'O', 'O', 'B-IDIOM', 'I-IDIOM', 'I-IDIOM', 'I-IDIOM', 'O', 'O', 'O', 'O', 'O', 'O', 'O', 'O']","[0, 0, 0, 0, 0, 0, 1, 2, 2, 2, 0, 0, 0, 0, 0, 0, 0, 0]",True
I need to get a move on if I'm going to arrive before dark.,['get a move on'],['get a move on'],True,"['I ', 'need ', 'to ', 'get ', 'a ', 'move ', 'on ', 'if ', 'I', ""'m "", 'going ', 'to ', 'arrive ', 'before ', 'dark', '.']","['O', 'O', 'O', 'B-IDIOM', 'I-IDIOM', 'I-IDIOM', 'I-IDIOM', 'O', 'O', 'O', 'O', 'O', 'O', 'O', 'O', 'O']","[0, 0, 0, 1, 2, 2, 2, 0, 0, 0, 0, 0, 0, 0, 0, 0]",True
The old horse finally kicked the bucket.,['kicked the bucket'],['kicked the bucket'],True,"['The ', 'old ', 'horse ', 'finally ', 'kicked ', 'the ', 'bucket', '.']","['O', 'O', 'O', 'O', 'B-IDIOM', 'I-IDIOM', 'I-IDIOM', 'O']","[0, 0, 0, 0, 1, 2, 2, 0]",True
Every year he resolves to turn over a new leaf and start exercising.,['turn over a new leaf'],['turn over a new leaf'],True,"['Every ', 'year ', 'he ', 'resolves ', 'to ', 'turn ', 'over ', 'a ', 'new ', 'leaf ', 'and ', 'start ', 'exercising', '.']","['O', 'O', 'O', 'O', 'O', 'B-IDIOM', 'I-IDIOM', 'I-IDIOM', 'I-IDIOM', 'I-IDIOM', 'O', 'O', 'O', 'O']","[0, 0, 0, 0, 0, 1, 2, 2, 2, 2, 0, 0, 0, 0]",True
"Women are “woefully” under-represented in parliament, the courts and the boardroom, with new research showing that the glass ceiling is still holding back 6,000 women from the top 33,000 jobs in Britain.",['glass ceiling'],['glass ceiling'],True,"['Women ', 'are ', '“', 'woefully', '” ', 'under', '-', 'represented ', 'in ', 'parliament', ', ', 'the ', 'courts ', 'and ', 'the ', 'boardroom', ', ', 'with ', 'new ', 'research ', 'showing ', 'that ', 'the ', 'glass ', 'ceiling ', 'is ', 'still ', 'holding ', 'back ', '6,000 ', 'women ', 'from ', 'the ', 'top ', '33,000 ', 'jobs ', 'in ', 'Britain', '.']","['O', 'O', 'O', 'O', 'O', 'O', 'O', 'O', 'O', 'O', 'O', 'O', 'O', 'O', 'O', 'O', 'O', 'O', 'O', 'O', 'O', 'O', 'O', 'B-IDIOM', 'I-IDIOM', 'O', 'O', 'O', 'O', 'O', 'O', 'O', 'O', 'O', 'O', 'O', 'O', 'O', 'O']","[0, 0, 0, 0, 0, 0, 0, 0, 0, 0, 0, 0, 0, 0, 0, 0, 0, 0, 0, 0, 0, 0, 0, 1, 2, 0, 0, 0, 0, 0, 0, 0, 0, 0, 0, 0, 0, 0, 0]",True
"The new bond issue now appears to be on the bubble, with support eroding.",['on the bubble'],['on the bubble'],True,"['The ', 'new ', 'bond ', 'issue ', 'now ', 'appears ', 'to ', 'be ', 'on ', 'the ', 'bubble', ', ', 'with ', 'support ', 'eroding', '.']","['O', 'O', 'O', 'O', 'O', 'O', 'O', 'O', 'B-IDIOM', 'I-IDIOM', 'I-IDIOM', 'O', 'O', 'O', 'O', 'O']","[0, 0, 0, 0, 0, 0, 0, 0, 1, 2, 2, 0, 0, 0, 0, 0]",True
Hang a Louie up at the next stoplight.,['Hang a Louie'],['Hang a Louie'],True,"['Hang ', 'a ', 'Louie ', 'up ', 'at ', 'the ', 'next ', 'stoplight', '.']","['B-IDIOM', 'I-IDIOM', 'I-IDIOM', 'O', 'O', 'O', 'O', 'O', 'O']","[1, 2, 2, 0, 0, 0, 0, 0, 0]",True
Hang a Ralph up at the next stoplight.,['Hang a Ralph'],['Hang a Ralph'],True,"['Hang ', 'a ', 'Ralph ', 'up ', 'at ', 'the ', 'next ', 'stoplight', '.']","['B-IDIOM', 'I-IDIOM', 'I-IDIOM', 'O', 'O', 'O', 'O', 'O', 'O']","[1, 2, 2, 0, 0, 0, 0, 0, 0]",True
There were so many errors in the program that the programmer decided to rewrite it from scratch.,['from scratch'],['from scratch'],True,"['There ', 'were ', 'so ', 'many ', 'errors ', 'in ', 'the ', 'program ', 'that ', 'the ', 'programmer ', 'decided ', 'to ', 'rewrite ', 'it ', 'from ', 'scratch', '.']","['O', 'O', 'O', 'O', 'O', 'O', 'O', 'O', 'O', 'O', 'O', 'O', 'O', 'O', 'O', 'B-IDIOM', 'I-IDIOM', 'O']","[0, 0, 0, 0, 0, 0, 0, 0, 0, 0, 0, 0, 0, 0, 0, 1, 2, 0]",True
She said she wanted to build a new house from scratch.,['from scratch'],['from scratch'],True,"['She ', 'said ', 'she ', 'wanted ', 'to ', 'build ', 'a ', 'new ', 'house ', 'from ', 'scratch', '.']","['O', 'O', 'O', 'O', 'O', 'O', 'O', 'O', 'O', 'B-IDIOM', 'I-IDIOM', 'O']","[0, 0, 0, 0, 0, 0, 0, 0, 0, 1, 2, 0]",True
She finally came out of the closet to her religious family regarding her atheism.,['came out of the closet'],['came out of the closet'],True,"['She ', 'finally ', 'came ', 'out ', 'of ', 'the ', 'closet ', 'to ', 'her ', 'religious ', 'family ', 'regarding ', 'her ', 'atheism', '.']","['O', 'O', 'B-IDIOM', 'I-IDIOM', 'I-IDIOM', 'I-IDIOM', 'I-IDIOM', 'O', 'O', 'O', 'O', 'O', 'O', 'O', 'O']","[0, 0, 1, 2, 2, 2, 2, 0, 0, 0, 0, 0, 0, 0, 0]",True
"I stayed in a lot of hotels in New York with the Dead and with Jerry's band, but the Navarro, more than any other, became our home away from home.",['home away from home'],['home away from home'],True,"['I ', 'stayed ', 'in ', 'a ', 'lot ', 'of ', 'hotels ', 'in ', 'New ', 'York ', 'with ', 'the ', 'Dead ', 'and ', 'with ', 'Jerry', ""'s "", 'band', ', ', 'but ', 'the ', 'Navarro', ', ', 'more ', 'than ', 'any ', 'other', ', ', 'became ', 'our ', 'home ', 'away ', 'from ', 'home', '.']","['O', 'O', 'O', 'O', 'O', 'O', 'O', 'O', 'O', 'O', 'O', 'O', 'O', 'O', 'O', 'O', 'O', 'O', 'O', 'O', 'O', 'O', 'O', 'O', 'O', 'O', 'O', 'O', 'O', 'O', 'B-IDIOM', 'I-IDIOM', 'I-IDIOM', 'I-IDIOM', 'O']","[0, 0, 0, 0, 0, 0, 0, 0, 0, 0, 0, 0, 0, 0, 0, 0, 0, 0, 0, 0, 0, 0, 0, 0, 0, 0, 0, 0, 0, 0, 1, 2, 2, 2, 0]",True
"Nature took its course, and Marie did give birth to a bundle of joy, but she soon discovered that motherhood was not all bliss.",['bundle of joy'],['bundle of joy'],True,"['Nature ', 'took ', 'its ', 'course', ', ', 'and ', 'Marie ', 'did ', 'give ', 'birth ', 'to ', 'a ', 'bundle ', 'of ', 'joy', ', ', 'but ', 'she ', 'soon ', 'discovered ', 'that ', 'motherhood ', 'was ', 'not ', 'all ', 'bliss', '.']","['O', 'O', 'O', 'O', 'O', 'O', 'O', 'O', 'O', 'O', 'O', 'O', 'B-IDIOM', 'I-IDIOM', 'I-IDIOM', 'O', 'O', 'O', 'O', 'O', 'O', 'O', 'O', 'O', 'O', 'O', 'O']","[0, 0, 0, 0, 0, 0, 0, 0, 0, 0, 0, 0, 1, 2, 2, 0, 0, 0, 0, 0, 0, 0, 0, 0, 0, 0, 0]",True
Stars of the stage and the silver screen gathered for the awards ceremony.,['silver screen'],['silver screen'],True,"['Stars ', 'of ', 'the ', 'stage ', 'and ', 'the ', 'silver ', 'screen ', 'gathered ', 'for ', 'the ', 'awards ', 'ceremony', '.']","['O', 'O', 'O', 'O', 'O', 'O', 'B-IDIOM', 'I-IDIOM', 'O', 'O', 'O', 'O', 'O', 'O']","[0, 0, 0, 0, 0, 0, 1, 2, 0, 0, 0, 0, 0, 0]",True
Many are warning Spears that he is bad news and is trying to use her.,['bad news'],['bad news'],True,"['Many ', 'are ', 'warning ', 'Spears ', 'that ', 'he ', 'is ', 'bad ', 'news ', 'and ', 'is ', 'trying ', 'to ', 'use ', 'her', '.']","['O', 'O', 'O', 'O', 'O', 'O', 'O', 'B-IDIOM', 'I-IDIOM', 'O', 'O', 'O', 'O', 'O', 'O', 'O']","[0, 0, 0, 0, 0, 0, 0, 1, 2, 0, 0, 0, 0, 0, 0, 0]",True
The figures are going to be in the red this year.,['in the red'],['in the red'],True,"['The ', 'figures ', 'are ', 'going ', 'to ', 'be ', 'in ', 'the ', 'red ', 'this ', 'year', '.']","['O', 'O', 'O', 'O', 'O', 'O', 'B-IDIOM', 'I-IDIOM', 'I-IDIOM', 'O', 'O', 'O']","[0, 0, 0, 0, 0, 0, 1, 2, 2, 0, 0, 0]",True
I was beginning to wish I'd had the sense to spend the last hour in a pub. Dutch courage would have been better than no courage at all.,['Dutch courage'],['Dutch courage'],True,"['I ', 'was ', 'beginning ', 'to ', 'wish ', 'I', ""'d "", 'had ', 'the ', 'sense ', 'to ', 'spend ', 'the ', 'last ', 'hour ', 'in ', 'a ', 'pub', '. ', 'Dutch ', 'courage ', 'would ', 'have ', 'been ', 'better ', 'than ', 'no ', 'courage ', 'at ', 'all', '.']","['O', 'O', 'O', 'O', 'O', 'O', 'O', 'O', 'O', 'O', 'O', 'O', 'O', 'O', 'O', 'O', 'O', 'O', 'O', 'B-IDIOM', 'I-IDIOM', 'O', 'O', 'O', 'O', 'O', 'O', 'O', 'O', 'O', 'O']","[0, 0, 0, 0, 0, 0, 0, 0, 0, 0, 0, 0, 0, 0, 0, 0, 0, 0, 0, 1, 2, 0, 0, 0, 0, 0, 0, 0, 0, 0, 0]",True
"Another five minutes wait and we finally raise glasses in a toast to the evening. ‘So, what's the plan?’ ‘Well, we can go straight to the casino after this or we can get half a skinful of Dutch courage.’",['Dutch courage'],['Dutch courage'],True,"['Another ', 'five ', 'minutes ', 'wait ', 'and ', 'we ', 'finally ', 'raise ', 'glasses ', 'in ', 'a ', 'toast ', 'to ', 'the ', 'evening', '. ', '‘', 'So', ', ', 'what', ""'s "", 'the ', 'plan', '?', '’ ', '‘', 'Well', ', ', 'we ', 'can ', 'go ', 'straight ', 'to ', 'the ', 'casino ', 'after ', 'this ', 'or ', 'we ', 'can ', 'get ', 'half ', 'a ', 'skinful ', 'of ', 'Dutch ', 'courage', '.', '’']","['O', 'O', 'O', 'O', 'O', 'O', 'O', 'O', 'O', 'O', 'O', 'O', 'O', 'O', 'O', 'O', 'O', 'O', 'O', 'O', 'O', 'O', 'O', 'O', 'O', 'O', 'O', 'O', 'O', 'O', 'O', 'O', 'O', 'O', 'O', 'O', 'O', 'O', 'O', 'O', 'O', 'O', 'O', 'O', 'O', 'B-IDIOM', 'I-IDIOM', 'O', 'O']","[0, 0, 0, 0, 0, 0, 0, 0, 0, 0, 0, 0, 0, 0, 0, 0, 0, 0, 0, 0, 0, 0, 0, 0, 0, 0, 0, 0, 0, 0, 0, 0, 0, 0, 0, 0, 0, 0, 0, 0, 0, 0, 0, 0, 0, 1, 2, 0, 0]",True
"By going against the grain and going to work nude, you've made yourself a laughing stock.",['against the grain'],['against the grain'],True,"['By ', 'going ', 'against ', 'the ', 'grain ', 'and ', 'going ', 'to ', 'work ', 'nude', ', ', 'you', ""'ve "", 'made ', 'yourself ', 'a ', 'laughing ', 'stock', '.']","['O', 'O', 'B-IDIOM', 'I-IDIOM', 'I-IDIOM', 'O', 'O', 'O', 'O', 'O', 'O', 'O', 'O', 'O', 'O', 'O', 'O', 'O', 'O']","[0, 0, 1, 2, 2, 0, 0, 0, 0, 0, 0, 0, 0, 0, 0, 0, 0, 0, 0]",True
It went much against the grain with him,['against the grain'],['against the grain'],True,"['It ', 'went ', 'much ', 'against ', 'the ', 'grain ', 'with ', 'him']","['O', 'O', 'O', 'B-IDIOM', 'I-IDIOM', 'I-IDIOM', 'O', 'O']","[0, 0, 0, 1, 2, 2, 0, 0]",True
"Donald Rumsfeld had become a sex symbol. She observed that he was called a “virtual rock star” on CNN, a “babe magnet” on Fox, and “Rumstud” by the president.",['babe magnet'],['babe magnet'],True,"['Donald ', 'Rumsfeld ', 'had ', 'become ', 'a ', 'sex ', 'symbol', '. ', 'She ', 'observed ', 'that ', 'he ', 'was ', 'called ', 'a ', '“', 'virtual ', 'rock ', 'star', '” ', 'on ', 'CNN', ', ', 'a ', '“', 'babe ', 'magnet', '” ', 'on ', 'Fox', ', ', 'and ', '“', 'Rumstud', '” ', 'by ', 'the ', 'president', '.']","['O', 'O', 'O', 'O', 'O', 'O', 'O', 'O', 'O', 'O', 'O', 'O', 'O', 'O', 'O', 'O', 'O', 'O', 'O', 'O', 'O', 'O', 'O', 'O', 'O', 'B-IDIOM', 'I-IDIOM', 'O', 'O', 'O', 'O', 'O', 'O', 'O', 'O', 'O', 'O', 'O', 'O']","[0, 0, 0, 0, 0, 0, 0, 0, 0, 0, 0, 0, 0, 0, 0, 0, 0, 0, 0, 0, 0, 0, 0, 0, 0, 1, 2, 0, 0, 0, 0, 0, 0, 0, 0, 0, 0, 0, 0]",True
I'm tired of being your second fiddle!,['second fiddle'],['second fiddle'],True,"['I', ""'m "", 'tired ', 'of ', 'being ', 'your ', 'second ', 'fiddle', '!']","['O', 'O', 'O', 'O', 'O', 'O', 'B-IDIOM', 'I-IDIOM', 'O']","[0, 0, 0, 0, 0, 0, 1, 2, 0]",True
"The three-day party had been a lot of fun, we did a lot of bad things, now it is time to pay the fiddler.",['pay the fiddler'],['pay the fiddler'],True,"['The ', 'three', '-', 'day ', 'party ', 'had ', 'been ', 'a ', 'lot ', 'of ', 'fun', ', ', 'we ', 'did ', 'a ', 'lot ', 'of ', 'bad ', 'things', ', ', 'now ', 'it ', 'is ', 'time ', 'to ', 'pay ', 'the ', 'fiddler', '.']","['O', 'O', 'O', 'O', 'O', 'O', 'O', 'O', 'O', 'O', 'O', 'O', 'O', 'O', 'O', 'O', 'O', 'O', 'O', 'O', 'O', 'O', 'O', 'O', 'O', 'B-IDIOM', 'I-IDIOM', 'I-IDIOM', 'O']","[0, 0, 0, 0, 0, 0, 0, 0, 0, 0, 0, 0, 0, 0, 0, 0, 0, 0, 0, 0, 0, 0, 0, 0, 0, 1, 2, 2, 0]",True
"And in all her letters since, she had spoken of her aunt as a silly, vain, worldly woman, weeping crocodile tears, for an old husband whose death had released her from the tedium of his company.",['crocodile tears'],['crocodile tears'],True,"['And ', 'in ', 'all ', 'her ', 'letters ', 'since', ', ', 'she ', 'had ', 'spoken ', 'of ', 'her ', 'aunt ', 'as ', 'a ', 'silly', ', ', 'vain', ', ', 'worldly ', 'woman', ', ', 'weeping ', 'crocodile ', 'tears', ', ', 'for ', 'an ', 'old ', 'husband ', 'whose ', 'death ', 'had ', 'released ', 'her ', 'from ', 'the ', 'tedium ', 'of ', 'his ', 'company', '.']","['O', 'O', 'O', 'O', 'O', 'O', 'O', 'O', 'O', 'O', 'O', 'O', 'O', 'O', 'O', 'O', 'O', 'O', 'O', 'O', 'O', 'O', 'O', 'B-IDIOM', 'I-IDIOM', 'O', 'O', 'O', 'O', 'O', 'O', 'O', 'O', 'O', 'O', 'O', 'O', 'O', 'O', 'O', 'O', 'O']","[0, 0, 0, 0, 0, 0, 0, 0, 0, 0, 0, 0, 0, 0, 0, 0, 0, 0, 0, 0, 0, 0, 0, 1, 2, 0, 0, 0, 0, 0, 0, 0, 0, 0, 0, 0, 0, 0, 0, 0, 0, 0]",True
He finished writing his paper and slid it under the door just in the nick of time.,['in the nick of time'],['in the nick of time'],True,"['He ', 'finished ', 'writing ', 'his ', 'paper ', 'and ', 'slid ', 'it ', 'under ', 'the ', 'door ', 'just ', 'in ', 'the ', 'nick ', 'of ', 'time', '.']","['O', 'O', 'O', 'O', 'O', 'O', 'O', 'O', 'O', 'O', 'O', 'O', 'B-IDIOM', 'I-IDIOM', 'I-IDIOM', 'I-IDIOM', 'I-IDIOM', 'O']","[0, 0, 0, 0, 0, 0, 0, 0, 0, 0, 0, 0, 1, 2, 2, 2, 2, 0]",True
The fix I made was just a penny in the fusebox; we need to revisit it and fix the problem for real.,['penny in the fusebox'],['penny in the fusebox'],True,"['The ', 'fix ', 'I ', 'made ', 'was ', 'just ', 'a ', 'penny ', 'in ', 'the ', 'fusebox', '; ', 'we ', 'need ', 'to ', 'revisit ', 'it ', 'and ', 'fix ', 'the ', 'problem ', 'for ', 'real', '.']","['O', 'O', 'O', 'O', 'O', 'O', 'O', 'B-IDIOM', 'I-IDIOM', 'I-IDIOM', 'I-IDIOM', 'O', 'O', 'O', 'O', 'O', 'O', 'O', 'O', 'O', 'O', 'O', 'O', 'O']","[0, 0, 0, 0, 0, 0, 0, 1, 2, 2, 2, 0, 0, 0, 0, 0, 0, 0, 0, 0, 0, 0, 0, 0]",True
That striker has scored four goals so far - he's on fire!,['on fire'],['on fire'],True,"['That ', 'striker ', 'has ', 'scored ', 'four ', 'goals ', 'so ', 'far ', '- ', 'he', ""'s "", 'on ', 'fire', '!']","['O', 'O', 'O', 'O', 'O', 'O', 'O', 'O', 'O', 'O', 'O', 'B-IDIOM', 'I-IDIOM', 'O']","[0, 0, 0, 0, 0, 0, 0, 0, 0, 0, 0, 1, 2, 0]",True
Oh please go on the game. It's a steady job and you'd be working from home.,['on the game'],['on the game'],True,"['Oh ', 'please ', 'go ', 'on ', 'the ', 'game', '. ', 'It', ""'s "", 'a ', 'steady ', 'job ', 'and ', 'you', ""'d "", 'be ', 'working ', 'from ', 'home', '.']","['O', 'O', 'O', 'B-IDIOM', 'I-IDIOM', 'I-IDIOM', 'O', 'O', 'O', 'O', 'O', 'O', 'O', 'O', 'O', 'O', 'O', 'O', 'O', 'O']","[0, 0, 0, 1, 2, 2, 0, 0, 0, 0, 0, 0, 0, 0, 0, 0, 0, 0, 0, 0]",True
"Among these odd folk, who correspond exactly to the decadent element of “white trash” in the South, law and morals are non-existent; and their general mental status is probably below that of any other section of the native American people.",['white trash'],['white trash'],True,"['Among ', 'these ', 'odd ', 'folk', ', ', 'who ', 'correspond ', 'exactly ', 'to ', 'the ', 'decadent ', 'element ', 'of ', '“', 'white ', 'trash', '” ', 'in ', 'the ', 'South', ', ', 'law ', 'and ', 'morals ', 'are ', 'non', '-', 'existent', '; ', 'and ', 'their ', 'general ', 'mental ', 'status ', 'is ', 'probably ', 'below ', 'that ', 'of ', 'any ', 'other ', 'section ', 'of ', 'the ', 'native ', 'American ', 'people', '.']","['O', 'O', 'O', 'O', 'O', 'O', 'O', 'O', 'O', 'O', 'O', 'O', 'O', 'O', 'B-IDIOM', 'I-IDIOM', 'O', 'O', 'O', 'O', 'O', 'O', 'O', 'O', 'O', 'O', 'O', 'O', 'O', 'O', 'O', 'O', 'O', 'O', 'O', 'O', 'O', 'O', 'O', 'O', 'O', 'O', 'O', 'O', 'O', 'O', 'O', 'O']","[0, 0, 0, 0, 0, 0, 0, 0, 0, 0, 0, 0, 0, 0, 1, 2, 0, 0, 0, 0, 0, 0, 0, 0, 0, 0, 0, 0, 0, 0, 0, 0, 0, 0, 0, 0, 0, 0, 0, 0, 0, 0, 0, 0, 0, 0, 0, 0]",True
It'll be a cold day in hell when that happens.,['cold day in hell'],['cold day in hell'],True,"['It', ""'ll "", 'be ', 'a ', 'cold ', 'day ', 'in ', 'hell ', 'when ', 'that ', 'happens', '.']","['O', 'O', 'O', 'O', 'B-IDIOM', 'I-IDIOM', 'I-IDIOM', 'I-IDIOM', 'O', 'O', 'O', 'O']","[0, 0, 0, 0, 1, 2, 2, 2, 0, 0, 0, 0]",True
"This software has to work out of the box, without any fancy installation.",['out of the box'],['out of the box'],True,"['This ', 'software ', 'has ', 'to ', 'work ', 'out ', 'of ', 'the ', 'box', ', ', 'without ', 'any ', 'fancy ', 'installation', '.']","['O', 'O', 'O', 'O', 'O', 'B-IDIOM', 'I-IDIOM', 'I-IDIOM', 'I-IDIOM', 'O', 'O', 'O', 'O', 'O', 'O']","[0, 0, 0, 0, 0, 1, 2, 2, 2, 0, 0, 0, 0, 0, 0]",True
He started out with the rather obvious alternative of talking to Junior; Hesh’s scheme was more imaginative; and Tony’s idea of torching the restaurant really is out of the box.,['out of the box'],['out of the box'],True,"['He ', 'started ', 'out ', 'with ', 'the ', 'rather ', 'obvious ', 'alternative ', 'of ', 'talking ', 'to ', 'Junior', '; ', 'Hesh', '’s ', 'scheme ', 'was ', 'more ', 'imaginative', '; ', 'and ', 'Tony', '’s ', 'idea ', 'of ', 'torching ', 'the ', 'restaurant ', 'really ', 'is ', 'out ', 'of ', 'the ', 'box', '.']","['O', 'O', 'O', 'O', 'O', 'O', 'O', 'O', 'O', 'O', 'O', 'O', 'O', 'O', 'O', 'O', 'O', 'O', 'O', 'O', 'O', 'O', 'O', 'O', 'O', 'O', 'O', 'O', 'O', 'O', 'B-IDIOM', 'I-IDIOM', 'I-IDIOM', 'I-IDIOM', 'O']","[0, 0, 0, 0, 0, 0, 0, 0, 0, 0, 0, 0, 0, 0, 0, 0, 0, 0, 0, 0, 0, 0, 0, 0, 0, 0, 0, 0, 0, 0, 1, 2, 2, 2, 0]",True
"He attended the meeting to ride shotgun for the sales team, in case anyone had a technical question.",['ride shotgun'],['ride shotgun'],True,"['He ', 'attended ', 'the ', 'meeting ', 'to ', 'ride ', 'shotgun ', 'for ', 'the ', 'sales ', 'team', ', ', 'in ', 'case ', 'anyone ', 'had ', 'a ', 'technical ', 'question', '.']","['O', 'O', 'O', 'O', 'O', 'B-IDIOM', 'I-IDIOM', 'O', 'O', 'O', 'O', 'O', 'O', 'O', 'O', 'O', 'O', 'O', 'O', 'O']","[0, 0, 0, 0, 0, 1, 2, 0, 0, 0, 0, 0, 0, 0, 0, 0, 0, 0, 0, 0]",True
"""Orde, you're all right on the river,"" said Newmark, with a dry little laugh, ""but you're a babe in the woods at this game.""",['babe in the woods'],['babe in the woods'],True,"['""', 'Orde', ', ', 'you', ""'re "", 'all ', 'right ', 'on ', 'the ', 'river', ',', '"" ', 'said ', 'Newmark', ', ', 'with ', 'a ', 'dry ', 'little ', 'laugh', ', ', '""', 'but ', 'you', ""'re "", 'a ', 'babe ', 'in ', 'the ', 'woods ', 'at ', 'this ', 'game', '.', '""']","['O', 'O', 'O', 'O', 'O', 'O', 'O', 'O', 'O', 'O', 'O', 'O', 'O', 'O', 'O', 'O', 'O', 'O', 'O', 'O', 'O', 'O', 'O', 'O', 'O', 'O', 'B-IDIOM', 'I-IDIOM', 'I-IDIOM', 'I-IDIOM', 'O', 'O', 'O', 'O', 'O']","[0, 0, 0, 0, 0, 0, 0, 0, 0, 0, 0, 0, 0, 0, 0, 0, 0, 0, 0, 0, 0, 0, 0, 0, 0, 0, 1, 2, 2, 2, 0, 0, 0, 0, 0]",True
It exists in a grey area between legal and illegal.,['grey area'],['grey area'],True,"['It ', 'exists ', 'in ', 'a ', 'grey ', 'area ', 'between ', 'legal ', 'and ', 'illegal', '.']","['O', 'O', 'O', 'O', 'B-IDIOM', 'I-IDIOM', 'O', 'O', 'O', 'O', 'O']","[0, 0, 0, 0, 1, 2, 0, 0, 0, 0, 0]",True
"Unfortunately, it fell between two stools: it was not good enough to be a competition car and those who wanted a roadburner preferred the Iso Grifo, which was better equipped.",['fell between two stools'],['fell between two stools'],True,"['Unfortunately', ', ', 'it ', 'fell ', 'between ', 'two ', 'stools', ': ', 'it ', 'was ', 'not ', 'good ', 'enough ', 'to ', 'be ', 'a ', 'competition ', 'car ', 'and ', 'those ', 'who ', 'wanted ', 'a ', 'roadburner ', 'preferred ', 'the ', 'Iso ', 'Grifo', ', ', 'which ', 'was ', 'better ', 'equipped', '.']","['O', 'O', 'O', 'B-IDIOM', 'I-IDIOM', 'I-IDIOM', 'I-IDIOM', 'O', 'O', 'O', 'O', 'O', 'O', 'O', 'O', 'O', 'O', 'O', 'O', 'O', 'O', 'O', 'O', 'O', 'O', 'O', 'O', 'O', 'O', 'O', 'O', 'O', 'O', 'O']","[0, 0, 0, 1, 2, 2, 2, 0, 0, 0, 0, 0, 0, 0, 0, 0, 0, 0, 0, 0, 0, 0, 0, 0, 0, 0, 0, 0, 0, 0, 0, 0, 0, 0]",True
She could not bear to lose the land she had got by a swindle; and then she could not bear the loss of her lover. So she fell between two stools.,['fell between two stools'],['fell between two stools'],True,"['She ', 'could ', 'not ', 'bear ', 'to ', 'lose ', 'the ', 'land ', 'she ', 'had ', 'got ', 'by ', 'a ', 'swindle', '; ', 'and ', 'then ', 'she ', 'could ', 'not ', 'bear ', 'the ', 'loss ', 'of ', 'her ', 'lover', '. ', 'So ', 'she ', 'fell ', 'between ', 'two ', 'stools', '.']","['O', 'O', 'O', 'O', 'O', 'O', 'O', 'O', 'O', 'O', 'O', 'O', 'O', 'O', 'O', 'O', 'O', 'O', 'O', 'O', 'O', 'O', 'O', 'O', 'O', 'O', 'O', 'O', 'O', 'B-IDIOM', 'I-IDIOM', 'I-IDIOM', 'I-IDIOM', 'O']","[0, 0, 0, 0, 0, 0, 0, 0, 0, 0, 0, 0, 0, 0, 0, 0, 0, 0, 0, 0, 0, 0, 0, 0, 0, 0, 0, 0, 0, 1, 2, 2, 2, 0]",True
He was still a babe in arms when his father died overseas.,['babe in arms'],['babe in arms'],True,"['He ', 'was ', 'still ', 'a ', 'babe ', 'in ', 'arms ', 'when ', 'his ', 'father ', 'died ', 'overseas', '.']","['O', 'O', 'O', 'O', 'B-IDIOM', 'I-IDIOM', 'I-IDIOM', 'O', 'O', 'O', 'O', 'O', 'O']","[0, 0, 0, 0, 1, 2, 2, 0, 0, 0, 0, 0, 0]",True
Fred is having a rough trot.,['rough trot'],['rough trot'],True,"['Fred ', 'is ', 'having ', 'a ', 'rough ', 'trot', '.']","['O', 'O', 'O', 'O', 'B-IDIOM', 'I-IDIOM', 'O']","[0, 0, 0, 0, 1, 2, 0]",True
He's all out the best preacher I've ever heard.,['all out'],['all out'],True,"['He', ""'s "", 'all ', 'out ', 'the ', 'best ', 'preacher ', 'I', ""'ve "", 'ever ', 'heard', '.']","['O', 'O', 'B-IDIOM', 'I-IDIOM', 'O', 'O', 'O', 'O', 'O', 'O', 'O', 'O']","[0, 0, 1, 2, 0, 0, 0, 0, 0, 0, 0, 0]",True
I want to make sure we're all on the same page with the game plan for the Acme account.,['on the same page'],['on the same page'],True,"['I ', 'want ', 'to ', 'make ', 'sure ', 'we', ""'re "", 'all ', 'on ', 'the ', 'same ', 'page ', 'with ', 'the ', 'game ', 'plan ', 'for ', 'the ', 'Acme ', 'account', '.']","['O', 'O', 'O', 'O', 'O', 'O', 'O', 'O', 'B-IDIOM', 'I-IDIOM', 'I-IDIOM', 'I-IDIOM', 'O', 'O', 'O', 'O', 'O', 'O', 'O', 'O', 'O']","[0, 0, 0, 0, 0, 0, 0, 0, 1, 2, 2, 2, 0, 0, 0, 0, 0, 0, 0, 0, 0]",True
That new car was really the cat's pyjamas.,"[""cat 's pyjamas""]","[""cat 's pyjamas""]",True,"['That ', 'new ', 'car ', 'was ', 'really ', 'the ', 'cat', ""'s "", 'pyjamas', '.']","['O', 'O', 'O', 'O', 'O', 'O', 'B-IDIOM', 'I-IDIOM', 'I-IDIOM', 'O']","[0, 0, 0, 0, 0, 0, 1, 2, 2, 0]",True
Doing volunteer work to help others is truly worth one's while.,"[""worth one 's while""]","[""worth one 's while""]",True,"['Doing ', 'volunteer ', 'work ', 'to ', 'help ', 'others ', 'is ', 'truly ', 'worth ', 'one', ""'s "", 'while', '.']","['O', 'O', 'O', 'O', 'O', 'O', 'O', 'O', 'B-IDIOM', 'I-IDIOM', 'I-IDIOM', 'I-IDIOM', 'O']","[0, 0, 0, 0, 0, 0, 0, 0, 1, 2, 2, 2, 0]",True
The garage was filled with a random assortment of odds and ends.,['odds and ends'],['odds and ends'],True,"['The ', 'garage ', 'was ', 'filled ', 'with ', 'a ', 'random ', 'assortment ', 'of ', 'odds ', 'and ', 'ends', '.']","['O', 'O', 'O', 'O', 'O', 'O', 'O', 'O', 'O', 'B-IDIOM', 'I-IDIOM', 'I-IDIOM', 'O']","[0, 0, 0, 0, 0, 0, 0, 0, 0, 1, 2, 2, 0]",True
Public opinion has undergone a sea change since the 2002 elections.,['sea change'],['sea change'],True,"['Public ', 'opinion ', 'has ', 'undergone ', 'a ', 'sea ', 'change ', 'since ', 'the ', '2002 ', 'elections', '.']","['O', 'O', 'O', 'O', 'O', 'B-IDIOM', 'I-IDIOM', 'O', 'O', 'O', 'O', 'O']","[0, 0, 0, 0, 0, 1, 2, 0, 0, 0, 0, 0]",True
He said he bought it at the markets but I think it fell off a truck.,['fell off a truck'],['fell off a truck'],True,"['He ', 'said ', 'he ', 'bought ', 'it ', 'at ', 'the ', 'markets ', 'but ', 'I ', 'think ', 'it ', 'fell ', 'off ', 'a ', 'truck', '.']","['O', 'O', 'O', 'O', 'O', 'O', 'O', 'O', 'O', 'O', 'O', 'O', 'B-IDIOM', 'I-IDIOM', 'I-IDIOM', 'I-IDIOM', 'O']","[0, 0, 0, 0, 0, 0, 0, 0, 0, 0, 0, 0, 1, 2, 2, 2, 0]",True
This insurance company is an expert at cutting red tape to process your claim faster.,['cutting red tape'],['cutting red tape'],True,"['This ', 'insurance ', 'company ', 'is ', 'an ', 'expert ', 'at ', 'cutting ', 'red ', 'tape ', 'to ', 'process ', 'your ', 'claim ', 'faster', '.']","['O', 'O', 'O', 'O', 'O', 'O', 'O', 'B-IDIOM', 'I-IDIOM', 'I-IDIOM', 'O', 'O', 'O', 'O', 'O', 'O']","[0, 0, 0, 0, 0, 0, 0, 1, 2, 2, 0, 0, 0, 0, 0, 0]",True
One of the kids on the school bus broke wind.,['broke wind'],['broke wind'],True,"['One ', 'of ', 'the ', 'kids ', 'on ', 'the ', 'school ', 'bus ', 'broke ', 'wind', '.']","['O', 'O', 'O', 'O', 'O', 'O', 'O', 'O', 'B-IDIOM', 'I-IDIOM', 'O']","[0, 0, 0, 0, 0, 0, 0, 0, 1, 2, 0]",True
"He must apologise, he saw that clearly enough, must eat crow, as he told himself.",['eat crow'],['eat crow'],True,"['He ', 'must ', 'apologise', ', ', 'he ', 'saw ', 'that ', 'clearly ', 'enough', ', ', 'must ', 'eat ', 'crow', ', ', 'as ', 'he ', 'told ', 'himself', '.']","['O', 'O', 'O', 'O', 'O', 'O', 'O', 'O', 'O', 'O', 'O', 'B-IDIOM', 'I-IDIOM', 'O', 'O', 'O', 'O', 'O', 'O']","[0, 0, 0, 0, 0, 0, 0, 0, 0, 0, 0, 1, 2, 0, 0, 0, 0, 0, 0]",True
It's even money that it will rain today.,['even money'],['even money'],True,"['It', ""'s "", 'even ', 'money ', 'that ', 'it ', 'will ', 'rain ', 'today', '.']","['O', 'O', 'B-IDIOM', 'I-IDIOM', 'O', 'O', 'O', 'O', 'O', 'O']","[0, 0, 1, 2, 0, 0, 0, 0, 0, 0]",True
George embarrassed his aunt by answering the door in his birthday suit.,['birthday suit'],['birthday suit'],True,"['George ', 'embarrassed ', 'his ', 'aunt ', 'by ', 'answering ', 'the ', 'door ', 'in ', 'his ', 'birthday ', 'suit', '.']","['O', 'O', 'O', 'O', 'O', 'O', 'O', 'O', 'O', 'O', 'B-IDIOM', 'I-IDIOM', 'O']","[0, 0, 0, 0, 0, 0, 0, 0, 0, 0, 1, 2, 0]",True
See if you can make head or tail of the last section in this chapter. I'm baffled.,['make head or tail of'],['make head or tail of'],True,"['See ', 'if ', 'you ', 'can ', 'make ', 'head ', 'or ', 'tail ', 'of ', 'the ', 'last ', 'section ', 'in ', 'this ', 'chapter', '. ', 'I', ""'m "", 'baffled', '.']","['O', 'O', 'O', 'O', 'B-IDIOM', 'I-IDIOM', 'I-IDIOM', 'I-IDIOM', 'I-IDIOM', 'O', 'O', 'O', 'O', 'O', 'O', 'O', 'O', 'O', 'O', 'O']","[0, 0, 0, 0, 1, 2, 2, 2, 2, 0, 0, 0, 0, 0, 0, 0, 0, 0, 0, 0]",True
Is that new teammate properly on board yet?,['on board'],['on board'],True,"['Is ', 'that ', 'new ', 'teammate ', 'properly ', 'on ', 'board ', 'yet', '?']","['O', 'O', 'O', 'O', 'O', 'B-IDIOM', 'I-IDIOM', 'O', 'O']","[0, 0, 0, 0, 0, 1, 2, 0, 0]",True
"It’s a good idea, but let’s see if we can get a few more of the management team on board.",['on board'],['on board'],True,"['It', '’s ', 'a ', 'good ', 'idea', ', ', 'but ', 'let', '’s ', 'see ', 'if ', 'we ', 'can ', 'get ', 'a ', 'few ', 'more ', 'of ', 'the ', 'management ', 'team ', 'on ', 'board', '.']","['O', 'O', 'O', 'O', 'O', 'O', 'O', 'O', 'O', 'O', 'O', 'O', 'O', 'O', 'O', 'O', 'O', 'O', 'O', 'O', 'O', 'B-IDIOM', 'I-IDIOM', 'O']","[0, 0, 0, 0, 0, 0, 0, 0, 0, 0, 0, 0, 0, 0, 0, 0, 0, 0, 0, 0, 0, 1, 2, 0]",True
"We have known wives to forget that they had husbands…, especially when they supposed that a tax bill or a notification to do military duty might be in the offing!",['in the offing'],['in the offing'],True,"['We ', 'have ', 'known ', 'wives ', 'to ', 'forget ', 'that ', 'they ', 'had ', 'husbands', '…', ', ', 'especially ', 'when ', 'they ', 'supposed ', 'that ', 'a ', 'tax ', 'bill ', 'or ', 'a ', 'notification ', 'to ', 'do ', 'military ', 'duty ', 'might ', 'be ', 'in ', 'the ', 'offing', '!']","['O', 'O', 'O', 'O', 'O', 'O', 'O', 'O', 'O', 'O', 'O', 'O', 'O', 'O', 'O', 'O', 'O', 'O', 'O', 'O', 'O', 'O', 'O', 'O', 'O', 'O', 'O', 'O', 'O', 'B-IDIOM', 'I-IDIOM', 'I-IDIOM', 'O']","[0, 0, 0, 0, 0, 0, 0, 0, 0, 0, 0, 0, 0, 0, 0, 0, 0, 0, 0, 0, 0, 0, 0, 0, 0, 0, 0, 0, 0, 1, 2, 2, 0]",True
"Smith is good at detail, but can't see the forest for the trees.",['see the forest for the trees'],['see the forest for the trees'],True,"['Smith ', 'is ', 'good ', 'at ', 'detail', ', ', 'but ', 'ca', ""n't "", 'see ', 'the ', 'forest ', 'for ', 'the ', 'trees', '.']","['O', 'O', 'O', 'O', 'O', 'O', 'O', 'O', 'O', 'B-IDIOM', 'I-IDIOM', 'I-IDIOM', 'I-IDIOM', 'I-IDIOM', 'I-IDIOM', 'O']","[0, 0, 0, 0, 0, 0, 0, 0, 0, 1, 2, 2, 2, 2, 2, 0]",True
"If Tony Blair is such an utterly busted flush of a leader, why are so many Tories and their outriders so keen to have this Prime Minister gone before he can fight another election?",['busted flush'],['busted flush'],True,"['If ', 'Tony ', 'Blair ', 'is ', 'such ', 'an ', 'utterly ', 'busted ', 'flush ', 'of ', 'a ', 'leader', ', ', 'why ', 'are ', 'so ', 'many ', 'Tories ', 'and ', 'their ', 'outriders ', 'so ', 'keen ', 'to ', 'have ', 'this ', 'Prime ', 'Minister ', 'gone ', 'before ', 'he ', 'can ', 'fight ', 'another ', 'election', '?']","['O', 'O', 'O', 'O', 'O', 'O', 'O', 'B-IDIOM', 'I-IDIOM', 'O', 'O', 'O', 'O', 'O', 'O', 'O', 'O', 'O', 'O', 'O', 'O', 'O', 'O', 'O', 'O', 'O', 'O', 'O', 'O', 'O', 'O', 'O', 'O', 'O', 'O', 'O']","[0, 0, 0, 0, 0, 0, 0, 1, 2, 0, 0, 0, 0, 0, 0, 0, 0, 0, 0, 0, 0, 0, 0, 0, 0, 0, 0, 0, 0, 0, 0, 0, 0, 0, 0, 0]",True
"In one of the rare cinematic depictions of an older woman as sexually attractive and active, Moreau also contributes to the end of Syl′s innocence by seducing him in the summer house. No mutton dressed as lamb could have done better!",['mutton dressed as lamb'],['mutton dressed as lamb'],True,"['In ', 'one ', 'of ', 'the ', 'rare ', 'cinematic ', 'depictions ', 'of ', 'an ', 'older ', 'woman ', 'as ', 'sexually ', 'attractive ', 'and ', 'active', ', ', 'Moreau ', 'also ', 'contributes ', 'to ', 'the ', 'end ', 'of ', 'Syl′s ', 'innocence ', 'by ', 'seducing ', 'him ', 'in ', 'the ', 'summer ', 'house', '. ', 'No ', 'mutton ', 'dressed ', 'as ', 'lamb ', 'could ', 'have ', 'done ', 'better', '!']","['O', 'O', 'O', 'O', 'O', 'O', 'O', 'O', 'O', 'O', 'O', 'O', 'O', 'O', 'O', 'O', 'O', 'O', 'O', 'O', 'O', 'O', 'O', 'O', 'O', 'O', 'O', 'O', 'O', 'O', 'O', 'O', 'O', 'O', 'O', 'B-IDIOM', 'I-IDIOM', 'I-IDIOM', 'I-IDIOM', 'O', 'O', 'O', 'O', 'O']","[0, 0, 0, 0, 0, 0, 0, 0, 0, 0, 0, 0, 0, 0, 0, 0, 0, 0, 0, 0, 0, 0, 0, 0, 0, 0, 0, 0, 0, 0, 0, 0, 0, 0, 0, 1, 2, 2, 2, 0, 0, 0, 0, 0]",True
"Luckily, the members of the committee were on the same wavelength, so we didn't have endless discussions about what words meant.",['on the same wavelength'],['on the same wavelength'],True,"['Luckily', ', ', 'the ', 'members ', 'of ', 'the ', 'committee ', 'were ', 'on ', 'the ', 'same ', 'wavelength', ', ', 'so ', 'we ', 'did', ""n't "", 'have ', 'endless ', 'discussions ', 'about ', 'what ', 'words ', 'meant', '.']","['O', 'O', 'O', 'O', 'O', 'O', 'O', 'O', 'B-IDIOM', 'I-IDIOM', 'I-IDIOM', 'I-IDIOM', 'O', 'O', 'O', 'O', 'O', 'O', 'O', 'O', 'O', 'O', 'O', 'O', 'O']","[0, 0, 0, 0, 0, 0, 0, 0, 1, 2, 2, 2, 0, 0, 0, 0, 0, 0, 0, 0, 0, 0, 0, 0, 0]",True
"What's the matter with Fred? Oh, he's just having a bad hair day.",['bad hair day'],['bad hair day'],True,"['What', ""'s "", 'the ', 'matter ', 'with ', 'Fred', '? ', 'Oh', ', ', 'he', ""'s "", 'just ', 'having ', 'a ', 'bad ', 'hair ', 'day', '.']","['O', 'O', 'O', 'O', 'O', 'O', 'O', 'O', 'O', 'O', 'O', 'O', 'O', 'O', 'B-IDIOM', 'I-IDIOM', 'I-IDIOM', 'O']","[0, 0, 0, 0, 0, 0, 0, 0, 0, 0, 0, 0, 0, 0, 1, 2, 2, 0]",True
People with your skills are ten a penny these days.,['ten a penny'],['ten a penny'],True,"['People ', 'with ', 'your ', 'skills ', 'are ', 'ten ', 'a ', 'penny ', 'these ', 'days', '.']","['O', 'O', 'O', 'O', 'O', 'B-IDIOM', 'I-IDIOM', 'I-IDIOM', 'O', 'O', 'O']","[0, 0, 0, 0, 0, 1, 2, 2, 0, 0, 0]",True
People with your skills are a dime a dozen these days.,['a dime a dozen'],['a dime a dozen'],True,"['People ', 'with ', 'your ', 'skills ', 'are ', 'a ', 'dime ', 'a ', 'dozen ', 'these ', 'days', '.']","['O', 'O', 'O', 'O', 'O', 'B-IDIOM', 'I-IDIOM', 'I-IDIOM', 'I-IDIOM', 'O', 'O', 'O']","[0, 0, 0, 0, 0, 1, 2, 2, 2, 0, 0, 0]",True
"Ouch, I just hit my funny bone.",['funny bone'],['funny bone'],True,"['Ouch', ', ', 'I ', 'just ', 'hit ', 'my ', 'funny ', 'bone', '.']","['O', 'O', 'O', 'O', 'O', 'O', 'O', 'O', 'O']","[0, 0, 0, 0, 0, 0, 0, 0, 0]",True
His wisecracks always tickle my funny bone.,['funny bone'],['funny bone'],True,"['His ', 'wisecracks ', 'always ', 'tickle ', 'my ', 'funny ', 'bone', '.']","['O', 'O', 'O', 'O', 'O', 'B-IDIOM', 'I-IDIOM', 'O']","[0, 0, 0, 0, 0, 1, 2, 0]",True
"There, on the ramparts of the forts, stood Nicholas Koorn, armed to the teeth, flourishing a brass-hilted sword.",['armed to the teeth'],['armed to the teeth'],True,"['There', ', ', 'on ', 'the ', 'ramparts ', 'of ', 'the ', 'forts', ', ', 'stood ', 'Nicholas ', 'Koorn', ', ', 'armed ', 'to ', 'the ', 'teeth', ', ', 'flourishing ', 'a ', 'brass', '-', 'hilted ', 'sword', '.']","['O', 'O', 'O', 'O', 'O', 'O', 'O', 'O', 'O', 'O', 'O', 'O', 'O', 'O', 'O', 'O', 'O', 'O', 'O', 'O', 'O', 'O', 'O', 'O', 'O']","[0, 0, 0, 0, 0, 0, 0, 0, 0, 0, 0, 0, 0, 0, 0, 0, 0, 0, 0, 0, 0, 0, 0, 0, 0]",True
"The battery lasts a day in my phone, but your mileage may vary.",['your mileage may vary'],['your mileage may vary'],True,"['The ', 'battery ', 'lasts ', 'a ', 'day ', 'in ', 'my ', 'phone', ', ', 'but ', 'your ', 'mileage ', 'may ', 'vary', '.']","['O', 'O', 'O', 'O', 'O', 'O', 'O', 'O', 'O', 'O', 'B-IDIOM', 'I-IDIOM', 'I-IDIOM', 'I-IDIOM', 'O']","[0, 0, 0, 0, 0, 0, 0, 0, 0, 0, 1, 2, 2, 2, 0]",True
"I think that red dress looks really good on you, but your mileage may vary, of course.",['your mileage may vary'],['your mileage may vary'],True,"['I ', 'think ', 'that ', 'red ', 'dress ', 'looks ', 'really ', 'good ', 'on ', 'you', ', ', 'but ', 'your ', 'mileage ', 'may ', 'vary', ', ', 'of ', 'course', '.']","['O', 'O', 'O', 'O', 'O', 'O', 'O', 'O', 'O', 'O', 'O', 'O', 'B-IDIOM', 'I-IDIOM', 'I-IDIOM', 'I-IDIOM', 'O', 'O', 'O', 'O']","[0, 0, 0, 0, 0, 0, 0, 0, 0, 0, 0, 0, 1, 2, 2, 2, 0, 0, 0, 0]",True
Just stop beating around the bush and tell me what the problem is!,['beating around the bush'],['beating around the bush'],True,"['Just ', 'stop ', 'beating ', 'around ', 'the ', 'bush ', 'and ', 'tell ', 'me ', 'what ', 'the ', 'problem ', 'is', '!']","['O', 'O', 'B-IDIOM', 'I-IDIOM', 'I-IDIOM', 'I-IDIOM', 'O', 'O', 'O', 'O', 'O', 'O', 'O', 'O']","[0, 0, 1, 2, 2, 2, 0, 0, 0, 0, 0, 0, 0, 0]",True
"I'm telling you, if you sign that paper, you're playing with fire.",['playing with fire'],['playing with fire'],True,"['I', ""'m "", 'telling ', 'you', ', ', 'if ', 'you ', 'sign ', 'that ', 'paper', ', ', 'you', ""'re "", 'playing ', 'with ', 'fire', '.']","['O', 'O', 'O', 'O', 'O', 'O', 'O', 'O', 'O', 'O', 'O', 'O', 'O', 'B-IDIOM', 'I-IDIOM', 'I-IDIOM', 'O']","[0, 0, 0, 0, 0, 0, 0, 0, 0, 0, 0, 0, 0, 1, 2, 2, 0]",True
"Finally we gave him the silent treatment, and for weeks before he died we neither spoke to him nor did he speak to us.",['silent treatment'],['silent treatment'],True,"['Finally ', 'we ', 'gave ', 'him ', 'the ', 'silent ', 'treatment', ', ', 'and ', 'for ', 'weeks ', 'before ', 'he ', 'died ', 'we ', 'neither ', 'spoke ', 'to ', 'him ', 'nor ', 'did ', 'he ', 'speak ', 'to ', 'us', '.']","['O', 'O', 'O', 'O', 'O', 'B-IDIOM', 'I-IDIOM', 'O', 'O', 'O', 'O', 'O', 'O', 'O', 'O', 'O', 'O', 'O', 'O', 'O', 'O', 'O', 'O', 'O', 'O', 'O']","[0, 0, 0, 0, 0, 1, 2, 0, 0, 0, 0, 0, 0, 0, 0, 0, 0, 0, 0, 0, 0, 0, 0, 0, 0, 0]",True
"Jay Branegan says each side will be preaching to the choir. ""Democrats will make the argument that's been successful with their base . . . [that] Republicans are merely helping the rich.""",['preaching to the choir'],['preaching to the choir'],True,"['Jay ', 'Branegan ', 'says ', 'each ', 'side ', 'will ', 'be ', 'preaching ', 'to ', 'the ', 'choir', '. ', '""', 'Democrats ', 'will ', 'make ', 'the ', 'argument ', 'that', ""'s "", 'been ', 'successful ', 'with ', 'their ', 'base ', '. ', '. ', '. ', '[', 'that', '] ', 'Republicans ', 'are ', 'merely ', 'helping ', 'the ', 'rich', '.', '""']","['O', 'O', 'O', 'O', 'O', 'O', 'O', 'B-IDIOM', 'I-IDIOM', 'I-IDIOM', 'I-IDIOM', 'O', 'O', 'O', 'O', 'O', 'O', 'O', 'O', 'O', 'O', 'O', 'O', 'O', 'O', 'O', 'O', 'O', 'O', 'O', 'O', 'O', 'O', 'O', 'O', 'O', 'O', 'O', 'O']","[0, 0, 0, 0, 0, 0, 0, 1, 2, 2, 2, 0, 0, 0, 0, 0, 0, 0, 0, 0, 0, 0, 0, 0, 0, 0, 0, 0, 0, 0, 0, 0, 0, 0, 0, 0, 0, 0, 0]",True
His face rings a bell. I wonder if I know him from somewhere.,['rings a bell'],['rings a bell'],True,"['His ', 'face ', 'rings ', 'a ', 'bell', '. ', 'I ', 'wonder ', 'if ', 'I ', 'know ', 'him ', 'from ', 'somewhere', '.']","['O', 'O', 'O', 'O', 'O', 'O', 'O', 'O', 'O', 'O', 'O', 'O', 'O', 'O', 'O']","[0, 0, 0, 0, 0, 0, 0, 0, 0, 0, 0, 0, 0, 0, 0]",True
"You know, cos he was like taking the piss out of them and they took the piss out of him.",['taking the piss'],['taking the piss'],True,"['You ', 'know', ', ', 'cos ', 'he ', 'was ', 'like ', 'taking ', 'the ', 'piss ', 'out ', 'of ', 'them ', 'and ', 'they ', 'took ', 'the ', 'piss ', 'out ', 'of ', 'him', '.']","['O', 'O', 'O', 'O', 'O', 'O', 'O', 'B-IDIOM', 'I-IDIOM', 'I-IDIOM', 'O', 'O', 'O', 'O', 'O', 'O', 'O', 'O', 'O', 'O', 'O', 'O']","[0, 0, 0, 0, 0, 0, 0, 1, 2, 2, 0, 0, 0, 0, 0, 0, 0, 0, 0, 0, 0, 0]",True
He's either taking it easy or taking the piss by arriving at the eleventh hour.,['taking the piss'],['taking the piss'],True,"['He', ""'s "", 'either ', 'taking ', 'it ', 'easy ', 'or ', 'taking ', 'the ', 'piss ', 'by ', 'arriving ', 'at ', 'the ', 'eleventh ', 'hour', '.']","['O', 'O', 'O', 'O', 'O', 'O', 'O', 'B-IDIOM', 'I-IDIOM', 'I-IDIOM', 'O', 'O', 'O', 'O', 'O', 'O', 'O']","[0, 0, 0, 0, 0, 0, 0, 1, 2, 2, 0, 0, 0, 0, 0, 0, 0]",True
"If he doesn't win the next round, then his goose is cooked.",['goose is cooked'],['goose is cooked'],True,"['If ', 'he ', 'does', ""n't "", 'win ', 'the ', 'next ', 'round', ', ', 'then ', 'his ', 'goose ', 'is ', 'cooked', '.']","['O', 'O', 'O', 'O', 'O', 'O', 'O', 'O', 'O', 'O', 'O', 'B-IDIOM', 'I-IDIOM', 'I-IDIOM', 'O']","[0, 0, 0, 0, 0, 0, 0, 0, 0, 0, 0, 1, 2, 2, 0]",True
"At first it seemed a good idea, but now it's getting close I'm having second thoughts.",['having second thoughts'],['having second thoughts'],True,"['At ', 'first ', 'it ', 'seemed ', 'a ', 'good ', 'idea', ', ', 'but ', 'now ', 'it', ""'s "", 'getting ', 'close ', 'I', ""'m "", 'having ', 'second ', 'thoughts', '.']","['O', 'O', 'O', 'O', 'O', 'O', 'O', 'O', 'O', 'O', 'O', 'O', 'O', 'O', 'O', 'O', 'B-IDIOM', 'I-IDIOM', 'I-IDIOM', 'O']","[0, 0, 0, 0, 0, 0, 0, 0, 0, 0, 0, 0, 0, 0, 0, 0, 1, 2, 2, 0]",True
I'm about ready to turn into a pumpkin. You can stay up later if you want.,['turn into a pumpkin'],['turn into a pumpkin'],True,"['I', ""'m "", 'about ', 'ready ', 'to ', 'turn ', 'into ', 'a ', 'pumpkin', '. ', 'You ', 'can ', 'stay ', 'up ', 'later ', 'if ', 'you ', 'want', '.']","['O', 'O', 'O', 'O', 'O', 'B-IDIOM', 'I-IDIOM', 'I-IDIOM', 'I-IDIOM', 'O', 'O', 'O', 'O', 'O', 'O', 'O', 'O', 'O', 'O']","[0, 0, 0, 0, 0, 1, 2, 2, 2, 0, 0, 0, 0, 0, 0, 0, 0, 0, 0]",True
"My daughter turns into a pumpkin at 10:00, so you need to have her home before then.",['turns into a pumpkin'],['turns into a pumpkin'],True,"['My ', 'daughter ', 'turns ', 'into ', 'a ', 'pumpkin ', 'at ', '10:00', ', ', 'so ', 'you ', 'need ', 'to ', 'have ', 'her ', 'home ', 'before ', 'then', '.']","['O', 'O', 'B-IDIOM', 'I-IDIOM', 'I-IDIOM', 'I-IDIOM', 'O', 'O', 'O', 'O', 'O', 'O', 'O', 'O', 'O', 'O', 'O', 'O', 'O']","[0, 0, 1, 2, 2, 2, 0, 0, 0, 0, 0, 0, 0, 0, 0, 0, 0, 0, 0]",True
"As you're so tired, why not try to catch forty winks before you leave?",['forty winks'],['forty winks'],True,"['As ', 'you', ""'re "", 'so ', 'tired', ', ', 'why ', 'not ', 'try ', 'to ', 'catch ', 'forty ', 'winks ', 'before ', 'you ', 'leave', '?']","['O', 'O', 'O', 'O', 'O', 'O', 'O', 'O', 'O', 'O', 'O', 'B-IDIOM', 'I-IDIOM', 'O', 'O', 'O', 'O']","[0, 0, 0, 0, 0, 0, 0, 0, 0, 0, 0, 1, 2, 0, 0, 0, 0]",True
He hit the nail on the head when he said the problem was the thermostat.,['hit the nail on the head'],['hit the nail on the head'],True,"['He ', 'hit ', 'the ', 'nail ', 'on ', 'the ', 'head ', 'when ', 'he ', 'said ', 'the ', 'problem ', 'was ', 'the ', 'thermostat', '.']","['O', 'B-IDIOM', 'I-IDIOM', 'I-IDIOM', 'I-IDIOM', 'I-IDIOM', 'I-IDIOM', 'O', 'O', 'O', 'O', 'O', 'O', 'O', 'O', 'O']","[0, 1, 2, 2, 2, 2, 2, 0, 0, 0, 0, 0, 0, 0, 0, 0]",True
"We didn't tell our friends that we were dating, but I think they put two and two together.",['put two and two together'],['put two and two together'],True,"['We ', 'did', ""n't "", 'tell ', 'our ', 'friends ', 'that ', 'we ', 'were ', 'dating', ', ', 'but ', 'I ', 'think ', 'they ', 'put ', 'two ', 'and ', 'two ', 'together', '.']","['O', 'O', 'O', 'O', 'O', 'O', 'O', 'O', 'O', 'O', 'O', 'O', 'O', 'O', 'O', 'B-IDIOM', 'I-IDIOM', 'I-IDIOM', 'I-IDIOM', 'I-IDIOM', 'O']","[0, 0, 0, 0, 0, 0, 0, 0, 0, 0, 0, 0, 0, 0, 0, 1, 2, 2, 2, 2, 0]",True
"Right off the bat, I can see that you need to see a doctor.",['off the bat'],['off the bat'],True,"['Right ', 'off ', 'the ', 'bat', ', ', 'I ', 'can ', 'see ', 'that ', 'you ', 'need ', 'to ', 'see ', 'a ', 'doctor', '.']","['O', 'B-IDIOM', 'I-IDIOM', 'I-IDIOM', 'O', 'O', 'O', 'O', 'O', 'O', 'O', 'O', 'O', 'O', 'O', 'O']","[0, 1, 2, 2, 0, 0, 0, 0, 0, 0, 0, 0, 0, 0, 0, 0]",True
"The patient is feeling a little better, but she's not out of the woods yet.",['out of the woods'],['out of the woods'],True,"['The ', 'patient ', 'is ', 'feeling ', 'a ', 'little ', 'better', ', ', 'but ', 'she', ""'s "", 'not ', 'out ', 'of ', 'the ', 'woods ', 'yet', '.']","['O', 'O', 'O', 'O', 'O', 'O', 'O', 'O', 'O', 'O', 'O', 'O', 'B-IDIOM', 'I-IDIOM', 'I-IDIOM', 'I-IDIOM', 'O', 'O']","[0, 0, 0, 0, 0, 0, 0, 0, 0, 0, 0, 0, 1, 2, 2, 2, 0, 0]",True
The very date which put them beyond the pale as belligerents was that which they seem to have chosen in order to prove what active and valiant soldiers they still remained.,['beyond the pale'],['beyond the pale'],True,"['The ', 'very ', 'date ', 'which ', 'put ', 'them ', 'beyond ', 'the ', 'pale ', 'as ', 'belligerents ', 'was ', 'that ', 'which ', 'they ', 'seem ', 'to ', 'have ', 'chosen ', 'in ', 'order ', 'to ', 'prove ', 'what ', 'active ', 'and ', 'valiant ', 'soldiers ', 'they ', 'still ', 'remained', '.']","['O', 'O', 'O', 'O', 'O', 'O', 'B-IDIOM', 'I-IDIOM', 'I-IDIOM', 'O', 'O', 'O', 'O', 'O', 'O', 'O', 'O', 'O', 'O', 'O', 'O', 'O', 'O', 'O', 'O', 'O', 'O', 'O', 'O', 'O', 'O', 'O']","[0, 0, 0, 0, 0, 0, 1, 2, 2, 0, 0, 0, 0, 0, 0, 0, 0, 0, 0, 0, 0, 0, 0, 0, 0, 0, 0, 0, 0, 0, 0, 0]",True
"I was a burglary detective for three years before I joined the Speaker's Bureau, and you might say I managed to acquire a few things at a five-finger discount, if you catch my drift.",['five - finger discount'],['five - finger discount'],True,"['I ', 'was ', 'a ', 'burglary ', 'detective ', 'for ', 'three ', 'years ', 'before ', 'I ', 'joined ', 'the ', 'Speaker', ""'s "", 'Bureau', ', ', 'and ', 'you ', 'might ', 'say ', 'I ', 'managed ', 'to ', 'acquire ', 'a ', 'few ', 'things ', 'at ', 'a ', 'five', '-', 'finger ', 'discount', ', ', 'if ', 'you ', 'catch ', 'my ', 'drift', '.']","['O', 'O', 'O', 'O', 'O', 'O', 'O', 'O', 'O', 'O', 'O', 'O', 'O', 'O', 'O', 'O', 'O', 'O', 'O', 'O', 'O', 'O', 'O', 'O', 'O', 'O', 'O', 'O', 'O', 'B-IDIOM', 'I-IDIOM', 'I-IDIOM', 'I-IDIOM', 'O', 'O', 'O', 'O', 'O', 'O', 'O']","[0, 0, 0, 0, 0, 0, 0, 0, 0, 0, 0, 0, 0, 0, 0, 0, 0, 0, 0, 0, 0, 0, 0, 0, 0, 0, 0, 0, 0, 1, 2, 2, 2, 0, 0, 0, 0, 0, 0, 0]",True
Winemakers are over the moon to be able to showcase the individual nuances within their vineyards.,['over the moon'],['over the moon'],True,"['Winemakers ', 'are ', 'over ', 'the ', 'moon ', 'to ', 'be ', 'able ', 'to ', 'showcase ', 'the ', 'individual ', 'nuances ', 'within ', 'their ', 'vineyards', '.']","['O', 'O', 'B-IDIOM', 'I-IDIOM', 'I-IDIOM', 'O', 'O', 'O', 'O', 'O', 'O', 'O', 'O', 'O', 'O', 'O', 'O']","[0, 0, 1, 2, 2, 0, 0, 0, 0, 0, 0, 0, 0, 0, 0, 0, 0]",True
The author's novels from her salad years lacked the sophistication and depth of her later works.,['salad years'],['salad years'],True,"['The ', 'author', ""'s "", 'novels ', 'from ', 'her ', 'salad ', 'years ', 'lacked ', 'the ', 'sophistication ', 'and ', 'depth ', 'of ', 'her ', 'later ', 'works', '.']","['O', 'O', 'O', 'O', 'O', 'O', 'B-IDIOM', 'I-IDIOM', 'O', 'O', 'O', 'O', 'O', 'O', 'O', 'O', 'O', 'O']","[0, 0, 0, 0, 0, 0, 1, 2, 0, 0, 0, 0, 0, 0, 0, 0, 0, 0]",True
Harold: How is Sarah? I don't want to jump her while she's on the rag.,['on the rag'],['on the rag'],True,"['Harold', ': ', 'How ', 'is ', 'Sarah', '? ', 'I ', 'do', ""n't "", 'want ', 'to ', 'jump ', 'her ', 'while ', 'she', ""'s "", 'on ', 'the ', 'rag', '.']","['O', 'O', 'O', 'O', 'O', 'O', 'O', 'O', 'O', 'O', 'O', 'O', 'O', 'O', 'O', 'O', 'B-IDIOM', 'I-IDIOM', 'I-IDIOM', 'O']","[0, 0, 0, 0, 0, 0, 0, 0, 0, 0, 0, 0, 0, 0, 0, 0, 1, 2, 2, 0]",True
"He told me who he saw, but it went in one ear and out the other.",['went in one ear and out the other'],['went in one ear and out the other'],True,"['He ', 'told ', 'me ', 'who ', 'he ', 'saw', ', ', 'but ', 'it ', 'went ', 'in ', 'one ', 'ear ', 'and ', 'out ', 'the ', 'other', '.']","['O', 'O', 'O', 'O', 'O', 'O', 'O', 'O', 'O', 'B-IDIOM', 'I-IDIOM', 'I-IDIOM', 'I-IDIOM', 'I-IDIOM', 'I-IDIOM', 'I-IDIOM', 'I-IDIOM', 'O']","[0, 0, 0, 0, 0, 0, 0, 0, 0, 1, 2, 2, 2, 2, 2, 2, 2, 0]",True
"I think I can do it quickly, but the exact schedule is still up in the air.",['up in the air'],['up in the air'],True,"['I ', 'think ', 'I ', 'can ', 'do ', 'it ', 'quickly', ', ', 'but ', 'the ', 'exact ', 'schedule ', 'is ', 'still ', 'up ', 'in ', 'the ', 'air', '.']","['O', 'O', 'O', 'O', 'O', 'O', 'O', 'O', 'O', 'O', 'O', 'O', 'O', 'O', 'B-IDIOM', 'I-IDIOM', 'I-IDIOM', 'I-IDIOM', 'O']","[0, 0, 0, 0, 0, 0, 0, 0, 0, 0, 0, 0, 0, 0, 1, 2, 2, 2, 0]",True
That road comes to a dead end at the lake.,['dead end'],['dead end'],True,"['That ', 'road ', 'comes ', 'to ', 'a ', 'dead ', 'end ', 'at ', 'the ', 'lake', '.']","['O', 'O', 'O', 'O', 'O', 'B-IDIOM', 'I-IDIOM', 'O', 'O', 'O', 'O']","[0, 0, 0, 0, 0, 1, 2, 0, 0, 0, 0]",True
"Aerodynamics, my foot! The thing drives like a billboard.",['my foot'],['my foot'],True,"['Aerodynamics', ', ', 'my ', 'foot', '! ', 'The ', 'thing ', 'drives ', 'like ', 'a ', 'billboard', '.']","['O', 'O', 'B-IDIOM', 'I-IDIOM', 'O', 'O', 'O', 'O', 'O', 'O', 'O', 'O']","[0, 0, 1, 2, 0, 0, 0, 0, 0, 0, 0, 0]",True
Acme's new technology will raise the bar for the entire industry.,['raise the bar'],['raise the bar'],True,"['Acme', ""'s "", 'new ', 'technology ', 'will ', 'raise ', 'the ', 'bar ', 'for ', 'the ', 'entire ', 'industry', '.']","['O', 'O', 'O', 'O', 'O', 'B-IDIOM', 'I-IDIOM', 'I-IDIOM', 'O', 'O', 'O', 'O', 'O']","[0, 0, 0, 0, 0, 1, 2, 2, 0, 0, 0, 0, 0]",True
You can breathe easy knowing that your savings account is insured against loss.,['breathe easy'],['breathe easy'],True,"['You ', 'can ', 'breathe ', 'easy ', 'knowing ', 'that ', 'your ', 'savings ', 'account ', 'is ', 'insured ', 'against ', 'loss', '.']","['O', 'O', 'B-IDIOM', 'I-IDIOM', 'O', 'O', 'O', 'O', 'O', 'O', 'O', 'O', 'O', 'O']","[0, 0, 1, 2, 0, 0, 0, 0, 0, 0, 0, 0, 0, 0]",True
"His new car has all the bells and whistles, but it doesn't move through traffic jams any faster.",['bells and whistles'],['bells and whistles'],True,"['His ', 'new ', 'car ', 'has ', 'all ', 'the ', 'bells ', 'and ', 'whistles', ', ', 'but ', 'it ', 'does', ""n't "", 'move ', 'through ', 'traffic ', 'jams ', 'any ', 'faster', '.']","['O', 'O', 'O', 'O', 'O', 'O', 'B-IDIOM', 'I-IDIOM', 'I-IDIOM', 'O', 'O', 'O', 'O', 'O', 'O', 'O', 'O', 'O', 'O', 'O', 'O']","[0, 0, 0, 0, 0, 0, 1, 2, 2, 0, 0, 0, 0, 0, 0, 0, 0, 0, 0, 0, 0]",True
"You can crank the engine until the cows come home, but it won’t start without fuel.",['until the cows come home'],['until the cows come home'],True,"['You ', 'can ', 'crank ', 'the ', 'engine ', 'until ', 'the ', 'cows ', 'come ', 'home', ', ', 'but ', 'it ', 'wo', 'n’t ', 'start ', 'without ', 'fuel', '.']","['O', 'O', 'O', 'O', 'O', 'B-IDIOM', 'I-IDIOM', 'I-IDIOM', 'I-IDIOM', 'I-IDIOM', 'O', 'O', 'O', 'O', 'O', 'O', 'O', 'O', 'O']","[0, 0, 0, 0, 0, 1, 2, 2, 2, 2, 0, 0, 0, 0, 0, 0, 0, 0, 0]",True
"She's normally a quiet person, but she will talk a blue streak about fashion, if you let her.",['talk a blue streak'],['talk a blue streak'],True,"['She', ""'s "", 'normally ', 'a ', 'quiet ', 'person', ', ', 'but ', 'she ', 'will ', 'talk ', 'a ', 'blue ', 'streak ', 'about ', 'fashion', ', ', 'if ', 'you ', 'let ', 'her', '.']","['O', 'O', 'O', 'O', 'O', 'O', 'O', 'O', 'O', 'O', 'B-IDIOM', 'I-IDIOM', 'I-IDIOM', 'I-IDIOM', 'O', 'O', 'O', 'O', 'O', 'O', 'O', 'O']","[0, 0, 0, 0, 0, 0, 0, 0, 0, 0, 1, 2, 2, 2, 0, 0, 0, 0, 0, 0, 0, 0]",True
Someone really needs to go put the kibosh on that noisy party.,['put the kibosh on'],['put the kibosh on'],True,"['Someone ', 'really ', 'needs ', 'to ', 'go ', 'put ', 'the ', 'kibosh ', 'on ', 'that ', 'noisy ', 'party', '.']","['O', 'O', 'O', 'O', 'O', 'B-IDIOM', 'I-IDIOM', 'I-IDIOM', 'I-IDIOM', 'O', 'O', 'O', 'O']","[0, 0, 0, 0, 0, 1, 2, 2, 2, 0, 0, 0, 0]",True
Everybody and his cousin will be in line for opening night with free popcorn!,['Everybody and his cousin'],['Everybody and his cousin'],True,"['Everybody ', 'and ', 'his ', 'cousin ', 'will ', 'be ', 'in ', 'line ', 'for ', 'opening ', 'night ', 'with ', 'free ', 'popcorn', '!']","['B-IDIOM', 'I-IDIOM', 'I-IDIOM', 'I-IDIOM', 'O', 'O', 'O', 'O', 'O', 'O', 'O', 'O', 'O', 'O', 'O']","[1, 2, 2, 2, 0, 0, 0, 0, 0, 0, 0, 0, 0, 0, 0]",True
"It is difficult, but possible to quit smoking cold turkey.",['cold turkey'],['cold turkey'],True,"['It ', 'is ', 'difficult', ', ', 'but ', 'possible ', 'to ', 'quit ', 'smoking ', 'cold ', 'turkey', '.']","['O', 'O', 'O', 'O', 'O', 'O', 'O', 'O', 'O', 'B-IDIOM', 'I-IDIOM', 'O']","[0, 0, 0, 0, 0, 0, 0, 0, 0, 1, 2, 0]",True
If I had been more on the ball I would have asked when he called me.,['on the ball'],['on the ball'],True,"['If ', 'I ', 'had ', 'been ', 'more ', 'on ', 'the ', 'ball ', 'I ', 'would ', 'have ', 'asked ', 'when ', 'he ', 'called ', 'me', '.']","['O', 'O', 'O', 'O', 'O', 'B-IDIOM', 'I-IDIOM', 'I-IDIOM', 'O', 'O', 'O', 'O', 'O', 'O', 'O', 'O', 'O']","[0, 0, 0, 0, 0, 1, 2, 2, 0, 0, 0, 0, 0, 0, 0, 0, 0]",True
"Be like dad, keep mum.",['keep mum'],['keep mum'],True,"['Be ', 'like ', 'dad', ', ', 'keep ', 'mum', '.']","['O', 'O', 'O', 'O', 'B-IDIOM', 'I-IDIOM', 'O']","[0, 0, 0, 0, 1, 2, 0]",True
Including a few fun details in large group introductions can be a great way to break the ice.,['break the ice'],['break the ice'],True,"['Including ', 'a ', 'few ', 'fun ', 'details ', 'in ', 'large ', 'group ', 'introductions ', 'can ', 'be ', 'a ', 'great ', 'way ', 'to ', 'break ', 'the ', 'ice', '.']","['O', 'O', 'O', 'O', 'O', 'O', 'O', 'O', 'O', 'O', 'O', 'O', 'O', 'O', 'O', 'B-IDIOM', 'I-IDIOM', 'I-IDIOM', 'O']","[0, 0, 0, 0, 0, 0, 0, 0, 0, 0, 0, 0, 0, 0, 0, 1, 2, 2, 0]",True
"The company had engineered plenty of products, but manufacturing them was virgin territory.",['virgin territory'],['virgin territory'],True,"['The ', 'company ', 'had ', 'engineered ', 'plenty ', 'of ', 'products', ', ', 'but ', 'manufacturing ', 'them ', 'was ', 'virgin ', 'territory', '.']","['O', 'O', 'O', 'O', 'O', 'O', 'O', 'O', 'O', 'O', 'O', 'O', 'B-IDIOM', 'I-IDIOM', 'O']","[0, 0, 0, 0, 0, 0, 0, 0, 0, 0, 0, 0, 1, 2, 0]",True
Give me the bigger hammer. This little one just doesn't cut the mustard.,['cut the mustard'],['cut the mustard'],True,"['Give ', 'me ', 'the ', 'bigger ', 'hammer', '. ', 'This ', 'little ', 'one ', 'just ', 'does', ""n't "", 'cut ', 'the ', 'mustard', '.']","['O', 'O', 'O', 'O', 'O', 'O', 'O', 'O', 'O', 'O', 'O', 'O', 'B-IDIOM', 'I-IDIOM', 'I-IDIOM', 'O']","[0, 0, 0, 0, 0, 0, 0, 0, 0, 0, 0, 0, 1, 2, 2, 0]",True
"Our marriage went through a difficult time, but now it is on the mend.",['on the mend'],['on the mend'],True,"['Our ', 'marriage ', 'went ', 'through ', 'a ', 'difficult ', 'time', ', ', 'but ', 'now ', 'it ', 'is ', 'on ', 'the ', 'mend', '.']","['O', 'O', 'O', 'O', 'O', 'O', 'O', 'O', 'O', 'O', 'O', 'O', 'B-IDIOM', 'I-IDIOM', 'I-IDIOM', 'O']","[0, 0, 0, 0, 0, 0, 0, 0, 0, 0, 0, 0, 1, 2, 2, 0]",True
"Among the laundry list of inconveniences most of us can't abide: cold coffee, airport delays, the high price of gasoline.",['laundry list'],['laundry list'],True,"['Among ', 'the ', 'laundry ', 'list ', 'of ', 'inconveniences ', 'most ', 'of ', 'us ', 'ca', ""n't "", 'abide', ': ', 'cold ', 'coffee', ', ', 'airport ', 'delays', ', ', 'the ', 'high ', 'price ', 'of ', 'gasoline', '.']","['O', 'O', 'B-IDIOM', 'I-IDIOM', 'O', 'O', 'O', 'O', 'O', 'O', 'O', 'O', 'O', 'O', 'O', 'O', 'O', 'O', 'O', 'O', 'O', 'O', 'O', 'O', 'O']","[0, 0, 1, 2, 0, 0, 0, 0, 0, 0, 0, 0, 0, 0, 0, 0, 0, 0, 0, 0, 0, 0, 0, 0, 0]",True
I wouldn't trade you away for all the tea in China.,['all the tea in China'],['all the tea in China'],True,"['I ', 'would', ""n't "", 'trade ', 'you ', 'away ', 'for ', 'all ', 'the ', 'tea ', 'in ', 'China', '.']","['O', 'O', 'O', 'O', 'O', 'O', 'O', 'B-IDIOM', 'I-IDIOM', 'I-IDIOM', 'I-IDIOM', 'I-IDIOM', 'O']","[0, 0, 0, 0, 0, 0, 0, 1, 2, 2, 2, 2, 0]",True
He went to school to study math and science and all that jazz.,['all that jazz'],['all that jazz'],True,"['He ', 'went ', 'to ', 'school ', 'to ', 'study ', 'math ', 'and ', 'science ', 'and ', 'all ', 'that ', 'jazz', '.']","['O', 'O', 'O', 'O', 'O', 'O', 'O', 'O', 'O', 'O', 'B-IDIOM', 'I-IDIOM', 'I-IDIOM', 'O']","[0, 0, 0, 0, 0, 0, 0, 0, 0, 0, 1, 2, 2, 0]",True
We went to a karaoke bar and had a barrel of laughs.,['barrel of laughs'],['barrel of laughs'],True,"['We ', 'went ', 'to ', 'a ', 'karaoke ', 'bar ', 'and ', 'had ', 'a ', 'barrel ', 'of ', 'laughs', '.']","['O', 'O', 'O', 'O', 'O', 'O', 'O', 'O', 'O', 'B-IDIOM', 'I-IDIOM', 'I-IDIOM', 'O']","[0, 0, 0, 0, 0, 0, 0, 0, 0, 1, 2, 2, 0]",True
"It's a straightforward job, but it's no bed of roses, with such long hours.",['bed of roses'],['bed of roses'],True,"['It', ""'s "", 'a ', 'straightforward ', 'job', ', ', 'but ', 'it', ""'s "", 'no ', 'bed ', 'of ', 'roses', ', ', 'with ', 'such ', 'long ', 'hours', '.']","['O', 'O', 'O', 'O', 'O', 'O', 'O', 'O', 'O', 'O', 'B-IDIOM', 'I-IDIOM', 'I-IDIOM', 'O', 'O', 'O', 'O', 'O', 'O']","[0, 0, 0, 0, 0, 0, 0, 0, 0, 0, 1, 2, 2, 0, 0, 0, 0, 0, 0]",True
"The government at home, and the people of the colonies, are getting to have bad blood between them.",['bad blood'],['bad blood'],True,"['The ', 'government ', 'at ', 'home', ', ', 'and ', 'the ', 'people ', 'of ', 'the ', 'colonies', ', ', 'are ', 'getting ', 'to ', 'have ', 'bad ', 'blood ', 'between ', 'them', '.']","['O', 'O', 'O', 'O', 'O', 'O', 'O', 'O', 'O', 'O', 'O', 'O', 'O', 'O', 'O', 'O', 'B-IDIOM', 'I-IDIOM', 'O', 'O', 'O']","[0, 0, 0, 0, 0, 0, 0, 0, 0, 0, 0, 0, 0, 0, 0, 0, 1, 2, 0, 0, 0]",True
She's a sharp cookie and will have no trouble seeing a sales pitch for what it is.,['sharp cookie'],['sharp cookie'],True,"['She', ""'s "", 'a ', 'sharp ', 'cookie ', 'and ', 'will ', 'have ', 'no ', 'trouble ', 'seeing ', 'a ', 'sales ', 'pitch ', 'for ', 'what ', 'it ', 'is', '.']","['O', 'O', 'O', 'B-IDIOM', 'I-IDIOM', 'O', 'O', 'O', 'O', 'O', 'O', 'O', 'O', 'O', 'O', 'O', 'O', 'O', 'O']","[0, 0, 0, 1, 2, 0, 0, 0, 0, 0, 0, 0, 0, 0, 0, 0, 0, 0, 0]",True
You're in a bad mood today. What's eating you?,"[""What 's eating you""]","[""What 's eating you""]",True,"['You', ""'re "", 'in ', 'a ', 'bad ', 'mood ', 'today', '. ', 'What', ""'s "", 'eating ', 'you', '?']","['O', 'O', 'O', 'O', 'O', 'O', 'O', 'O', 'B-IDIOM', 'I-IDIOM', 'I-IDIOM', 'I-IDIOM', 'O']","[0, 0, 0, 0, 0, 0, 0, 0, 1, 2, 2, 2, 0]",True
"When the boss assigned the project to Tom, the rest of us were relieved to be off the hook.",['off the hook'],['off the hook'],True,"['When ', 'the ', 'boss ', 'assigned ', 'the ', 'project ', 'to ', 'Tom', ', ', 'the ', 'rest ', 'of ', 'us ', 'were ', 'relieved ', 'to ', 'be ', 'off ', 'the ', 'hook', '.']","['O', 'O', 'O', 'O', 'O', 'O', 'O', 'O', 'O', 'O', 'O', 'O', 'O', 'O', 'O', 'O', 'O', 'B-IDIOM', 'I-IDIOM', 'I-IDIOM', 'O']","[0, 0, 0, 0, 0, 0, 0, 0, 0, 0, 0, 0, 0, 0, 0, 0, 0, 1, 2, 2, 0]",True
We were just standing around shooting the breeze.,['shooting the breeze'],['shooting the breeze'],True,"['We ', 'were ', 'just ', 'standing ', 'around ', 'shooting ', 'the ', 'breeze', '.']","['O', 'O', 'O', 'O', 'O', 'B-IDIOM', 'I-IDIOM', 'I-IDIOM', 'O']","[0, 0, 0, 0, 0, 1, 2, 2, 0]",True
"She was determined to win the contract, by hook or by crook.",['by hook or by crook'],['by hook or by crook'],True,"['She ', 'was ', 'determined ', 'to ', 'win ', 'the ', 'contract', ', ', 'by ', 'hook ', 'or ', 'by ', 'crook', '.']","['O', 'O', 'O', 'O', 'O', 'O', 'O', 'O', 'B-IDIOM', 'I-IDIOM', 'I-IDIOM', 'I-IDIOM', 'I-IDIOM', 'O']","[0, 0, 0, 0, 0, 0, 0, 0, 1, 2, 2, 2, 2, 0]",True
"You can ignore their problems, but you could be in the same boat someday.",['in the same boat'],['in the same boat'],True,"['You ', 'can ', 'ignore ', 'their ', 'problems', ', ', 'but ', 'you ', 'could ', 'be ', 'in ', 'the ', 'same ', 'boat ', 'someday', '.']","['O', 'O', 'O', 'O', 'O', 'O', 'O', 'O', 'O', 'O', 'B-IDIOM', 'I-IDIOM', 'I-IDIOM', 'I-IDIOM', 'O', 'O']","[0, 0, 0, 0, 0, 0, 0, 0, 0, 0, 1, 2, 2, 2, 0, 0]",True
"After a day's worth of events, it came down to one last match; this one was for all the marbles.",['all the marbles'],['all the marbles'],True,"['After ', 'a ', 'day', ""'s "", 'worth ', 'of ', 'events', ', ', 'it ', 'came ', 'down ', 'to ', 'one ', 'last ', 'match', '; ', 'this ', 'one ', 'was ', 'for ', 'all ', 'the ', 'marbles', '.']","['O', 'O', 'O', 'O', 'O', 'O', 'O', 'O', 'O', 'O', 'O', 'O', 'O', 'O', 'O', 'O', 'O', 'O', 'O', 'O', 'B-IDIOM', 'I-IDIOM', 'I-IDIOM', 'O']","[0, 0, 0, 0, 0, 0, 0, 0, 0, 0, 0, 0, 0, 0, 0, 0, 0, 0, 0, 0, 1, 2, 2, 0]",True
"After having shown us three hours of instructional and safety videos, the inspector was simply beating a dead horse by telling us to buckle up as we got into the van.",['beating a dead horse'],['beating a dead horse'],True,"['After ', 'having ', 'shown ', 'us ', 'three ', 'hours ', 'of ', 'instructional ', 'and ', 'safety ', 'videos', ', ', 'the ', 'inspector ', 'was ', 'simply ', 'beating ', 'a ', 'dead ', 'horse ', 'by ', 'telling ', 'us ', 'to ', 'buckle ', 'up ', 'as ', 'we ', 'got ', 'into ', 'the ', 'van', '.']","['O', 'O', 'O', 'O', 'O', 'O', 'O', 'O', 'O', 'O', 'O', 'O', 'O', 'O', 'O', 'O', 'B-IDIOM', 'I-IDIOM', 'I-IDIOM', 'I-IDIOM', 'O', 'O', 'O', 'O', 'O', 'O', 'O', 'O', 'O', 'O', 'O', 'O', 'O']","[0, 0, 0, 0, 0, 0, 0, 0, 0, 0, 0, 0, 0, 0, 0, 0, 1, 2, 2, 2, 0, 0, 0, 0, 0, 0, 0, 0, 0, 0, 0, 0, 0]",True
"As if the hostile takeover weren't enough, to add insult to injury they scrapped ninety percent of our products and replaced them with their own.",['add insult to injury'],['add insult to injury'],True,"['As ', 'if ', 'the ', 'hostile ', 'takeover ', 'were', ""n't "", 'enough', ', ', 'to ', 'add ', 'insult ', 'to ', 'injury ', 'they ', 'scrapped ', 'ninety ', 'percent ', 'of ', 'our ', 'products ', 'and ', 'replaced ', 'them ', 'with ', 'their ', 'own', '.']","['O', 'O', 'O', 'O', 'O', 'O', 'O', 'O', 'O', 'O', 'B-IDIOM', 'I-IDIOM', 'I-IDIOM', 'I-IDIOM', 'O', 'O', 'O', 'O', 'O', 'O', 'O', 'O', 'O', 'O', 'O', 'O', 'O', 'O']","[0, 0, 0, 0, 0, 0, 0, 0, 0, 0, 1, 2, 2, 2, 0, 0, 0, 0, 0, 0, 0, 0, 0, 0, 0, 0, 0, 0]",True
That project is on the back burner until we deal with higher priorities.,['on the back burner'],['on the back burner'],True,"['That ', 'project ', 'is ', 'on ', 'the ', 'back ', 'burner ', 'until ', 'we ', 'deal ', 'with ', 'higher ', 'priorities', '.']","['O', 'O', 'O', 'B-IDIOM', 'I-IDIOM', 'I-IDIOM', 'I-IDIOM', 'O', 'O', 'O', 'O', 'O', 'O', 'O']","[0, 0, 0, 1, 2, 2, 2, 0, 0, 0, 0, 0, 0, 0]",True
These latest modifications are mere window dressing; the same problems remain.,['window dressing'],['window dressing'],True,"['These ', 'latest ', 'modifications ', 'are ', 'mere ', 'window ', 'dressing', '; ', 'the ', 'same ', 'problems ', 'remain', '.']","['O', 'O', 'O', 'O', 'O', 'B-IDIOM', 'I-IDIOM', 'O', 'O', 'O', 'O', 'O', 'O']","[0, 0, 0, 0, 0, 1, 2, 0, 0, 0, 0, 0, 0]",True
"After I hadn’t heard from her in six months, she called me out of the blue to meet for lunch.",['out of the blue'],['out of the blue'],True,"['After ', 'I ', 'had', 'n’t ', 'heard ', 'from ', 'her ', 'in ', 'six ', 'months', ', ', 'she ', 'called ', 'me ', 'out ', 'of ', 'the ', 'blue ', 'to ', 'meet ', 'for ', 'lunch', '.']","['O', 'O', 'O', 'O', 'O', 'O', 'O', 'O', 'O', 'O', 'O', 'O', 'O', 'O', 'B-IDIOM', 'I-IDIOM', 'I-IDIOM', 'I-IDIOM', 'O', 'O', 'O', 'O', 'O']","[0, 0, 0, 0, 0, 0, 0, 0, 0, 0, 0, 0, 0, 0, 1, 2, 2, 2, 0, 0, 0, 0, 0]",True
Let's just say I know because a little bird told me.,['a little bird told me'],['a little bird told me'],True,"['Let', ""'s "", 'just ', 'say ', 'I ', 'know ', 'because ', 'a ', 'little ', 'bird ', 'told ', 'me', '.']","['O', 'O', 'O', 'O', 'O', 'O', 'O', 'B-IDIOM', 'I-IDIOM', 'I-IDIOM', 'I-IDIOM', 'I-IDIOM', 'O']","[0, 0, 0, 0, 0, 0, 0, 1, 2, 2, 2, 2, 0]",True
"Folks in our neighborhood come from every walk of life, prince and pauper, investor and janitor.",['walk of life'],['walk of life'],True,"['Folks ', 'in ', 'our ', 'neighborhood ', 'come ', 'from ', 'every ', 'walk ', 'of ', 'life', ', ', 'prince ', 'and ', 'pauper', ', ', 'investor ', 'and ', 'janitor', '.']","['O', 'O', 'O', 'O', 'O', 'O', 'O', 'B-IDIOM', 'I-IDIOM', 'I-IDIOM', 'O', 'O', 'O', 'O', 'O', 'O', 'O', 'O', 'O']","[0, 0, 0, 0, 0, 0, 0, 1, 2, 2, 0, 0, 0, 0, 0, 0, 0, 0, 0]",True
We're expected to just do it at the drop of a hat.,['at the drop of a hat'],['at the drop of a hat'],True,"['We', ""'re "", 'expected ', 'to ', 'just ', 'do ', 'it ', 'at ', 'the ', 'drop ', 'of ', 'a ', 'hat', '.']","['O', 'O', 'O', 'O', 'O', 'O', 'O', 'B-IDIOM', 'I-IDIOM', 'I-IDIOM', 'I-IDIOM', 'I-IDIOM', 'I-IDIOM', 'O']","[0, 0, 0, 0, 0, 0, 0, 1, 2, 2, 2, 2, 2, 0]",True
They worked around the clock to finish the project on time.,['around the clock'],['around the clock'],True,"['They ', 'worked ', 'around ', 'the ', 'clock ', 'to ', 'finish ', 'the ', 'project ', 'on ', 'time', '.']","['O', 'O', 'B-IDIOM', 'I-IDIOM', 'I-IDIOM', 'O', 'O', 'O', 'O', 'O', 'O', 'O']","[0, 0, 1, 2, 2, 0, 0, 0, 0, 0, 0, 0]",True
Only the top banana can make a decision of that magnitude.,['top banana'],['top banana'],True,"['Only ', 'the ', 'top ', 'banana ', 'can ', 'make ', 'a ', 'decision ', 'of ', 'that ', 'magnitude', '.']","['O', 'O', 'B-IDIOM', 'I-IDIOM', 'O', 'O', 'O', 'O', 'O', 'O', 'O', 'O']","[0, 0, 1, 2, 0, 0, 0, 0, 0, 0, 0, 0]",True
"He was hilarious, and remained the top banana on the tour for years.",['top banana'],['top banana'],True,"['He ', 'was ', 'hilarious', ', ', 'and ', 'remained ', 'the ', 'top ', 'banana ', 'on ', 'the ', 'tour ', 'for ', 'years', '.']","['O', 'O', 'O', 'O', 'O', 'O', 'O', 'B-IDIOM', 'I-IDIOM', 'O', 'O', 'O', 'O', 'O', 'O']","[0, 0, 0, 0, 0, 0, 0, 1, 2, 0, 0, 0, 0, 0, 0]",True
The new chairman is happy to take a back seat when it comes to day-to-day operations.,['take a back seat'],['take a back seat'],True,"['The ', 'new ', 'chairman ', 'is ', 'happy ', 'to ', 'take ', 'a ', 'back ', 'seat ', 'when ', 'it ', 'comes ', 'to ', 'day', '-', 'to', '-', 'day ', 'operations', '.']","['O', 'O', 'O', 'O', 'O', 'O', 'B-IDIOM', 'I-IDIOM', 'I-IDIOM', 'I-IDIOM', 'O', 'O', 'O', 'O', 'O', 'O', 'O', 'O', 'O', 'O', 'O']","[0, 0, 0, 0, 0, 0, 1, 2, 2, 2, 0, 0, 0, 0, 0, 0, 0, 0, 0, 0, 0]",True
