sentence,PIE,is_figurative,variant_number,Valid?,variant_sentence,tokens,tags,tag_ids,true_idioms
Hör’ jetzt endlich auf die beleidigte Leberwurst zu spielen.,['beleidigte Leberwurst'],TRUE,1,V,"In unserem absurden Theaterstück ist das deine zugewiesene Rolle, aber du bist selbst unzufrieden und schmollst nur in der Ecke, hör’ jetzt endlich auf die beleidigte Leberwurst zu spielen.","['In', 'unserem', 'absurden', 'Theaterstück', 'ist', 'das', 'deine', 'zugewiesene', 'Rolle', ',', 'aber', 'du', 'bist', 'selbst', 'unzufrieden', 'und', 'schmollst', 'nur', 'in', 'der', 'Ecke', ',', 'hör', '’', 'jetzt', 'endlich', 'auf', 'die', 'beleidigte', 'Leberwurst', 'zu', 'spielen', '.']","['O', 'O', 'O', 'O', 'O', 'O', 'O', 'O', 'O', 'O', 'O', 'O', 'O', 'O', 'O', 'O', 'O', 'O', 'O', 'O', 'O', 'O', 'O', 'O', 'O', 'O', 'O', 'O', 'B-IDIOM', 'I-IDIOM', 'O', 'O', 'O']","[0, 0, 0, 0, 0, 0, 0, 0, 0, 0, 0, 0, 0, 0, 0, 0, 0, 0, 0, 0, 0, 0, 0, 0, 0, 0, 0, 0, 1, 2, 0, 0, 0]",['beleidigte Leberwurst']
Hör’ jetzt endlich auf die beleidigte Leberwurst zu spielen.,['beleidigte Leberwurst'],TRUE,2,V,"Beim Scharade-Spielen ist das der Begriff, den du darstellen sollst, doch anstatt es richtig zu versuchen, wirst du nur wütend auf das ratende Team, hör’ jetzt endlich auf die beleidigte Leberwurst zu spielen.","['Beim', 'Scharade', '-', 'Spielen', 'ist', 'das', 'der', 'Begriff', ',', 'den', 'du', 'darstellen', 'sollst', ',', 'doch', 'anstatt', 'es', 'richtig', 'zu', 'versuchen', ',', 'wirst', 'du', 'nur', 'wütend', 'auf', 'das', 'ratende', 'Team', ',', 'hör', '’', 'jetzt', 'endlich', 'auf', 'die', 'beleidigte', 'Leberwurst', 'zu', 'spielen', '.']","['O', 'O', 'O', 'O', 'O', 'O', 'O', 'O', 'O', 'O', 'O', 'O', 'O', 'O', 'O', 'O', 'O', 'O', 'O', 'O', 'O', 'O', 'O', 'O', 'O', 'O', 'O', 'O', 'O', 'O', 'O', 'O', 'O', 'O', 'O', 'O', 'B-IDIOM', 'I-IDIOM', 'O', 'O', 'O']","[0, 0, 0, 0, 0, 0, 0, 0, 0, 0, 0, 0, 0, 0, 0, 0, 0, 0, 0, 0, 0, 0, 0, 0, 0, 0, 0, 0, 0, 0, 0, 0, 0, 0, 0, 0, 1, 2, 0, 0, 0]",['beleidigte Leberwurst']
Hör’ jetzt endlich auf die beleidigte Leberwurst zu spielen.,['beleidigte Leberwurst'],TRUE,3,X,"Für die neue Werbekampagne unserer Metzgerei wurdest du als Maskottchen engagiert, aber du bist sichtlich genervt von dem Kostüm, hör’ jetzt endlich auf die beleidigte Leberwurst zu spielen.","['Für', 'die', 'neue', 'Werbekampagne', 'unserer', 'Metzgerei', 'wurdest', 'du', 'als', 'Maskottchen', 'engagiert', ',', 'aber', 'du', 'bist', 'sichtlich', 'genervt', 'von', 'dem', 'Kostüm', ',', 'hör', '’', 'jetzt', 'endlich', 'auf', 'die', 'beleidigte', 'Leberwurst', 'zu', 'spielen', '.']","['O', 'O', 'O', 'O', 'O', 'O', 'O', 'O', 'O', 'O', 'O', 'O', 'O', 'O', 'O', 'O', 'O', 'O', 'O', 'O', 'O', 'O', 'O', 'O', 'O', 'O', 'O', 'B-IDIOM', 'I-IDIOM', 'O', 'O', 'O']","[0, 0, 0, 0, 0, 0, 0, 0, 0, 0, 0, 0, 0, 0, 0, 0, 0, 0, 0, 0, 0, 0, 0, 0, 0, 0, 0, 1, 2, 0, 0, 0]",['beleidigte Leberwurst']
Hör’ jetzt endlich auf die beleidigte Leberwurst zu spielen.,['beleidigte Leberwurst'],TRUE,4,V,"In dieser Therapiesitzung geht es darum, Gefühle durch Rollenspiele auszudrücken, aber du weigerst dich teilzunehmen und schweigst nur bockig, hör’ jetzt endlich auf die beleidigte Leberwurst zu spielen.","['In', 'dieser', 'Therapiesitzung', 'geht', 'es', 'darum', ',', 'Gefühle', 'durch', 'Rollenspiele', 'auszudrücken', ',', 'aber', 'du', 'weigerst', 'dich', 'teilzunehmen', 'und', 'schweigst', 'nur', 'bockig', ',', 'hör', '’', 'jetzt', 'endlich', 'auf', 'die', 'beleidigte', 'Leberwurst', 'zu', 'spielen', '.']","['O', 'O', 'O', 'O', 'O', 'O', 'O', 'O', 'O', 'O', 'O', 'O', 'O', 'O', 'O', 'O', 'O', 'O', 'O', 'O', 'O', 'O', 'O', 'O', 'O', 'O', 'O', 'O', 'B-IDIOM', 'I-IDIOM', 'O', 'O', 'O']","[0, 0, 0, 0, 0, 0, 0, 0, 0, 0, 0, 0, 0, 0, 0, 0, 0, 0, 0, 0, 0, 0, 0, 0, 0, 0, 0, 0, 1, 2, 0, 0, 0]",['beleidigte Leberwurst']
Hör’ jetzt endlich auf die beleidigte Leberwurst zu spielen.,['beleidigte Leberwurst'],TRUE,5,X,"Anstatt mit der Wurstfigur eine lustige Szene für unser Puppentheater aufzuführen, lässt du sie nur regungslos dasitzen und bist selbst eingeschnappt, hör’ jetzt endlich auf die beleidigte Leberwurst zu spielen.","['Anstatt', 'mit', 'der', 'Wurstfigur', 'eine', 'lustige', 'Szene', 'für', 'unser', 'Puppentheater', 'aufzuführen', ',', 'lässt', 'du', 'sie', 'nur', 'regungslos', 'dasitzen', 'und', 'bist', 'selbst', 'eingeschnappt', ',', 'hör', '’', 'jetzt', 'endlich', 'auf', 'die', 'beleidigte', 'Leberwurst', 'zu', 'spielen', '.']","['O', 'O', 'O', 'O', 'O', 'O', 'O', 'O', 'O', 'O', 'O', 'O', 'O', 'O', 'O', 'O', 'O', 'O', 'O', 'O', 'O', 'O', 'O', 'O', 'O', 'O', 'O', 'O', 'O', 'B-IDIOM', 'I-IDIOM', 'O', 'O', 'O']","[0, 0, 0, 0, 0, 0, 0, 0, 0, 0, 0, 0, 0, 0, 0, 0, 0, 0, 0, 0, 0, 0, 0, 0, 0, 0, 0, 0, 0, 1, 2, 0, 0, 0]",['beleidigte Leberwurst']
Gegenseitiges Verstehen ist die halbe Miete! Zum Thema Verständigung mit deinem Welpen und somit auch mit deinem später erwachsenen Hund ist noch einiges zu sagen.,['halbe Miete'],TRUE,1,V,"Bei den Verhandlungen mit dem Vermieter, der wegen des Hundes Bedenken hatte, haben wir betont, dass eine gute Erziehung Schäden vermeidet und die pünktliche Zahlung sichert, denn gegenseitiges Verstehen ist die halbe Miete! Zum Thema Verständigung mit deinem Welpen und somit auch mit deinem später erwachsenen Hund ist noch einiges zu sagen.","['Bei', 'den', 'Verhandlungen', 'mit', 'dem', 'Vermieter', ',', 'der', 'wegen', 'des', 'Hundes', 'Bedenken', 'hatte', ',', 'haben', 'wir', 'betont', ',', 'dass', 'eine', 'gute', 'Erziehung', 'Schäden', 'vermeidet', 'und', 'die', 'pünktliche', 'Zahlung', 'sichert', ',', 'denn', 'gegenseitiges', 'Verstehen', 'ist', 'die', 'halbe', 'Miete', '!', 'Zum', 'Thema', 'Verständigung', 'mit', 'deinem', 'Welpen', 'und', 'somit', 'auch', 'mit', 'deinem', 'später', 'erwachsenen', 'Hund', 'ist', 'noch', 'einiges', 'zu', 'sagen', '.']","['O', 'O', 'O', 'O', 'O', 'O', 'O', 'O', 'O', 'O', 'O', 'O', 'O', 'O', 'O', 'O', 'O', 'O', 'O', 'O', 'O', 'O', 'O', 'O', 'O', 'O', 'O', 'O', 'O', 'O', 'O', 'O', 'O', 'O', 'O', 'B-IDIOM', 'I-IDIOM', 'O', 'O', 'O', 'O', 'O', 'O', 'O', 'O', 'O', 'O', 'O', 'O', 'O', 'O', 'O', 'O', 'O', 'O', 'O', 'O', 'O']","[0, 0, 0, 0, 0, 0, 0, 0, 0, 0, 0, 0, 0, 0, 0, 0, 0, 0, 0, 0, 0, 0, 0, 0, 0, 0, 0, 0, 0, 0, 0, 0, 0, 0, 0, 1, 2, 0, 0, 0, 0, 0, 0, 0, 0, 0, 0, 0, 0, 0, 0, 0, 0, 0, 0, 0, 0, 0]",['halbe Miete']
Gegenseitiges Verstehen ist die halbe Miete! Zum Thema Verständigung mit deinem Welpen und somit auch mit deinem später erwachsenen Hund ist noch einiges zu sagen.,['halbe Miete'],TRUE,2,V,"Als wir den Mietvertrag für unsere erste gemeinsame Wohnung unterschrieben und gleichzeitig den Welpen adoptierten, wussten wir, dass klare Absprachen über Kosten und Pflichten entscheidend sein würden, denn gegenseitiges Verstehen ist die halbe Miete! Zum Thema Verständigung mit deinem Welpen und somit auch mit deinem später erwachsenen Hund ist noch einiges zu sagen.","['Als', 'wir', 'den', 'Mietvertrag', 'für', 'unsere', 'erste', 'gemeinsame', 'Wohnung', 'unterschrieben', 'und', 'gleichzeitig', 'den', 'Welpen', 'adoptierten', ',', 'wussten', 'wir', ',', 'dass', 'klare', 'Absprachen', 'über', 'Kosten', 'und', 'Pflichten', 'entscheidend', 'sein', 'würden', ',', 'denn', 'gegenseitiges', 'Verstehen', 'ist', 'die', 'halbe', 'Miete', '!', 'Zum', 'Thema', 'Verständigung', 'mit', 'deinem', 'Welpen', 'und', 'somit', 'auch', 'mit', 'deinem', 'später', 'erwachsenen', 'Hund', 'ist', 'noch', 'einiges', 'zu', 'sagen', '.']","['O', 'O', 'O', 'O', 'O', 'O', 'O', 'O', 'O', 'O', 'O', 'O', 'O', 'O', 'O', 'O', 'O', 'O', 'O', 'O', 'O', 'O', 'O', 'O', 'O', 'O', 'O', 'O', 'O', 'O', 'O', 'O', 'O', 'O', 'O', 'B-IDIOM', 'I-IDIOM', 'O', 'O', 'O', 'O', 'O', 'O', 'O', 'O', 'O', 'O', 'O', 'O', 'O', 'O', 'O', 'O', 'O', 'O', 'O', 'O', 'O']","[0, 0, 0, 0, 0, 0, 0, 0, 0, 0, 0, 0, 0, 0, 0, 0, 0, 0, 0, 0, 0, 0, 0, 0, 0, 0, 0, 0, 0, 0, 0, 0, 0, 0, 0, 1, 2, 0, 0, 0, 0, 0, 0, 0, 0, 0, 0, 0, 0, 0, 0, 0, 0, 0, 0, 0, 0, 0]",['halbe Miete']
Gegenseitiges Verstehen ist die halbe Miete! Zum Thema Verständigung mit deinem Welpen und somit auch mit deinem später erwachsenen Hund ist noch einiges zu sagen.,['halbe Miete'],TRUE,3,X,"Nachdem wir die hohen Kosten für unsere neue Wohnung und die zusätzlichen Ausgaben für den Welpen kalkuliert hatten, war klar, dass wir nur durch enge Zusammenarbeit über die Runden kommen, weshalb gegenseitiges Verstehen ist die halbe Miete! Zum Thema Verständigung mit deinem Welpen und somit auch mit deinem später erwachsenen Hund ist noch einiges zu sagen.","['Nachdem', 'wir', 'die', 'hohen', 'Kosten', 'für', 'unsere', 'neue', 'Wohnung', 'und', 'die', 'zusätzlichen', 'Ausgaben', 'für', 'den', 'Welpen', 'kalkuliert', 'hatten', ',', 'war', 'klar', ',', 'dass', 'wir', 'nur', 'durch', 'enge', 'Zusammenarbeit', 'über', 'die', 'Runden', 'kommen', ',', 'weshalb', 'gegenseitiges', 'Verstehen', 'ist', 'die', 'halbe', 'Miete', '!', 'Zum', 'Thema', 'Verständigung', 'mit', 'deinem', 'Welpen', 'und', 'somit', 'auch', 'mit', 'deinem', 'später', 'erwachsenen', 'Hund', 'ist', 'noch', 'einiges', 'zu', 'sagen', '.']","['O', 'O', 'O', 'O', 'O', 'O', 'O', 'O', 'O', 'O', 'O', 'O', 'O', 'O', 'O', 'O', 'O', 'O', 'O', 'O', 'O', 'O', 'O', 'O', 'O', 'O', 'O', 'O', 'O', 'O', 'O', 'O', 'O', 'O', 'O', 'O', 'O', 'O', 'B-IDIOM', 'I-IDIOM', 'O', 'O', 'O', 'O', 'O', 'O', 'O', 'O', 'O', 'O', 'O', 'O', 'O', 'O', 'O', 'O', 'O', 'O', 'O', 'O', 'O']","[0, 0, 0, 0, 0, 0, 0, 0, 0, 0, 0, 0, 0, 0, 0, 0, 0, 0, 0, 0, 0, 0, 0, 0, 0, 0, 0, 0, 0, 0, 0, 0, 0, 0, 0, 0, 0, 0, 1, 2, 0, 0, 0, 0, 0, 0, 0, 0, 0, 0, 0, 0, 0, 0, 0, 0, 0, 0, 0, 0, 0]",['halbe Miete']
Gegenseitiges Verstehen ist die halbe Miete! Zum Thema Verständigung mit deinem Welpen und somit auch mit deinem später erwachsenen Hund ist noch einiges zu sagen.,['halbe Miete'],TRUE,4,V,"Für unsere Hundetagesstätte zahlen wir eine erhebliche Pacht, und der Erfolg, der diese Kosten deckt, hängt vollständig von unserem Umgang mit den Tieren ab, daher gilt: gegenseitiges Verstehen ist die halbe Miete! Zum Thema Verständigung mit deinem Welpen und somit auch mit deinem später erwachsenen Hund ist noch einiges zu sagen.","['Für', 'unsere', 'Hundetagesstätte', 'zahlen', 'wir', 'eine', 'erhebliche', 'Pacht', ',', 'und', 'der', 'Erfolg', ',', 'der', 'diese', 'Kosten', 'deckt', ',', 'hängt', 'vollständig', 'von', 'unserem', 'Umgang', 'mit', 'den', 'Tieren', 'ab', ',', 'daher', 'gilt', ':', 'gegenseitiges', 'Verstehen', 'ist', 'die', 'halbe', 'Miete', '!', 'Zum', 'Thema', 'Verständigung', 'mit', 'deinem', 'Welpen', 'und', 'somit', 'auch', 'mit', 'deinem', 'später', 'erwachsenen', 'Hund', 'ist', 'noch', 'einiges', 'zu', 'sagen', '.']","['O', 'O', 'O', 'O', 'O', 'O', 'O', 'O', 'O', 'O', 'O', 'O', 'O', 'O', 'O', 'O', 'O', 'O', 'O', 'O', 'O', 'O', 'O', 'O', 'O', 'O', 'O', 'O', 'O', 'O', 'O', 'O', 'O', 'O', 'O', 'B-IDIOM', 'I-IDIOM', 'O', 'O', 'O', 'O', 'O', 'O', 'O', 'O', 'O', 'O', 'O', 'O', 'O', 'O', 'O', 'O', 'O', 'O', 'O', 'O', 'O']","[0, 0, 0, 0, 0, 0, 0, 0, 0, 0, 0, 0, 0, 0, 0, 0, 0, 0, 0, 0, 0, 0, 0, 0, 0, 0, 0, 0, 0, 0, 0, 0, 0, 0, 0, 1, 2, 0, 0, 0, 0, 0, 0, 0, 0, 0, 0, 0, 0, 0, 0, 0, 0, 0, 0, 0, 0, 0]",['halbe Miete']
Gegenseitiges Verstehen ist die halbe Miete! Zum Thema Verständigung mit deinem Welpen und somit auch mit deinem später erwachsenen Hund ist noch einiges zu sagen.,['halbe Miete'],TRUE,5,EXTRA,"Nachdem mein Mitbewohner und ich wochenlang über die Aufteilung der Haushaltskosten gestritten hatten, brachte der neue Welpe uns dazu, endlich aufeinander einzugehen, denn gegenseitiges Verstehen ist die halbe Miete! Zum Thema Verständigung mit deinem Welpen und somit auch mit deinem später erwachsenen Hund ist noch einiges zu sagen.","['Nachdem', 'mein', 'Mitbewohner', 'und', 'ich', 'wochenlang', 'über', 'die', 'Aufteilung', 'der', 'Haushaltskosten', 'gestritten', 'hatten', ',', 'brachte', 'der', 'neue', 'Welpe', 'uns', 'dazu', ',', 'endlich', 'aufeinander', 'einzugehen', ',', 'denn', 'gegenseitiges', 'Verstehen', 'ist', 'die', 'halbe', 'Miete', '!', 'Zum', 'Thema', 'Verständigung', 'mit', 'deinem', 'Welpen', 'und', 'somit', 'auch', 'mit', 'deinem', 'später', 'erwachsenen', 'Hund', 'ist', 'noch', 'einiges', 'zu', 'sagen', '.']","['O', 'O', 'O', 'O', 'O', 'O', 'O', 'O', 'O', 'O', 'O', 'O', 'O', 'O', 'O', 'O', 'O', 'O', 'O', 'O', 'O', 'O', 'O', 'O', 'O', 'O', 'O', 'O', 'O', 'O', 'B-IDIOM', 'I-IDIOM', 'O', 'O', 'O', 'O', 'O', 'O', 'O', 'O', 'O', 'O', 'O', 'O', 'O', 'O', 'O', 'O', 'O', 'O', 'O', 'O', 'O']","[0, 0, 0, 0, 0, 0, 0, 0, 0, 0, 0, 0, 0, 0, 0, 0, 0, 0, 0, 0, 0, 0, 0, 0, 0, 0, 0, 0, 0, 0, 1, 2, 0, 0, 0, 0, 0, 0, 0, 0, 0, 0, 0, 0, 0, 0, 0, 0, 0, 0, 0, 0, 0]",['halbe Miete']
"Die Praxis scheint um 1847 in Ungnade gefallen zu sein, als Dewees vorschlug, dass eine Krankenschwester oder ein anderer Fachmann für diese Aufgabe eher geeignet sei als ein Tier.",['in Ungnade gefallen'],TRUE,1,V,"Beim Studium der topografischen Medizingeschichte, die ein abgelegenes Sanatorium in einem Tal namens Ungnade erwähnte, in dem umstrittene Methoden angewandt wurden, die Praxis scheint um 1847 in Ungnade gefallen zu sein, als Dewees vorschlug, dass eine Krankenschwester oder ein anderer Fachmann für diese Aufgabe eher geeignet sei als ein Tier.","['Beim', 'Studium', 'der', 'topografischen', 'Medizingeschichte', ',', 'die', 'ein', 'abgelegenes', 'Sanatorium', 'in', 'einem', 'Tal', 'namens', 'Ungnade', 'erwähnte', ',', 'in', 'dem', 'umstrittene', 'Methoden', 'angewandt', 'wurden', ',', 'die', 'Praxis', 'scheint', 'um', '1847', 'in', 'Ungnade', 'gefallen', 'zu', 'sein', ',', 'als', 'Dewees', 'vorschlug', ',', 'dass', 'eine', 'Krankenschwester', 'oder', 'ein', 'anderer', 'Fachmann', 'für', 'diese', 'Aufgabe', 'eher', 'geeignet', 'sei', 'als', 'ein', 'Tier', '.']","['O', 'O', 'O', 'O', 'O', 'O', 'O', 'O', 'O', 'O', 'O', 'O', 'O', 'O', 'O', 'O', 'O', 'O', 'O', 'O', 'O', 'O', 'O', 'O', 'O', 'O', 'O', 'O', 'O', 'B-IDIOM', 'I-IDIOM', 'I-IDIOM', 'O', 'O', 'O', 'O', 'O', 'O', 'O', 'O', 'O', 'O', 'O', 'O', 'O', 'O', 'O', 'O', 'O', 'O', 'O', 'O', 'O', 'O', 'O', 'O']","[0, 0, 0, 0, 0, 0, 0, 0, 0, 0, 0, 0, 0, 0, 0, 0, 0, 0, 0, 0, 0, 0, 0, 0, 0, 0, 0, 0, 0, 1, 2, 2, 0, 0, 0, 0, 0, 0, 0, 0, 0, 0, 0, 0, 0, 0, 0, 0, 0, 0, 0, 0, 0, 0, 0, 0]",['in Ungnade gefallen']
"Die Praxis scheint um 1847 in Ungnade gefallen zu sein, als Dewees vorschlug, dass eine Krankenschwester oder ein anderer Fachmann für diese Aufgabe eher geeignet sei als ein Tier.",['in Ungnade gefallen'],TRUE,2,V,"Der Bericht beschrieb nicht nur die ethischen Bedenken, sondern auch den physischen Zusammenbruch des speziell angefertigten Behandlungsstuhls, der ohne Anmut zu Boden krachte, weshalb die Praxis scheint um 1847 in Ungnade gefallen zu sein, als Dewees vorschlug, dass eine Krankenschwester oder ein anderer Fachmann für diese Aufgabe eher geeignet sei als ein Tier.","['Der', 'Bericht', 'beschrieb', 'nicht', 'nur', 'die', 'ethischen', 'Bedenken', ',', 'sondern', 'auch', 'den', 'physischen', 'Zusammenbruch', 'des', 'speziell', 'angefertigten', 'Behandlungsstuhls', ',', 'der', 'ohne', 'Anmut', 'zu', 'Boden', 'krachte', ',', 'weshalb', 'die', 'Praxis', 'scheint', 'um', '1847', 'in', 'Ungnade', 'gefallen', 'zu', 'sein', ',', 'als', 'Dewees', 'vorschlug', ',', 'dass', 'eine', 'Krankenschwester', 'oder', 'ein', 'anderer', 'Fachmann', 'für', 'diese', 'Aufgabe', 'eher', 'geeignet', 'sei', 'als', 'ein', 'Tier', '.']","['O', 'O', 'O', 'O', 'O', 'O', 'O', 'O', 'O', 'O', 'O', 'O', 'O', 'O', 'O', 'O', 'O', 'O', 'O', 'O', 'O', 'O', 'O', 'O', 'O', 'O', 'O', 'O', 'O', 'O', 'O', 'O', 'B-IDIOM', 'I-IDIOM', 'I-IDIOM', 'O', 'O', 'O', 'O', 'O', 'O', 'O', 'O', 'O', 'O', 'O', 'O', 'O', 'O', 'O', 'O', 'O', 'O', 'O', 'O', 'O', 'O', 'O', 'O']","[0, 0, 0, 0, 0, 0, 0, 0, 0, 0, 0, 0, 0, 0, 0, 0, 0, 0, 0, 0, 0, 0, 0, 0, 0, 0, 0, 0, 0, 0, 0, 0, 1, 2, 2, 0, 0, 0, 0, 0, 0, 0, 0, 0, 0, 0, 0, 0, 0, 0, 0, 0, 0, 0, 0, 0, 0, 0, 0]",['in Ungnade gefallen']
"Die Praxis scheint um 1847 in Ungnade gefallen zu sein, als Dewees vorschlug, dass eine Krankenschwester oder ein anderer Fachmann für diese Aufgabe eher geeignet sei als ein Tier.",['in Ungnade gefallen'],TRUE,3,V,"In der Chronik wurde ein Vorfall vermerkt, bei dem der prominenteste Verfechter der Methode bei einer Vorführung unglücklich von einer Bühne stürzte, was von Gegnern als schlechtes Omen interpretiert wurde, sodass die Praxis scheint um 1847 in Ungnade gefallen zu sein, als Dewees vorschlug, dass eine Krankenschwester oder ein anderer Fachmann für diese Aufgabe eher geeignet sei als ein Tier.","['In', 'der', 'Chronik', 'wurde', 'ein', 'Vorfall', 'vermerkt', ',', 'bei', 'dem', 'der', 'prominenteste', 'Verfechter', 'der', 'Methode', 'bei', 'einer', 'Vorführung', 'unglücklich', 'von', 'einer', 'Bühne', 'stürzte', ',', 'was', 'von', 'Gegnern', 'als', 'schlechtes', 'Omen', 'interpretiert', 'wurde', ',', 'sodass', 'die', 'Praxis', 'scheint', 'um', '1847', 'in', 'Ungnade', 'gefallen', 'zu', 'sein', ',', 'als', 'Dewees', 'vorschlug', ',', 'dass', 'eine', 'Krankenschwester', 'oder', 'ein', 'anderer', 'Fachmann', 'für', 'diese', 'Aufgabe', 'eher', 'geeignet', 'sei', 'als', 'ein', 'Tier', '.']","['O', 'O', 'O', 'O', 'O', 'O', 'O', 'O', 'O', 'O', 'O', 'O', 'O', 'O', 'O', 'O', 'O', 'O', 'O', 'O', 'O', 'O', 'O', 'O', 'O', 'O', 'O', 'O', 'O', 'O', 'O', 'O', 'O', 'O', 'O', 'O', 'O', 'O', 'O', 'B-IDIOM', 'I-IDIOM', 'I-IDIOM', 'O', 'O', 'O', 'O', 'O', 'O', 'O', 'O', 'O', 'O', 'O', 'O', 'O', 'O', 'O', 'O', 'O', 'O', 'O', 'O', 'O', 'O', 'O', 'O']","[0, 0, 0, 0, 0, 0, 0, 0, 0, 0, 0, 0, 0, 0, 0, 0, 0, 0, 0, 0, 0, 0, 0, 0, 0, 0, 0, 0, 0, 0, 0, 0, 0, 0, 0, 0, 0, 0, 0, 1, 2, 2, 0, 0, 0, 0, 0, 0, 0, 0, 0, 0, 0, 0, 0, 0, 0, 0, 0, 0, 0, 0, 0, 0, 0, 0]",['in Ungnade gefallen']
"Die Praxis scheint um 1847 in Ungnade gefallen zu sein, als Dewees vorschlug, dass eine Krankenschwester oder ein anderer Fachmann für diese Aufgabe eher geeignet sei als ein Tier.",['in Ungnade gefallen'],TRUE,4,X,"Die Korrespondenz zwischen den Ärzten nutzte oft den Ausdruck 'der Fall nach Ungnade', um sowohl den tatsächlichen Umzug einer Klinik in einen weniger angesehenen Bezirk als auch den schwindenden Ruf der Methode zu beschreiben, und in diesem Doppelsinn die Praxis scheint um 1847 in Ungnade gefallen zu sein, als Dewees vorschlug, dass eine Krankenschwester oder ein anderer Fachmann für diese Aufgabe eher geeignet sei als ein Tier.","['Die', 'Korrespondenz', 'zwischen', 'den', 'Ärzten', 'nutzte', 'oft', 'den', 'Ausdruck', ""'"", 'der', 'Fall', 'nach', 'Ungnade', ""'"", ',', 'um', 'sowohl', 'den', 'tatsächlichen', 'Umzug', 'einer', 'Klinik', 'in', 'einen', 'weniger', 'angesehenen', 'Bezirk', 'als', 'auch', 'den', 'schwindenden', 'Ruf', 'der', 'Methode', 'zu', 'beschreiben', ',', 'und', 'in', 'diesem', 'Doppelsinn', 'die', 'Praxis', 'scheint', 'um', '1847', 'in', 'Ungnade', 'gefallen', 'zu', 'sein', ',', 'als', 'Dewees', 'vorschlug', ',', 'dass', 'eine', 'Krankenschwester', 'oder', 'ein', 'anderer', 'Fachmann', 'für', 'diese', 'Aufgabe', 'eher', 'geeignet', 'sei', 'als', 'ein', 'Tier', '.']","['O', 'O', 'O', 'O', 'O', 'O', 'O', 'O', 'O', 'O', 'O', 'O', 'O', 'O', 'O', 'O', 'O', 'O', 'O', 'O', 'O', 'O', 'O', 'O', 'O', 'O', 'O', 'O', 'O', 'O', 'O', 'O', 'O', 'O', 'O', 'O', 'O', 'O', 'O', 'O', 'O', 'O', 'O', 'O', 'O', 'O', 'O', 'B-IDIOM', 'I-IDIOM', 'I-IDIOM', 'O', 'O', 'O', 'O', 'O', 'O', 'O', 'O', 'O', 'O', 'O', 'O', 'O', 'O', 'O', 'O', 'O', 'O', 'O', 'O', 'O', 'O', 'O', 'O']","[0, 0, 0, 0, 0, 0, 0, 0, 0, 0, 0, 0, 0, 0, 0, 0, 0, 0, 0, 0, 0, 0, 0, 0, 0, 0, 0, 0, 0, 0, 0, 0, 0, 0, 0, 0, 0, 0, 0, 0, 0, 0, 0, 0, 0, 0, 0, 1, 2, 2, 0, 0, 0, 0, 0, 0, 0, 0, 0, 0, 0, 0, 0, 0, 0, 0, 0, 0, 0, 0, 0, 0, 0, 0]",['in Ungnade gefallen']
"Die Praxis scheint um 1847 in Ungnade gefallen zu sein, als Dewees vorschlug, dass eine Krankenschwester oder ein anderer Fachmann für diese Aufgabe eher geeignet sei als ein Tier.",['in Ungnade gefallen'],TRUE,5,X,"In der Analyse eines allegorischen Theaterstücks über medizinischen Fortschritt, in dem eine Figur namens 'Alte Sitte' buchstäblich in eine Bühnenvertiefung mit der Aufschrift 'Ungnade' stürzt, die Praxis scheint um 1847 in Ungnade gefallen zu sein, als Dewees vorschlug, dass eine Krankenschwester oder ein anderer Fachmann für diese Aufgabe eher geeignet sei als ein Tier.","['In', 'der', 'Analyse', 'eines', 'allegorischen', 'Theaterstücks', 'über', 'medizinischen', 'Fortschritt', ',', 'in', 'dem', 'eine', 'Figur', 'namens', ""'"", 'Alte', 'Sitte', ""'"", 'buchstäblich', 'in', 'eine', 'Bühnenvertiefung', 'mit', 'der', 'Aufschrift', ""'"", 'Ungnade', ""'"", 'stürzt', ',', 'die', 'Praxis', 'scheint', 'um', '1847', 'in', 'Ungnade', 'gefallen', 'zu', 'sein', ',', 'als', 'Dewees', 'vorschlug', ',', 'dass', 'eine', 'Krankenschwester', 'oder', 'ein', 'anderer', 'Fachmann', 'für', 'diese', 'Aufgabe', 'eher', 'geeignet', 'sei', 'als', 'ein', 'Tier', '.']","['O', 'O', 'O', 'O', 'O', 'O', 'O', 'O', 'O', 'O', 'O', 'O', 'O', 'O', 'O', 'O', 'O', 'O', 'O', 'O', 'O', 'O', 'O', 'O', 'O', 'O', 'O', 'O', 'O', 'O', 'O', 'O', 'O', 'O', 'O', 'O', 'B-IDIOM', 'I-IDIOM', 'I-IDIOM', 'O', 'O', 'O', 'O', 'O', 'O', 'O', 'O', 'O', 'O', 'O', 'O', 'O', 'O', 'O', 'O', 'O', 'O', 'O', 'O', 'O', 'O', 'O', 'O']","[0, 0, 0, 0, 0, 0, 0, 0, 0, 0, 0, 0, 0, 0, 0, 0, 0, 0, 0, 0, 0, 0, 0, 0, 0, 0, 0, 0, 0, 0, 0, 0, 0, 0, 0, 0, 1, 2, 2, 0, 0, 0, 0, 0, 0, 0, 0, 0, 0, 0, 0, 0, 0, 0, 0, 0, 0, 0, 0, 0, 0, 0, 0]",['in Ungnade gefallen']
"Schlechter ging es da den Hilfskräften, die oft nur von der Hand in den Mund lebten.",['von  der  Hand  in  den  Mund  lebten'],TRUE,1,V,"Bei der Versorgung der schwerverletzten Unfallopfer, die nicht mehr selbstständig essen konnten, waren alle überfordert, doch schlechter ging es da den Hilfskräften, die oft nur von der Hand in den Mund lebten.","['Bei', 'der', 'Versorgung', 'der', 'schwerverletzten', 'Unfallopfer', ',', 'die', 'nicht', 'mehr', 'selbstständig', 'essen', 'konnten', ',', 'waren', 'alle', 'überfordert', ',', 'doch', 'schlechter', 'ging', 'es', 'da', 'den', 'Hilfskräften', ',', 'die', 'oft', 'nur', 'von', 'der', 'Hand', 'in', 'den', 'Mund', 'lebten', '.']","['O', 'O', 'O', 'O', 'O', 'O', 'O', 'O', 'O', 'O', 'O', 'O', 'O', 'O', 'O', 'O', 'O', 'O', 'O', 'O', 'O', 'O', 'O', 'O', 'O', 'O', 'O', 'O', 'O', 'B-IDIOM', 'I-IDIOM', 'I-IDIOM', 'I-IDIOM', 'I-IDIOM', 'I-IDIOM', 'I-IDIOM', 'O']","[0, 0, 0, 0, 0, 0, 0, 0, 0, 0, 0, 0, 0, 0, 0, 0, 0, 0, 0, 0, 0, 0, 0, 0, 0, 0, 0, 0, 0, 1, 2, 2, 2, 2, 2, 2, 0]",['von der Hand in den Mund lebten']
"Schlechter ging es da den Hilfskräften, die oft nur von der Hand in den Mund lebten.",['von  der  Hand  in  den  Mund  lebten'],TRUE,2,V,"In der Aufzuchtstation für verwaiste Tierjungen war die Fütterungszeit die größte Herausforderung des Tages, und besonders schlechter ging es da den Hilfskräften, die oft nur von der Hand in den Mund lebten.","['In', 'der', 'Aufzuchtstation', 'für', 'verwaiste', 'Tierjungen', 'war', 'die', 'Fütterungszeit', 'die', 'größte', 'Herausforderung', 'des', 'Tages', ',', 'und', 'besonders', 'schlechter', 'ging', 'es', 'da', 'den', 'Hilfskräften', ',', 'die', 'oft', 'nur', 'von', 'der', 'Hand', 'in', 'den', 'Mund', 'lebten', '.']","['O', 'O', 'O', 'O', 'O', 'O', 'O', 'O', 'O', 'O', 'O', 'O', 'O', 'O', 'O', 'O', 'O', 'O', 'O', 'O', 'O', 'O', 'O', 'O', 'O', 'O', 'O', 'B-IDIOM', 'I-IDIOM', 'I-IDIOM', 'I-IDIOM', 'I-IDIOM', 'I-IDIOM', 'I-IDIOM', 'O']","[0, 0, 0, 0, 0, 0, 0, 0, 0, 0, 0, 0, 0, 0, 0, 0, 0, 0, 0, 0, 0, 0, 0, 0, 0, 0, 0, 1, 2, 2, 2, 2, 2, 2, 0]",['von der Hand in den Mund lebten']
"Schlechter ging es da den Hilfskräften, die oft nur von der Hand in den Mund lebten.",['von  der  Hand  in  den  Mund  lebten'],TRUE,3,V,"Während der Theaterprobe für das Stück über eine große Hungersnot mussten die Hauptdarsteller ihr Leid nur deklamieren, doch schlechter ging es da den Hilfskräften, die oft nur von der Hand in den Mund lebten.","['Während', 'der', 'Theaterprobe', 'für', 'das', 'Stück', 'über', 'eine', 'große', 'Hungersnot', 'mussten', 'die', 'Hauptdarsteller', 'ihr', 'Leid', 'nur', 'deklamieren', ',', 'doch', 'schlechter', 'ging', 'es', 'da', 'den', 'Hilfskräften', ',', 'die', 'oft', 'nur', 'von', 'der', 'Hand', 'in', 'den', 'Mund', 'lebten', '.']","['O', 'O', 'O', 'O', 'O', 'O', 'O', 'O', 'O', 'O', 'O', 'O', 'O', 'O', 'O', 'O', 'O', 'O', 'O', 'O', 'O', 'O', 'O', 'O', 'O', 'O', 'O', 'O', 'O', 'B-IDIOM', 'I-IDIOM', 'I-IDIOM', 'I-IDIOM', 'I-IDIOM', 'I-IDIOM', 'I-IDIOM', 'O']","[0, 0, 0, 0, 0, 0, 0, 0, 0, 0, 0, 0, 0, 0, 0, 0, 0, 0, 0, 0, 0, 0, 0, 0, 0, 0, 0, 0, 0, 1, 2, 2, 2, 2, 2, 2, 0]",['von der Hand in den Mund lebten']
"Schlechter ging es da den Hilfskräften, die oft nur von der Hand in den Mund lebten.",['von  der  Hand  in  den  Mund  lebten'],TRUE,4,EXTRA,"Bei dem exklusiven Fingerfood-Wettbewerb, wo jedes Häppchen sofort verkostet werden musste, arbeiteten alle unter Hochdruck, aber schlechter ging es da den Hilfskräften, die oft nur von der Hand in den Mund lebten.","['Bei', 'dem', 'exklusiven', 'Fingerfood', '-', 'Wettbewerb', ',', 'wo', 'jedes', 'Häppchen', 'sofort', 'verkostet', 'werden', 'musste', ',', 'arbeiteten', 'alle', 'unter', 'Hochdruck', ',', 'aber', 'schlechter', 'ging', 'es', 'da', 'den', 'Hilfskräften', ',', 'die', 'oft', 'nur', 'von', 'der', 'Hand', 'in', 'den', 'Mund', 'lebten', '.']","['O', 'O', 'O', 'O', 'O', 'O', 'O', 'O', 'O', 'O', 'O', 'O', 'O', 'O', 'O', 'O', 'O', 'O', 'O', 'O', 'O', 'O', 'O', 'O', 'O', 'O', 'O', 'O', 'O', 'O', 'O', 'B-IDIOM', 'I-IDIOM', 'I-IDIOM', 'I-IDIOM', 'I-IDIOM', 'I-IDIOM', 'I-IDIOM', 'O']","[0, 0, 0, 0, 0, 0, 0, 0, 0, 0, 0, 0, 0, 0, 0, 0, 0, 0, 0, 0, 0, 0, 0, 0, 0, 0, 0, 0, 0, 0, 0, 1, 2, 2, 2, 2, 2, 2, 0]",['von der Hand in den Mund lebten']
"Schlechter ging es da den Hilfskräften, die oft nur von der Hand in den Mund lebten.",['von  der  Hand  in  den  Mund  lebten'],TRUE,5,EXTRA,"Die ethnologische Studie dokumentierte ein Volk, das traditionell ohne Besteck aß, doch während die Forscher ihre Vorräte hatten, schlechter ging es da den Hilfskräften, die oft nur von der Hand in den Mund lebten.","['Die', 'ethnologische', 'Studie', 'dokumentierte', 'ein', 'Volk', ',', 'das', 'traditionell', 'ohne', 'Besteck', 'aß', ',', 'doch', 'während', 'die', 'Forscher', 'ihre', 'Vorräte', 'hatten', ',', 'schlechter', 'ging', 'es', 'da', 'den', 'Hilfskräften', ',', 'die', 'oft', 'nur', 'von', 'der', 'Hand', 'in', 'den', 'Mund', 'lebten', '.']","['O', 'O', 'O', 'O', 'O', 'O', 'O', 'O', 'O', 'O', 'O', 'O', 'O', 'O', 'O', 'O', 'O', 'O', 'O', 'O', 'O', 'O', 'O', 'O', 'O', 'O', 'O', 'O', 'O', 'O', 'O', 'B-IDIOM', 'I-IDIOM', 'I-IDIOM', 'I-IDIOM', 'I-IDIOM', 'I-IDIOM', 'I-IDIOM', 'O']","[0, 0, 0, 0, 0, 0, 0, 0, 0, 0, 0, 0, 0, 0, 0, 0, 0, 0, 0, 0, 0, 0, 0, 0, 0, 0, 0, 0, 0, 0, 0, 1, 2, 2, 2, 2, 2, 2, 0]",['von der Hand in den Mund lebten']
Die Verwurzelung des Meisters des Aachener Altars in der Kölner Malerei steht außer Frage.,['außer Frage'],TRUE,1,V,"Auf dem Schaubild des Kunsthistorikers, wo ein großes Fragezeichen die ungeklärte Herkunft eines Konkurrenzwerks symbolisierte und gesicherte Fakten darum gruppiert wurden, die Verwurzelung des Meisters des Aachener Altars in der Kölner Malerei steht außer Frage.","['Auf', 'dem', 'Schaubild', 'des', 'Kunsthistorikers', ',', 'wo', 'ein', 'großes', 'Fragezeichen', 'die', 'ungeklärte', 'Herkunft', 'eines', 'Konkurrenzwerks', 'symbolisierte', 'und', 'gesicherte', 'Fakten', 'darum', 'gruppiert', 'wurden', ',', 'die', 'Verwurzelung', 'des', 'Meisters', 'des', 'Aachener', 'Altars', 'in', 'der', 'Kölner', 'Malerei', 'steht', 'außer', 'Frage', '.']","['O', 'O', 'O', 'O', 'O', 'O', 'O', 'O', 'O', 'O', 'O', 'O', 'O', 'O', 'O', 'O', 'O', 'O', 'O', 'O', 'O', 'O', 'O', 'O', 'O', 'O', 'O', 'O', 'O', 'O', 'O', 'O', 'O', 'O', 'O', 'B-IDIOM', 'I-IDIOM', 'O']","[0, 0, 0, 0, 0, 0, 0, 0, 0, 0, 0, 0, 0, 0, 0, 0, 0, 0, 0, 0, 0, 0, 0, 0, 0, 0, 0, 0, 0, 0, 0, 0, 0, 0, 0, 1, 2, 0]",['außer Frage']
Die Verwurzelung des Meisters des Aachener Altars in der Kölner Malerei steht außer Frage.,['außer Frage'],TRUE,2,V,"Für die Prüfungsaufgabe, die eine detaillierte Analyse der internen Werkstattbeziehungen in Köln verlangte und alle anderen Aspekte explizit ausschloss, die Verwurzelung des Meisters des Aachener Altars in der Kölner Malerei steht außer Frage.","['Für', 'die', 'Prüfungsaufgabe', ',', 'die', 'eine', 'detaillierte', 'Analyse', 'der', 'internen', 'Werkstattbeziehungen', 'in', 'Köln', 'verlangte', 'und', 'alle', 'anderen', 'Aspekte', 'explizit', 'ausschloss', ',', 'die', 'Verwurzelung', 'des', 'Meisters', 'des', 'Aachener', 'Altars', 'in', 'der', 'Kölner', 'Malerei', 'steht', 'außer', 'Frage', '.']","['O', 'O', 'O', 'O', 'O', 'O', 'O', 'O', 'O', 'O', 'O', 'O', 'O', 'O', 'O', 'O', 'O', 'O', 'O', 'O', 'O', 'O', 'O', 'O', 'O', 'O', 'O', 'O', 'O', 'O', 'O', 'O', 'O', 'B-IDIOM', 'I-IDIOM', 'O']","[0, 0, 0, 0, 0, 0, 0, 0, 0, 0, 0, 0, 0, 0, 0, 0, 0, 0, 0, 0, 0, 0, 0, 0, 0, 0, 0, 0, 0, 0, 0, 0, 0, 1, 2, 0]",['außer Frage']
Die Verwurzelung des Meisters des Aachener Altars in der Kölner Malerei steht außer Frage.,['außer Frage'],TRUE,3,V,"Nachdem die Moderatorin die Diskussion auf die ikonografische Deutung beschränkt hatte und Wortmeldungen erbat, die sich nur auf diesen Punkt bezogen, die Verwurzelung des Meisters des Aachener Altars in der Kölner Malerei steht außer Frage.","['Nachdem', 'die', 'Moderatorin', 'die', 'Diskussion', 'auf', 'die', 'ikonografische', 'Deutung', 'beschränkt', 'hatte', 'und', 'Wortmeldungen', 'erbat', ',', 'die', 'sich', 'nur', 'auf', 'diesen', 'Punkt', 'bezogen', ',', 'die', 'Verwurzelung', 'des', 'Meisters', 'des', 'Aachener', 'Altars', 'in', 'der', 'Kölner', 'Malerei', 'steht', 'außer', 'Frage', '.']","['O', 'O', 'O', 'O', 'O', 'O', 'O', 'O', 'O', 'O', 'O', 'O', 'O', 'O', 'O', 'O', 'O', 'O', 'O', 'O', 'O', 'O', 'O', 'O', 'O', 'O', 'O', 'O', 'O', 'O', 'O', 'O', 'O', 'O', 'O', 'B-IDIOM', 'I-IDIOM', 'O']","[0, 0, 0, 0, 0, 0, 0, 0, 0, 0, 0, 0, 0, 0, 0, 0, 0, 0, 0, 0, 0, 0, 0, 0, 0, 0, 0, 0, 0, 0, 0, 0, 0, 0, 0, 1, 2, 0]",['außer Frage']
Die Verwurzelung des Meisters des Aachener Altars in der Kölner Malerei steht außer Frage.,['außer Frage'],TRUE,4,EXTRA,"Im Rahmen des Forschungsprojekts 'Die Gotische Frage', das sich ausschließlich mit der Architektur der Kathedralen befasste, die Verwurzelung des Meisters des Aachener Altars in der Kölner Malerei steht außer Frage.","['Im', 'Rahmen', 'des', 'Forschungsprojekts', ""'"", 'Die', 'Gotische', 'Frage', ""'"", ',', 'das', 'sich', 'ausschließlich', 'mit', 'der', 'Architektur', 'der', 'Kathedralen', 'befasste', ',', 'die', 'Verwurzelung', 'des', 'Meisters', 'des', 'Aachener', 'Altars', 'in', 'der', 'Kölner', 'Malerei', 'steht', 'außer', 'Frage', '.']","['O', 'O', 'O', 'O', 'O', 'O', 'O', 'O', 'O', 'O', 'O', 'O', 'O', 'O', 'O', 'O', 'O', 'O', 'O', 'O', 'O', 'O', 'O', 'O', 'O', 'O', 'O', 'O', 'O', 'O', 'O', 'O', 'B-IDIOM', 'I-IDIOM', 'O']","[0, 0, 0, 0, 0, 0, 0, 0, 0, 0, 0, 0, 0, 0, 0, 0, 0, 0, 0, 0, 0, 0, 0, 0, 0, 0, 0, 0, 0, 0, 0, 0, 1, 2, 0]",['außer Frage']
Die Verwurzelung des Meisters des Aachener Altars in der Kölner Malerei steht außer Frage.,['außer Frage'],TRUE,5,EXTRA,"Im Protokoll des Expertengremiums, in dem die zentrale Fragestellung die Materialanalyse des Werkes war, die Verwurzelung des Meisters des Aachener Altars in der Kölner Malerei steht außer Frage.","['Im', 'Protokoll', 'des', 'Expertengremiums', ',', 'in', 'dem', 'die', 'zentrale', 'Fragestellung', 'die', 'Materialanalyse', 'des', 'Werkes', 'war', ',', 'die', 'Verwurzelung', 'des', 'Meisters', 'des', 'Aachener', 'Altars', 'in', 'der', 'Kölner', 'Malerei', 'steht', 'außer', 'Frage', '.']","['O', 'O', 'O', 'O', 'O', 'O', 'O', 'O', 'O', 'O', 'O', 'O', 'O', 'O', 'O', 'O', 'O', 'O', 'O', 'O', 'O', 'O', 'O', 'O', 'O', 'O', 'O', 'O', 'B-IDIOM', 'I-IDIOM', 'O']","[0, 0, 0, 0, 0, 0, 0, 0, 0, 0, 0, 0, 0, 0, 0, 0, 0, 0, 0, 0, 0, 0, 0, 0, 0, 0, 0, 0, 1, 2, 0]",['außer Frage']