sentence,PIE,true_idioms,is_figurative,variant_number,Valid,variant_sentence,tokens,tags,tag_ids
eine an den Haaren herbeigezogene Behauptung,['an  den  Haaren  herbeigezogene'],['an den Haaren herbeigezogene'],True,1,V,"Am Tatort fanden die Ermittler deutliche Schleifspuren, und die Gerichtsmedizinerin vermutete, das Opfer sei an den Haaren gezerrt worden, was die Theorie des Hauptverdächtigen für den Kommissar zu einer an den Haaren herbeigezogene Behauptung machte.","['Am', 'Tatort', 'fanden', 'die', 'Ermittler', 'deutliche', 'Schleifspuren', ',', 'und', 'die', 'Gerichtsmedizinerin', 'vermutete', ',', 'das', 'Opfer', 'sei', 'an', 'den', 'Haaren', 'gezerrt', 'worden', ',', 'was', 'die', 'Theorie', 'des', 'Hauptverdächtigen', 'für', 'den', 'Kommissar', 'zu', 'einer', 'an', 'den', 'Haaren', 'herbeigezogene', 'Behauptung', 'machte', '.']","['O', 'O', 'O', 'O', 'O', 'O', 'O', 'O', 'O', 'O', 'O', 'O', 'O', 'O', 'O', 'O', 'O', 'O', 'O', 'O', 'O', 'O', 'O', 'O', 'O', 'O', 'O', 'O', 'O', 'O', 'O', 'O', 'B-IDIOM', 'I-IDIOM', 'I-IDIOM', 'I-IDIOM', 'O', 'O', 'O']","[0, 0, 0, 0, 0, 0, 0, 0, 0, 0, 0, 0, 0, 0, 0, 0, 0, 0, 0, 0, 0, 0, 0, 0, 0, 0, 0, 0, 0, 0, 0, 0, 1, 2, 2, 2, 0, 0, 0]"
eine an den Haaren herbeigezogene Behauptung,['an  den  Haaren  herbeigezogene'],['an den Haaren herbeigezogene'],True,2,V,"Der Puppenmacher erklärte, wie er die Haarsträhnen durch den Vinylkopf zog, während er gleichzeitig die abenteuerliche Geschichte erzählte, die er sich zur Herkunft der Puppe ausgedacht hatte, was sein Lehrling nur als eine an den Haaren herbeigezogene Behauptung abtat.","['Der', 'Puppenmacher', 'erklärte', ',', 'wie', 'er', 'die', 'Haarsträhnen', 'durch', 'den', 'Vinylkopf', 'zog', ',', 'während', 'er', 'gleichzeitig', 'die', 'abenteuerliche', 'Geschichte', 'erzählte', ',', 'die', 'er', 'sich', 'zur', 'Herkunft', 'der', 'Puppe', 'ausgedacht', 'hatte', ',', 'was', 'sein', 'Lehrling', 'nur', 'als', 'eine', 'an', 'den', 'Haaren', 'herbeigezogene', 'Behauptung', 'abtat', '.']","['O', 'O', 'O', 'O', 'O', 'O', 'O', 'O', 'O', 'O', 'O', 'O', 'O', 'O', 'O', 'O', 'O', 'O', 'O', 'O', 'O', 'O', 'O', 'O', 'O', 'O', 'O', 'O', 'O', 'O', 'O', 'O', 'O', 'O', 'O', 'O', 'O', 'B-IDIOM', 'I-IDIOM', 'I-IDIOM', 'I-IDIOM', 'O', 'O', 'O']","[0, 0, 0, 0, 0, 0, 0, 0, 0, 0, 0, 0, 0, 0, 0, 0, 0, 0, 0, 0, 0, 0, 0, 0, 0, 0, 0, 0, 0, 0, 0, 0, 0, 0, 0, 0, 0, 1, 2, 2, 2, 0, 0, 0]"
eine an den Haaren herbeigezogene Behauptung,['an  den  Haaren  herbeigezogene'],['an den Haaren herbeigezogene'],True,3,V,"Im Seminar über mittelalterliche Rechtspraktiken wurde die Strafe diskutiert, bei der jemand an den Haaren zum Pranger geschleift wurde, woraufhin der Professor die populäre Theorie über deren häufige Anwendung als eine an den Haaren herbeigezogene Behauptung entlarvte.","['Im', 'Seminar', 'über', 'mittelalterliche', 'Rechtspraktiken', 'wurde', 'die', 'Strafe', 'diskutiert', ',', 'bei', 'der', 'jemand', 'an', 'den', 'Haaren', 'zum', 'Pranger', 'geschleift', 'wurde', ',', 'woraufhin', 'der', 'Professor', 'die', 'populäre', 'Theorie', 'über', 'deren', 'häufige', 'Anwendung', 'als', 'eine', 'an', 'den', 'Haaren', 'herbeigezogene', 'Behauptung', 'entlarvte', '.']","['O', 'O', 'O', 'O', 'O', 'O', 'O', 'O', 'O', 'O', 'O', 'O', 'O', 'O', 'O', 'O', 'O', 'O', 'O', 'O', 'O', 'O', 'O', 'O', 'O', 'O', 'O', 'O', 'O', 'O', 'O', 'O', 'O', 'B-IDIOM', 'I-IDIOM', 'I-IDIOM', 'I-IDIOM', 'O', 'O', 'O']","[0, 0, 0, 0, 0, 0, 0, 0, 0, 0, 0, 0, 0, 0, 0, 0, 0, 0, 0, 0, 0, 0, 0, 0, 0, 0, 0, 0, 0, 0, 0, 0, 0, 1, 2, 2, 2, 0, 0, 0]"
Sie wohnen ohne Trauschein zusammen.,['ohne  Trauschein'],[],False,1,V,"Innerhalb der autonomen Gemeinschaft in dem besetzten Haus gilt nur der ungeschriebene Solidaritätskodex als Legitimation für das Zusammenleben, eine Art Vertrauensbeweis, doch die beiden Neuen scheinen sich nicht darum zu scheren, sie wohnen ohne Trauschein zusammen.","['Innerhalb', 'der', 'autonomen', 'Gemeinschaft', 'in', 'dem', 'besetzten', 'Haus', 'gilt', 'nur', 'der', 'ungeschriebene', 'Solidaritätskodex', 'als', 'Legitimation', 'für', 'das', 'Zusammenleben', ',', 'eine', 'Art', 'Vertrauensbeweis', ',', 'doch', 'die', 'beiden', 'Neuen', 'scheinen', 'sich', 'nicht', 'darum', 'zu', 'scheren', ',', 'sie', 'wohnen', 'ohne', 'Trauschein', 'zusammen', '.']","['O', 'O', 'O', 'O', 'O', 'O', 'O', 'O', 'O', 'O', 'O', 'O', 'O', 'O', 'O', 'O', 'O', 'O', 'O', 'O', 'O', 'O', 'O', 'O', 'O', 'O', 'O', 'O', 'O', 'O', 'O', 'O', 'O', 'O', 'O', 'O', 'O', 'O', 'O', 'O']","[0, 0, 0, 0, 0, 0, 0, 0, 0, 0, 0, 0, 0, 0, 0, 0, 0, 0, 0, 0, 0, 0, 0, 0, 0, 0, 0, 0, 0, 0, 0, 0, 0, 0, 0, 0, 0, 0, 0, 0]"
Sie wohnen ohne Trauschein zusammen.,['ohne  Trauschein'],[],False,2,V,"In der eingeschworenen Gemeinschaft von Extremkletterern, wo man sich das Recht auf eine gemeinsame Hütte erst durch die Bewältigung einer gefährlichen Route, dem sogenannten 'Wagnis-Schein', verdienen muss, ignoriert ein Paar diese Tradition, sie wohnen ohne Trauschein zusammen.","['In', 'der', 'eingeschworenen', 'Gemeinschaft', 'von', 'Extremkletterern', ',', 'wo', 'man', 'sich', 'das', 'Recht', 'auf', 'eine', 'gemeinsame', 'Hütte', 'erst', 'durch', 'die', 'Bewältigung', 'einer', 'gefährlichen', 'Route', ',', 'dem', 'sogenannten', ""'"", 'Wagnis', '-', 'Schein', ""'"", ',', 'verdienen', 'muss', ',', 'ignoriert', 'ein', 'Paar', 'diese', 'Tradition', ',', 'sie', 'wohnen', 'ohne', 'Trauschein', 'zusammen', '.']","['O', 'O', 'O', 'O', 'O', 'O', 'O', 'O', 'O', 'O', 'O', 'O', 'O', 'O', 'O', 'O', 'O', 'O', 'O', 'O', 'O', 'O', 'O', 'O', 'O', 'O', 'O', 'O', 'O', 'O', 'O', 'O', 'O', 'O', 'O', 'O', 'O', 'O', 'O', 'O', 'O', 'O', 'O', 'O', 'O', 'O', 'O']","[0, 0, 0, 0, 0, 0, 0, 0, 0, 0, 0, 0, 0, 0, 0, 0, 0, 0, 0, 0, 0, 0, 0, 0, 0, 0, 0, 0, 0, 0, 0, 0, 0, 0, 0, 0, 0, 0, 0, 0, 0, 0, 0, 0, 0, 0, 0]"
Sie wohnen ohne Trauschein zusammen.,['ohne  Trauschein'],[],False,3,V,"In dieser äußerst konservativen Kleinstadt, in der der gute Schein alles bedeutet und man für ein Zusammenleben quasi eine offizielle Bestätigung der Seriosität benötigt, um Gerede zu vermeiden, erregt ein neues Paar Aufsehen, sie wohnen ohne Trauschein zusammen.","['In', 'dieser', 'äußerst', 'konservativen', 'Kleinstadt', ',', 'in', 'der', 'der', 'gute', 'Schein', 'alles', 'bedeutet', 'und', 'man', 'für', 'ein', 'Zusammenleben', 'quasi', 'eine', 'offizielle', 'Bestätigung', 'der', 'Seriosität', 'benötigt', ',', 'um', 'Gerede', 'zu', 'vermeiden', ',', 'erregt', 'ein', 'neues', 'Paar', 'Aufsehen', ',', 'sie', 'wohnen', 'ohne', 'Trauschein', 'zusammen', '.']","['O', 'O', 'O', 'O', 'O', 'O', 'O', 'O', 'O', 'O', 'O', 'O', 'O', 'O', 'O', 'O', 'O', 'O', 'O', 'O', 'O', 'O', 'O', 'O', 'O', 'O', 'O', 'O', 'O', 'O', 'O', 'O', 'O', 'O', 'O', 'O', 'O', 'O', 'O', 'O', 'O', 'O', 'O']","[0, 0, 0, 0, 0, 0, 0, 0, 0, 0, 0, 0, 0, 0, 0, 0, 0, 0, 0, 0, 0, 0, 0, 0, 0, 0, 0, 0, 0, 0, 0, 0, 0, 0, 0, 0, 0, 0, 0, 0, 0, 0, 0]"
Vorbereitung ist die halbe Miete.,['halbe Miete'],['halbe Miete'],True,1,V,"Die beiden Studenten besprachen ihren Finanzplan für die neue Wohngemeinschaft; da der eine die Renovierungsarbeiten im Voraus übernahm und dies vertraglich als Eigenleistung angerechnet wurde, war für sie klar, Vorbereitung ist die halbe Miete.","['Die', 'beiden', 'Studenten', 'besprachen', 'ihren', 'Finanzplan', 'für', 'die', 'neue', 'Wohngemeinschaft', ';', 'da', 'der', 'eine', 'die', 'Renovierungsarbeiten', 'im', 'Voraus', 'übernahm', 'und', 'dies', 'vertraglich', 'als', 'Eigenleistung', 'angerechnet', 'wurde', ',', 'war', 'für', 'sie', 'klar', ',', 'Vorbereitung', 'ist', 'die', 'halbe', 'Miete', '.']","['O', 'O', 'O', 'O', 'O', 'O', 'O', 'O', 'O', 'O', 'O', 'O', 'O', 'O', 'O', 'O', 'O', 'O', 'O', 'O', 'O', 'O', 'O', 'O', 'O', 'O', 'O', 'O', 'O', 'O', 'O', 'O', 'O', 'O', 'O', 'B-IDIOM', 'I-IDIOM', 'O']","[0, 0, 0, 0, 0, 0, 0, 0, 0, 0, 0, 0, 0, 0, 0, 0, 0, 0, 0, 0, 0, 0, 0, 0, 0, 0, 0, 0, 0, 0, 0, 0, 0, 0, 0, 1, 2, 0]"
Vorbereitung ist die halbe Miete.,['halbe Miete'],['halbe Miete'],True,2,V,"Beim angespannten Wohnungsmarkt in der Innenstadt erklärte der Makler den Bewerbern, dass ein detailliertes Finanzierungsportfolio und das Angebot einer Mietvorauszahlung entscheidend seien, denn bei diesem Eigentümer ist Vorbereitung ist die halbe Miete.","['Beim', 'angespannten', 'Wohnungsmarkt', 'in', 'der', 'Innenstadt', 'erklärte', 'der', 'Makler', 'den', 'Bewerbern', ',', 'dass', 'ein', 'detailliertes', 'Finanzierungsportfolio', 'und', 'das', 'Angebot', 'einer', 'Mietvorauszahlung', 'entscheidend', 'seien', ',', 'denn', 'bei', 'diesem', 'Eigentümer', 'ist', 'Vorbereitung', 'ist', 'die', 'halbe', 'Miete', '.']","['O', 'O', 'O', 'O', 'O', 'O', 'O', 'O', 'O', 'O', 'O', 'O', 'O', 'O', 'O', 'O', 'O', 'O', 'O', 'O', 'O', 'O', 'O', 'O', 'O', 'O', 'O', 'O', 'O', 'O', 'O', 'O', 'B-IDIOM', 'I-IDIOM', 'O']","[0, 0, 0, 0, 0, 0, 0, 0, 0, 0, 0, 0, 0, 0, 0, 0, 0, 0, 0, 0, 0, 0, 0, 0, 0, 0, 0, 0, 0, 0, 0, 0, 1, 2, 0]"
Vorbereitung ist die halbe Miete.,['halbe Miete'],['halbe Miete'],True,3,V,"Das Startup-Team arbeitete Tag und Nacht an der Präsentation für die Investoren, denn der Businessplan sah vor, dass ein erfolgreicher Pitch die Finanzierung für den neuen Büroraum sichern würde, und in ihrer Situation galt wirklich, Vorbereitung ist die halbe Miete.","['Das', 'Startup', '-', 'Team', 'arbeitete', 'Tag', 'und', 'Nacht', 'an', 'der', 'Präsentation', 'für', 'die', 'Investoren', ',', 'denn', 'der', 'Businessplan', 'sah', 'vor', ',', 'dass', 'ein', 'erfolgreicher', 'Pitch', 'die', 'Finanzierung', 'für', 'den', 'neuen', 'Büroraum', 'sichern', 'würde', ',', 'und', 'in', 'ihrer', 'Situation', 'galt', 'wirklich', ',', 'Vorbereitung', 'ist', 'die', 'halbe', 'Miete', '.']","['O', 'O', 'O', 'O', 'O', 'O', 'O', 'O', 'O', 'O', 'O', 'O', 'O', 'O', 'O', 'O', 'O', 'O', 'O', 'O', 'O', 'O', 'O', 'O', 'O', 'O', 'O', 'O', 'O', 'O', 'O', 'O', 'O', 'O', 'O', 'O', 'O', 'O', 'O', 'O', 'O', 'O', 'O', 'O', 'B-IDIOM', 'I-IDIOM', 'O']","[0, 0, 0, 0, 0, 0, 0, 0, 0, 0, 0, 0, 0, 0, 0, 0, 0, 0, 0, 0, 0, 0, 0, 0, 0, 0, 0, 0, 0, 0, 0, 0, 0, 0, 0, 0, 0, 0, 0, 0, 0, 0, 0, 0, 1, 2, 0]"
Das war eine ganz harmlose Bemerkung. Daraus kann dir niemand einen Strick drehen.,['einen Strick drehen'],['einen Strick drehen'],True,1,V,"Auf dem Mittelaltermarkt, direkt neben dem Stand des Seilers, der gerade Hanffasern sponn, flüsterte er seiner Tochter eine moderne Redewendung ins Ohr, woraufhin seine Frau besorgt blickte, doch das war eine ganz harmlose Bemerkung. Daraus kann dir niemand einen Strick drehen.","['Auf', 'dem', 'Mittelaltermarkt', ',', 'direkt', 'neben', 'dem', 'Stand', 'des', 'Seilers', ',', 'der', 'gerade', 'Hanffasern', 'sponn', ',', 'flüsterte', 'er', 'seiner', 'Tochter', 'eine', 'moderne', 'Redewendung', 'ins', 'Ohr', ',', 'woraufhin', 'seine', 'Frau', 'besorgt', 'blickte', ',', 'doch', 'das', 'war', 'eine', 'ganz', 'harmlose', 'Bemerkung', '.', 'Daraus', 'kann', 'dir', 'niemand', 'einen', 'Strick', 'drehen', '.']","['O', 'O', 'O', 'O', 'O', 'O', 'O', 'O', 'O', 'O', 'O', 'O', 'O', 'O', 'O', 'O', 'O', 'O', 'O', 'O', 'O', 'O', 'O', 'O', 'O', 'O', 'O', 'O', 'O', 'O', 'O', 'O', 'O', 'O', 'O', 'O', 'O', 'O', 'O', 'O', 'O', 'O', 'O', 'O', 'B-IDIOM', 'I-IDIOM', 'I-IDIOM', 'O']","[0, 0, 0, 0, 0, 0, 0, 0, 0, 0, 0, 0, 0, 0, 0, 0, 0, 0, 0, 0, 0, 0, 0, 0, 0, 0, 0, 0, 0, 0, 0, 0, 0, 0, 0, 0, 0, 0, 0, 0, 0, 0, 0, 0, 1, 2, 2, 0]"
Das war eine ganz harmlose Bemerkung. Daraus kann dir niemand einen Strick drehen.,['einen Strick drehen'],['einen Strick drehen'],True,2,V,"Im Bastelkurs versuchte sie, aus dem brüchigen Stroh eine Kordel zu fertigen, was ihr Kollege mit leisem Spott kommentierte, aber das war eine ganz harmlose Bemerkung. Daraus kann dir niemand einen Strick drehen.","['Im', 'Bastelkurs', 'versuchte', 'sie', ',', 'aus', 'dem', 'brüchigen', 'Stroh', 'eine', 'Kordel', 'zu', 'fertigen', ',', 'was', 'ihr', 'Kollege', 'mit', 'leisem', 'Spott', 'kommentierte', ',', 'aber', 'das', 'war', 'eine', 'ganz', 'harmlose', 'Bemerkung', '.', 'Daraus', 'kann', 'dir', 'niemand', 'einen', 'Strick', 'drehen', '.']","['O', 'O', 'O', 'O', 'O', 'O', 'O', 'O', 'O', 'O', 'O', 'O', 'O', 'O', 'O', 'O', 'O', 'O', 'O', 'O', 'O', 'O', 'O', 'O', 'O', 'O', 'O', 'O', 'O', 'O', 'O', 'O', 'O', 'O', 'B-IDIOM', 'I-IDIOM', 'I-IDIOM', 'O']","[0, 0, 0, 0, 0, 0, 0, 0, 0, 0, 0, 0, 0, 0, 0, 0, 0, 0, 0, 0, 0, 0, 0, 0, 0, 0, 0, 0, 0, 0, 0, 0, 0, 0, 1, 2, 2, 0]"
Das war eine ganz harmlose Bemerkung. Daraus kann dir niemand einen Strick drehen.,['einen Strick drehen'],['einen Strick drehen'],True,3,V,"Der Segellehrer zeigte dem Anfänger, wie man aus dem dünnen Tauwerk eine feste Schlinge legt, doch der Schüler äußerte nur frustriert, dass dies wohl nie etwas werde, das war eine ganz harmlose Bemerkung. Daraus kann dir niemand einen Strick drehen.","['Der', 'Segellehrer', 'zeigte', 'dem', 'Anfänger', ',', 'wie', 'man', 'aus', 'dem', 'dünnen', 'Tauwerk', 'eine', 'feste', 'Schlinge', 'legt', ',', 'doch', 'der', 'Schüler', 'äußerte', 'nur', 'frustriert', ',', 'dass', 'dies', 'wohl', 'nie', 'etwas', 'werde', ',', 'das', 'war', 'eine', 'ganz', 'harmlose', 'Bemerkung', '.', 'Daraus', 'kann', 'dir', 'niemand', 'einen', 'Strick', 'drehen', '.']","['O', 'O', 'O', 'O', 'O', 'O', 'O', 'O', 'O', 'O', 'O', 'O', 'O', 'O', 'O', 'O', 'O', 'O', 'O', 'O', 'O', 'O', 'O', 'O', 'O', 'O', 'O', 'O', 'O', 'O', 'O', 'O', 'O', 'O', 'O', 'O', 'O', 'O', 'O', 'O', 'O', 'O', 'B-IDIOM', 'I-IDIOM', 'I-IDIOM', 'O']","[0, 0, 0, 0, 0, 0, 0, 0, 0, 0, 0, 0, 0, 0, 0, 0, 0, 0, 0, 0, 0, 0, 0, 0, 0, 0, 0, 0, 0, 0, 0, 0, 0, 0, 0, 0, 0, 0, 0, 0, 0, 0, 1, 2, 2, 0]"
"Michael Portillo beschrieb seine derzeitige Verwendung, traf den Direktor und blieb über Nacht.",['über Nacht'],[],False,1,V,"Angesichts der eskalierenden Regierungskrise und der Notwendigkeit, schnell eine neue Kabinettsposition zu besetzen, Michael Portillo beschrieb seine derzeitige Verwendung, traf den Direktor und blieb über Nacht.","['Angesichts', 'der', 'eskalierenden', 'Regierungskrise', 'und', 'der', 'Notwendigkeit', ',', 'schnell', 'eine', 'neue', 'Kabinettsposition', 'zu', 'besetzen', ',', 'Michael', 'Portillo', 'beschrieb', 'seine', 'derzeitige', 'Verwendung', ',', 'traf', 'den', 'Direktor', 'und', 'blieb', 'über', 'Nacht', '.']","['O', 'O', 'O', 'O', 'O', 'O', 'O', 'O', 'O', 'O', 'O', 'O', 'O', 'O', 'O', 'O', 'O', 'O', 'O', 'O', 'O', 'O', 'O', 'O', 'O', 'O', 'O', 'O', 'O', 'O']","[0, 0, 0, 0, 0, 0, 0, 0, 0, 0, 0, 0, 0, 0, 0, 0, 0, 0, 0, 0, 0, 0, 0, 0, 0, 0, 0, 0, 0, 0]"
"Michael Portillo beschrieb seine derzeitige Verwendung, traf den Direktor und blieb über Nacht.",['über Nacht'],[],False,2,V,"Um den rasanten Aufstieg einer Medienpersönlichkeit zu illustrieren, deren Karriere sich nach nur einem einzigen Interview komplett wandelte, Michael Portillo beschrieb seine derzeitige Verwendung, traf den Direktor und blieb über Nacht.","['Um', 'den', 'rasanten', 'Aufstieg', 'einer', 'Medienpersönlichkeit', 'zu', 'illustrieren', ',', 'deren', 'Karriere', 'sich', 'nach', 'nur', 'einem', 'einzigen', 'Interview', 'komplett', 'wandelte', ',', 'Michael', 'Portillo', 'beschrieb', 'seine', 'derzeitige', 'Verwendung', ',', 'traf', 'den', 'Direktor', 'und', 'blieb', 'über', 'Nacht', '.']","['O', 'O', 'O', 'O', 'O', 'O', 'O', 'O', 'O', 'O', 'O', 'O', 'O', 'O', 'O', 'O', 'O', 'O', 'O', 'O', 'O', 'O', 'O', 'O', 'O', 'O', 'O', 'O', 'O', 'O', 'O', 'O', 'O', 'O', 'O']","[0, 0, 0, 0, 0, 0, 0, 0, 0, 0, 0, 0, 0, 0, 0, 0, 0, 0, 0, 0, 0, 0, 0, 0, 0, 0, 0, 0, 0, 0, 0, 0, 0, 0, 0]"
"Michael Portillo beschrieb seine derzeitige Verwendung, traf den Direktor und blieb über Nacht.",['über Nacht'],[],False,3,V,"Der Plan für seine Einarbeitung war extrem aggressiv und auf sofortige Ergebnisse ausgelegt; Michael Portillo beschrieb seine derzeitige Verwendung, traf den Direktor und blieb über Nacht.","['Der', 'Plan', 'für', 'seine', 'Einarbeitung', 'war', 'extrem', 'aggressiv', 'und', 'auf', 'sofortige', 'Ergebnisse', 'ausgelegt', ';', 'Michael', 'Portillo', 'beschrieb', 'seine', 'derzeitige', 'Verwendung', ',', 'traf', 'den', 'Direktor', 'und', 'blieb', 'über', 'Nacht', '.']","['O', 'O', 'O', 'O', 'O', 'O', 'O', 'O', 'O', 'O', 'O', 'O', 'O', 'O', 'O', 'O', 'O', 'O', 'O', 'O', 'O', 'O', 'O', 'O', 'O', 'O', 'O', 'O', 'O']","[0, 0, 0, 0, 0, 0, 0, 0, 0, 0, 0, 0, 0, 0, 0, 0, 0, 0, 0, 0, 0, 0, 0, 0, 0, 0, 0, 0, 0]"
"Der PC Energie Bericht ergab, dass fast die Hälfte aller beruflich genutzten PCs in den USA über Nacht regelmäßig nicht ausgeschaltet werden.",['über Nacht'],[],False,1,V,"Niemand im Forschungsteam glaubte, dass die komplexen Daten so schnell ausgewertet werden könnten, doch dann lag das Ergebnis plötzlich auf dem Tisch und der PC Energie Bericht ergab, dass fast die Hälfte aller beruflich genutzten PCs in den USA über Nacht regelmäßig nicht ausgeschaltet werden.","['Niemand', 'im', 'Forschungsteam', 'glaubte', ',', 'dass', 'die', 'komplexen', 'Daten', 'so', 'schnell', 'ausgewertet', 'werden', 'könnten', ',', 'doch', 'dann', 'lag', 'das', 'Ergebnis', 'plötzlich', 'auf', 'dem', 'Tisch', 'und', 'der', 'PC', 'Energie', 'Bericht', 'ergab', ',', 'dass', 'fast', 'die', 'Hälfte', 'aller', 'beruflich', 'genutzten', 'PCs', 'in', 'den', 'USA', 'über', 'Nacht', 'regelmäßig', 'nicht', 'ausgeschaltet', 'werden', '.']","['O', 'O', 'O', 'O', 'O', 'O', 'O', 'O', 'O', 'O', 'O', 'O', 'O', 'O', 'O', 'O', 'O', 'O', 'O', 'O', 'O', 'O', 'O', 'O', 'O', 'O', 'O', 'O', 'O', 'O', 'O', 'O', 'O', 'O', 'O', 'O', 'O', 'O', 'O', 'O', 'O', 'O', 'O', 'O', 'O', 'O', 'O', 'O', 'O']","[0, 0, 0, 0, 0, 0, 0, 0, 0, 0, 0, 0, 0, 0, 0, 0, 0, 0, 0, 0, 0, 0, 0, 0, 0, 0, 0, 0, 0, 0, 0, 0, 0, 0, 0, 0, 0, 0, 0, 0, 0, 0, 0, 0, 0, 0, 0, 0, 0]"
"Der PC Energie Bericht ergab, dass fast die Hälfte aller beruflich genutzten PCs in den USA über Nacht regelmäßig nicht ausgeschaltet werden.",['über Nacht'],[],False,2,V,"Die Unternehmensführung dachte, sie hätte ihre neuen Energiesparmaßnahmen erfolgreich umgesetzt, bis eine schockierende Analyse alles änderte; der PC Energie Bericht ergab, dass fast die Hälfte aller beruflich genutzten PCs in den USA über Nacht regelmäßig nicht ausgeschaltet werden.","['Die', 'Unternehmensführung', 'dachte', ',', 'sie', 'hätte', 'ihre', 'neuen', 'Energiesparmaßnahmen', 'erfolgreich', 'umgesetzt', ',', 'bis', 'eine', 'schockierende', 'Analyse', 'alles', 'änderte', ';', 'der', 'PC', 'Energie', 'Bericht', 'ergab', ',', 'dass', 'fast', 'die', 'Hälfte', 'aller', 'beruflich', 'genutzten', 'PCs', 'in', 'den', 'USA', 'über', 'Nacht', 'regelmäßig', 'nicht', 'ausgeschaltet', 'werden', '.']","['O', 'O', 'O', 'O', 'O', 'O', 'O', 'O', 'O', 'O', 'O', 'O', 'O', 'O', 'O', 'O', 'O', 'O', 'O', 'O', 'O', 'O', 'O', 'O', 'O', 'O', 'O', 'O', 'O', 'O', 'O', 'O', 'O', 'O', 'O', 'O', 'O', 'O', 'O', 'O', 'O', 'O', 'O']","[0, 0, 0, 0, 0, 0, 0, 0, 0, 0, 0, 0, 0, 0, 0, 0, 0, 0, 0, 0, 0, 0, 0, 0, 0, 0, 0, 0, 0, 0, 0, 0, 0, 0, 0, 0, 0, 0, 0, 0, 0, 0, 0]"
"Der PC Energie Bericht ergab, dass fast die Hälfte aller beruflich genutzten PCs in den USA über Nacht regelmäßig nicht ausgeschaltet werden.",['über Nacht'],[],False,3,V,"Nach einem unangekündigten Systemupdate, das die Energieprofile vieler Rechner drastisch veränderte, zeigte sich ein überraschendes Ergebnis, denn der PC Energie Bericht ergab, dass fast die Hälfte aller beruflich genutzten PCs in den USA über Nacht regelmäßig nicht ausgeschaltet werden.","['Nach', 'einem', 'unangekündigten', 'Systemupdate', ',', 'das', 'die', 'Energieprofile', 'vieler', 'Rechner', 'drastisch', 'veränderte', ',', 'zeigte', 'sich', 'ein', 'überraschendes', 'Ergebnis', ',', 'denn', 'der', 'PC', 'Energie', 'Bericht', 'ergab', ',', 'dass', 'fast', 'die', 'Hälfte', 'aller', 'beruflich', 'genutzten', 'PCs', 'in', 'den', 'USA', 'über', 'Nacht', 'regelmäßig', 'nicht', 'ausgeschaltet', 'werden', '.']","['O', 'O', 'O', 'O', 'O', 'O', 'O', 'O', 'O', 'O', 'O', 'O', 'O', 'O', 'O', 'O', 'O', 'O', 'O', 'O', 'O', 'O', 'O', 'O', 'O', 'O', 'O', 'O', 'O', 'O', 'O', 'O', 'O', 'O', 'O', 'O', 'O', 'O', 'O', 'O', 'O', 'O', 'O', 'O']","[0, 0, 0, 0, 0, 0, 0, 0, 0, 0, 0, 0, 0, 0, 0, 0, 0, 0, 0, 0, 0, 0, 0, 0, 0, 0, 0, 0, 0, 0, 0, 0, 0, 0, 0, 0, 0, 0, 0, 0, 0, 0, 0, 0]"
"Das Gespräch zwischen den beiden ergibt, dass noch eine weitere Schwester existiert, Cammie, und dass Cammie oft über Nacht im Haus ihrer Freundin Sheila bleibt.",['über  Nacht'],[],False,1,V,"Inmitten einer Flut von Enthüllungen, die das Familiengefüge innerhalb von Stunden erschütterten und wo eine schockierende Neuigkeit die nächste jagte, ergab das Gespräch zwischen den beiden, dass noch eine weitere Schwester existiert, Cammie, und dass Cammie oft über Nacht im Haus ihrer Freundin Sheila bleibt.","['Inmitten', 'einer', 'Flut', 'von', 'Enthüllungen', ',', 'die', 'das', 'Familiengefüge', 'innerhalb', 'von', 'Stunden', 'erschütterten', 'und', 'wo', 'eine', 'schockierende', 'Neuigkeit', 'die', 'nächste', 'jagte', ',', 'ergab', 'das', 'Gespräch', 'zwischen', 'den', 'beiden', ',', 'dass', 'noch', 'eine', 'weitere', 'Schwester', 'existiert', ',', 'Cammie', ',', 'und', 'dass', 'Cammie', 'oft', 'über', 'Nacht', 'im', 'Haus', 'ihrer', 'Freundin', 'Sheila', 'bleibt', '.']","['O', 'O', 'O', 'O', 'O', 'O', 'O', 'O', 'O', 'O', 'O', 'O', 'O', 'O', 'O', 'O', 'O', 'O', 'O', 'O', 'O', 'O', 'O', 'O', 'O', 'O', 'O', 'O', 'O', 'O', 'O', 'O', 'O', 'O', 'O', 'O', 'O', 'O', 'O', 'O', 'O', 'O', 'O', 'O', 'O', 'O', 'O', 'O', 'O', 'O', 'O']","[0, 0, 0, 0, 0, 0, 0, 0, 0, 0, 0, 0, 0, 0, 0, 0, 0, 0, 0, 0, 0, 0, 0, 0, 0, 0, 0, 0, 0, 0, 0, 0, 0, 0, 0, 0, 0, 0, 0, 0, 0, 0, 0, 0, 0, 0, 0, 0, 0, 0, 0]"
"Das Gespräch zwischen den beiden ergibt, dass noch eine weitere Schwester existiert, Cammie, und dass Cammie oft über Nacht im Haus ihrer Freundin Sheila bleibt.",['über  Nacht'],[],False,2,V,"Sie diskutierten das Muster von Familienmitgliedern, die abrupt auftauchten und ebenso unerwartet wieder verschwanden, als wäre es eine Tradition, ohne Vorwarnung zu agieren, und in diesem Kontext ergab das Gespräch zwischen den beiden, dass noch eine weitere Schwester existiert, Cammie, und dass Cammie oft über Nacht im Haus ihrer Freundin Sheila bleibt.","['Sie', 'diskutierten', 'das', 'Muster', 'von', 'Familienmitgliedern', ',', 'die', 'abrupt', 'auftauchten', 'und', 'ebenso', 'unerwartet', 'wieder', 'verschwanden', ',', 'als', 'wäre', 'es', 'eine', 'Tradition', ',', 'ohne', 'Vorwarnung', 'zu', 'agieren', ',', 'und', 'in', 'diesem', 'Kontext', 'ergab', 'das', 'Gespräch', 'zwischen', 'den', 'beiden', ',', 'dass', 'noch', 'eine', 'weitere', 'Schwester', 'existiert', ',', 'Cammie', ',', 'und', 'dass', 'Cammie', 'oft', 'über', 'Nacht', 'im', 'Haus', 'ihrer', 'Freundin', 'Sheila', 'bleibt', '.']","['O', 'O', 'O', 'O', 'O', 'O', 'O', 'O', 'O', 'O', 'O', 'O', 'O', 'O', 'O', 'O', 'O', 'O', 'O', 'O', 'O', 'O', 'O', 'O', 'O', 'O', 'O', 'O', 'O', 'O', 'O', 'O', 'O', 'O', 'O', 'O', 'O', 'O', 'O', 'O', 'O', 'O', 'O', 'O', 'O', 'O', 'O', 'O', 'O', 'O', 'O', 'O', 'O', 'O', 'O', 'O', 'O', 'O', 'O', 'O']","[0, 0, 0, 0, 0, 0, 0, 0, 0, 0, 0, 0, 0, 0, 0, 0, 0, 0, 0, 0, 0, 0, 0, 0, 0, 0, 0, 0, 0, 0, 0, 0, 0, 0, 0, 0, 0, 0, 0, 0, 0, 0, 0, 0, 0, 0, 0, 0, 0, 0, 0, 0, 0, 0, 0, 0, 0, 0, 0, 0]"
"Das Gespräch zwischen den beiden ergibt, dass noch eine weitere Schwester existiert, Cammie, und dass Cammie oft über Nacht im Haus ihrer Freundin Sheila bleibt.",['über  Nacht'],[],False,3,V,"Während sie versuchten, die überstürzten Ereignisse der letzten Tage zu ordnen, in denen sich alles rasant entwickelt hatte und schnelle Entscheidungen getroffen werden mussten, ergab das Gespräch zwischen den beiden, dass noch eine weitere Schwester existiert, Cammie, und dass Cammie oft über Nacht im Haus ihrer Freundin Sheila bleibt.","['Während', 'sie', 'versuchten', ',', 'die', 'überstürzten', 'Ereignisse', 'der', 'letzten', 'Tage', 'zu', 'ordnen', ',', 'in', 'denen', 'sich', 'alles', 'rasant', 'entwickelt', 'hatte', 'und', 'schnelle', 'Entscheidungen', 'getroffen', 'werden', 'mussten', ',', 'ergab', 'das', 'Gespräch', 'zwischen', 'den', 'beiden', ',', 'dass', 'noch', 'eine', 'weitere', 'Schwester', 'existiert', ',', 'Cammie', ',', 'und', 'dass', 'Cammie', 'oft', 'über', 'Nacht', 'im', 'Haus', 'ihrer', 'Freundin', 'Sheila', 'bleibt', '.']","['O', 'O', 'O', 'O', 'O', 'O', 'O', 'O', 'O', 'O', 'O', 'O', 'O', 'O', 'O', 'O', 'O', 'O', 'O', 'O', 'O', 'O', 'O', 'O', 'O', 'O', 'O', 'O', 'O', 'O', 'O', 'O', 'O', 'O', 'O', 'O', 'O', 'O', 'O', 'O', 'O', 'O', 'O', 'O', 'O', 'O', 'O', 'O', 'O', 'O', 'O', 'O', 'O', 'O', 'O', 'O']","[0, 0, 0, 0, 0, 0, 0, 0, 0, 0, 0, 0, 0, 0, 0, 0, 0, 0, 0, 0, 0, 0, 0, 0, 0, 0, 0, 0, 0, 0, 0, 0, 0, 0, 0, 0, 0, 0, 0, 0, 0, 0, 0, 0, 0, 0, 0, 0, 0, 0, 0, 0, 0, 0, 0, 0]"
Durch den Wind wurden 27 Häuser in der Region zerstört.,['durch den wind'],[],False,1,V,"Die psychologische Betreuung der Anwohner nach der Katastrophe war eine enorme Herausforderung, da viele noch völlig desorientiert waren; durch den Wind wurden 27 Häuser in der Region zerstört.","['Die', 'psychologische', 'Betreuung', 'der', 'Anwohner', 'nach', 'der', 'Katastrophe', 'war', 'eine', 'enorme', 'Herausforderung', ',', 'da', 'viele', 'noch', 'völlig', 'desorientiert', 'waren', ';', 'durch', 'den', 'Wind', 'wurden', '27', 'Häuser', 'in', 'der', 'Region', 'zerstört', '.']","['O', 'O', 'O', 'O', 'O', 'O', 'O', 'O', 'O', 'O', 'O', 'O', 'O', 'O', 'O', 'O', 'O', 'O', 'O', 'O', 'O', 'O', 'O', 'O', 'O', 'O', 'O', 'O', 'O', 'O', 'O']","[0, 0, 0, 0, 0, 0, 0, 0, 0, 0, 0, 0, 0, 0, 0, 0, 0, 0, 0, 0, 0, 0, 0, 0, 0, 0, 0, 0, 0, 0, 0]"
Durch den Wind wurden 27 Häuser in der Region zerstört.,['durch den wind'],[],False,2,V,"Der erste Bericht des Reporters war völlig konfus, da der Mann unter Schock stand und seine eigene Verwirrung in die Meldung einfloss; so hieß es zunächst, durch den Wind wurden 27 Häuser in der Region zerstört.","['Der', 'erste', 'Bericht', 'des', 'Reporters', 'war', 'völlig', 'konfus', ',', 'da', 'der', 'Mann', 'unter', 'Schock', 'stand', 'und', 'seine', 'eigene', 'Verwirrung', 'in', 'die', 'Meldung', 'einfloss', ';', 'so', 'hieß', 'es', 'zunächst', ',', 'durch', 'den', 'Wind', 'wurden', '27', 'Häuser', 'in', 'der', 'Region', 'zerstört', '.']","['O', 'O', 'O', 'O', 'O', 'O', 'O', 'O', 'O', 'O', 'O', 'O', 'O', 'O', 'O', 'O', 'O', 'O', 'O', 'O', 'O', 'O', 'O', 'O', 'O', 'O', 'O', 'O', 'O', 'O', 'O', 'O', 'O', 'O', 'O', 'O', 'O', 'O', 'O', 'O']","[0, 0, 0, 0, 0, 0, 0, 0, 0, 0, 0, 0, 0, 0, 0, 0, 0, 0, 0, 0, 0, 0, 0, 0, 0, 0, 0, 0, 0, 0, 0, 0, 0, 0, 0, 0, 0, 0, 0, 0]"
Durch den Wind wurden 27 Häuser in der Region zerstört.,['durch den wind'],[],False,3,V,"Der Künstler erklärte, sein Werk solle die desorientierende Kraft moderner Politik und die Verwirrung der Menschen darstellen; in seiner apokalyptischen Vision durch den Wind wurden 27 Häuser in der Region zerstört.","['Der', 'Künstler', 'erklärte', ',', 'sein', 'Werk', 'solle', 'die', 'desorientierende', 'Kraft', 'moderner', 'Politik', 'und', 'die', 'Verwirrung', 'der', 'Menschen', 'darstellen', ';', 'in', 'seiner', 'apokalyptischen', 'Vision', 'durch', 'den', 'Wind', 'wurden', '27', 'Häuser', 'in', 'der', 'Region', 'zerstört', '.']","['O', 'O', 'O', 'O', 'O', 'O', 'O', 'O', 'O', 'O', 'O', 'O', 'O', 'O', 'O', 'O', 'O', 'O', 'O', 'O', 'O', 'O', 'O', 'O', 'O', 'O', 'O', 'O', 'O', 'O', 'O', 'O', 'O', 'O']","[0, 0, 0, 0, 0, 0, 0, 0, 0, 0, 0, 0, 0, 0, 0, 0, 0, 0, 0, 0, 0, 0, 0, 0, 0, 0, 0, 0, 0, 0, 0, 0, 0, 0]"
Oftmals wurde die Kohle über Nacht gestohlen.,['über  Nacht'],[],False,1,V,"Der alte Casino-Besitzer, der sowohl seine Einnahmen als auch den Brennstoff für seine antiken Heizöfen im Keller lagerte, klagte bitterlich über die ständigen Verluste, denn oftmals wurde die Kohle über Nacht gestohlen.","['Der', 'alte', 'Casino', '-', 'Besitzer', ',', 'der', 'sowohl', 'seine', 'Einnahmen', 'als', 'auch', 'den', 'Brennstoff', 'für', 'seine', 'antiken', 'Heizöfen', 'im', 'Keller', 'lagerte', ',', 'klagte', 'bitterlich', 'über', 'die', 'ständigen', 'Verluste', ',', 'denn', 'oftmals', 'wurde', 'die', 'Kohle', 'über', 'Nacht', 'gestohlen', '.']","['O', 'O', 'O', 'O', 'O', 'O', 'O', 'O', 'O', 'O', 'O', 'O', 'O', 'O', 'O', 'O', 'O', 'O', 'O', 'O', 'O', 'O', 'O', 'O', 'O', 'O', 'O', 'O', 'O', 'O', 'O', 'O', 'O', 'O', 'O', 'O', 'O', 'O']","[0, 0, 0, 0, 0, 0, 0, 0, 0, 0, 0, 0, 0, 0, 0, 0, 0, 0, 0, 0, 0, 0, 0, 0, 0, 0, 0, 0, 0, 0, 0, 0, 0, 0, 0, 0, 0, 0]"
Oftmals wurde die Kohle über Nacht gestohlen.,['über  Nacht'],[],False,2,V,"Während der Lagerverwalter die Inventur der Brennstoffreserven für den Winter durchging und der Buchhalter gleichzeitig die unerklärlich schnellen Verluste im Firmenportfolio analysierte, stand am Ende ihres gemeinsamen Berichts eine frustrierende Zusammenfassung, denn oftmals wurde die Kohle über Nacht gestohlen.","['Während', 'der', 'Lagerverwalter', 'die', 'Inventur', 'der', 'Brennstoffreserven', 'für', 'den', 'Winter', 'durchging', 'und', 'der', 'Buchhalter', 'gleichzeitig', 'die', 'unerklärlich', 'schnellen', 'Verluste', 'im', 'Firmenportfolio', 'analysierte', ',', 'stand', 'am', 'Ende', 'ihres', 'gemeinsamen', 'Berichts', 'eine', 'frustrierende', 'Zusammenfassung', ',', 'denn', 'oftmals', 'wurde', 'die', 'Kohle', 'über', 'Nacht', 'gestohlen', '.']","['O', 'O', 'O', 'O', 'O', 'O', 'O', 'O', 'O', 'O', 'O', 'O', 'O', 'O', 'O', 'O', 'O', 'O', 'O', 'O', 'O', 'O', 'O', 'O', 'O', 'O', 'O', 'O', 'O', 'O', 'O', 'O', 'O', 'O', 'O', 'O', 'O', 'O', 'O', 'O', 'O', 'O']","[0, 0, 0, 0, 0, 0, 0, 0, 0, 0, 0, 0, 0, 0, 0, 0, 0, 0, 0, 0, 0, 0, 0, 0, 0, 0, 0, 0, 0, 0, 0, 0, 0, 0, 0, 0, 0, 0, 0, 0, 0, 0]"
Oftmals wurde die Kohle über Nacht gestohlen.,['über  Nacht'],[],False,3,V,"Nach dem plötzlichen und unerklärlichen Absturz der Aktien des Energieunternehmens, der die gesamten Investitionen auslöschte, kamen die verärgerten Anleger zu dem Schluss, oftmals wurde die Kohle über Nacht gestohlen.","['Nach', 'dem', 'plötzlichen', 'und', 'unerklärlichen', 'Absturz', 'der', 'Aktien', 'des', 'Energieunternehmens', ',', 'der', 'die', 'gesamten', 'Investitionen', 'auslöschte', ',', 'kamen', 'die', 'verärgerten', 'Anleger', 'zu', 'dem', 'Schluss', ',', 'oftmals', 'wurde', 'die', 'Kohle', 'über', 'Nacht', 'gestohlen', '.']","['O', 'O', 'O', 'O', 'O', 'O', 'O', 'O', 'O', 'O', 'O', 'O', 'O', 'O', 'O', 'O', 'O', 'O', 'O', 'O', 'O', 'O', 'O', 'O', 'O', 'O', 'O', 'O', 'O', 'O', 'O', 'O', 'O']","[0, 0, 0, 0, 0, 0, 0, 0, 0, 0, 0, 0, 0, 0, 0, 0, 0, 0, 0, 0, 0, 0, 0, 0, 0, 0, 0, 0, 0, 0, 0, 0, 0]"
"Lemon Drop sind sehr ertragreiche Chilipflanzen, in einem Jahr kann eine Pflanze über 100 Früchte tragen.",['Früchte tragen'],[],False,1,V,"Nachdem er monatelang seine ganze Energie in das neue Gartenbeet gesteckt hatte, konnte man endlich sehen, dass sich seine Mühe gelohnt hat, denn Lemon Drop sind sehr ertragreiche Chilipflanzen, in einem Jahr kann eine Pflanze über 100 Früchte tragen.","['Nachdem', 'er', 'monatelang', 'seine', 'ganze', 'Energie', 'in', 'das', 'neue', 'Gartenbeet', 'gesteckt', 'hatte', ',', 'konnte', 'man', 'endlich', 'sehen', ',', 'dass', 'sich', 'seine', 'Mühe', 'gelohnt', 'hat', ',', 'denn', 'Lemon', 'Drop', 'sind', 'sehr', 'ertragreiche', 'Chilipflanzen', ',', 'in', 'einem', 'Jahr', 'kann', 'eine', 'Pflanze', 'über', '100', 'Früchte', 'tragen', '.']","['O', 'O', 'O', 'O', 'O', 'O', 'O', 'O', 'O', 'O', 'O', 'O', 'O', 'O', 'O', 'O', 'O', 'O', 'O', 'O', 'O', 'O', 'O', 'O', 'O', 'O', 'O', 'O', 'O', 'O', 'O', 'O', 'O', 'O', 'O', 'O', 'O', 'O', 'O', 'O', 'O', 'O', 'O', 'O']","[0, 0, 0, 0, 0, 0, 0, 0, 0, 0, 0, 0, 0, 0, 0, 0, 0, 0, 0, 0, 0, 0, 0, 0, 0, 0, 0, 0, 0, 0, 0, 0, 0, 0, 0, 0, 0, 0, 0, 0, 0, 0, 0, 0]"
"Lemon Drop sind sehr ertragreiche Chilipflanzen, in einem Jahr kann eine Pflanze über 100 Früchte tragen.",['Früchte tragen'],[],False,2,V,"Für Investoren, die nach einer Anlage mit hohem Ertrag suchen, gibt es eine überraschende neue Option, denn Lemon Drop sind sehr ertragreiche Chilipflanzen, in einem Jahr kann eine Pflanze über 100 Früchte tragen.","['Für', 'Investoren', ',', 'die', 'nach', 'einer', 'Anlage', 'mit', 'hohem', 'Ertrag', 'suchen', ',', 'gibt', 'es', 'eine', 'überraschende', 'neue', 'Option', ',', 'denn', 'Lemon', 'Drop', 'sind', 'sehr', 'ertragreiche', 'Chilipflanzen', ',', 'in', 'einem', 'Jahr', 'kann', 'eine', 'Pflanze', 'über', '100', 'Früchte', 'tragen', '.']","['O', 'O', 'O', 'O', 'O', 'O', 'O', 'O', 'O', 'O', 'O', 'O', 'O', 'O', 'O', 'O', 'O', 'O', 'O', 'O', 'O', 'O', 'O', 'O', 'O', 'O', 'O', 'O', 'O', 'O', 'O', 'O', 'O', 'O', 'O', 'O', 'O', 'O']","[0, 0, 0, 0, 0, 0, 0, 0, 0, 0, 0, 0, 0, 0, 0, 0, 0, 0, 0, 0, 0, 0, 0, 0, 0, 0, 0, 0, 0, 0, 0, 0, 0, 0, 0, 0, 0, 0]"
"Lemon Drop sind sehr ertragreiche Chilipflanzen, in einem Jahr kann eine Pflanze über 100 Früchte tragen.",['Früchte tragen'],[],False,3,V,"Um den Kindern zu zeigen, wie sich harte Arbeit und Geduld auszahlen können, haben wir im Schulgarten ein Experiment gestartet, und tatsächlich, Lemon Drop sind sehr ertragreiche Chilipflanzen, in einem Jahr kann eine Pflanze über 100 Früchte tragen.","['Um', 'den', 'Kindern', 'zu', 'zeigen', ',', 'wie', 'sich', 'harte', 'Arbeit', 'und', 'Geduld', 'auszahlen', 'können', ',', 'haben', 'wir', 'im', 'Schulgarten', 'ein', 'Experiment', 'gestartet', ',', 'und', 'tatsächlich', ',', 'Lemon', 'Drop', 'sind', 'sehr', 'ertragreiche', 'Chilipflanzen', ',', 'in', 'einem', 'Jahr', 'kann', 'eine', 'Pflanze', 'über', '100', 'Früchte', 'tragen', '.']","['O', 'O', 'O', 'O', 'O', 'O', 'O', 'O', 'O', 'O', 'O', 'O', 'O', 'O', 'O', 'O', 'O', 'O', 'O', 'O', 'O', 'O', 'O', 'O', 'O', 'O', 'O', 'O', 'O', 'O', 'O', 'O', 'O', 'O', 'O', 'O', 'O', 'O', 'O', 'O', 'O', 'O', 'O', 'O']","[0, 0, 0, 0, 0, 0, 0, 0, 0, 0, 0, 0, 0, 0, 0, 0, 0, 0, 0, 0, 0, 0, 0, 0, 0, 0, 0, 0, 0, 0, 0, 0, 0, 0, 0, 0, 0, 0, 0, 0, 0, 0, 0, 0]"
"Eriksson ist entsetzt, dass ihre Tanten Eva bei diesem Wetter einen so langen Weg haben laufen lassen nur um Kartoffelmehl zu holen.",['laufen lassen'],[],False,1,V,"Im Kontext der angespannten Familiendynamik, in der Evas Unabhängigkeitsbestrebungen als Verrat galten und die Tanten sie daraufhin aus ihrem Leben entfernten, ist Eriksson entsetzt, dass ihre Tanten Eva bei diesem Wetter einen so langen Weg haben laufen lassen nur um Kartoffelmehl zu holen.","['Im', 'Kontext', 'der', 'angespannten', 'Familiendynamik', ',', 'in', 'der', 'Evas', 'Unabhängigkeitsbestrebungen', 'als', 'Verrat', 'galten', 'und', 'die', 'Tanten', 'sie', 'daraufhin', 'aus', 'ihrem', 'Leben', 'entfernten', ',', 'ist', 'Eriksson', 'entsetzt', ',', 'dass', 'ihre', 'Tanten', 'Eva', 'bei', 'diesem', 'Wetter', 'einen', 'so', 'langen', 'Weg', 'haben', 'laufen', 'lassen', 'nur', 'um', 'Kartoffelmehl', 'zu', 'holen', '.']","['O', 'O', 'O', 'O', 'O', 'O', 'O', 'O', 'O', 'O', 'O', 'O', 'O', 'O', 'O', 'O', 'O', 'O', 'O', 'O', 'O', 'O', 'O', 'O', 'O', 'O', 'O', 'O', 'O', 'O', 'O', 'O', 'O', 'O', 'O', 'O', 'O', 'O', 'O', 'O', 'O', 'O', 'O', 'O', 'O', 'O', 'O']","[0, 0, 0, 0, 0, 0, 0, 0, 0, 0, 0, 0, 0, 0, 0, 0, 0, 0, 0, 0, 0, 0, 0, 0, 0, 0, 0, 0, 0, 0, 0, 0, 0, 0, 0, 0, 0, 0, 0, 0, 0, 0, 0, 0, 0, 0, 0]"
"Eriksson ist entsetzt, dass ihre Tanten Eva bei diesem Wetter einen so langen Weg haben laufen lassen nur um Kartoffelmehl zu holen.",['laufen lassen'],[],False,2,V,"Als Eriksson die neueste Dorfklatsch-Version von Evas Rauswurf hörte, die besagte, man habe sie nach einem Streit einfach ihrem Schicksal überlassen, ist Eriksson entsetzt, dass ihre Tanten Eva bei diesem Wetter einen so langen Weg haben laufen lassen nur um Kartoffelmehl zu holen.","['Als', 'Eriksson', 'die', 'neueste', 'Dorfklatsch', '-', 'Version', 'von', 'Evas', 'Rauswurf', 'hörte', ',', 'die', 'besagte', ',', 'man', 'habe', 'sie', 'nach', 'einem', 'Streit', 'einfach', 'ihrem', 'Schicksal', 'überlassen', ',', 'ist', 'Eriksson', 'entsetzt', ',', 'dass', 'ihre', 'Tanten', 'Eva', 'bei', 'diesem', 'Wetter', 'einen', 'so', 'langen', 'Weg', 'haben', 'laufen', 'lassen', 'nur', 'um', 'Kartoffelmehl', 'zu', 'holen', '.']","['O', 'O', 'O', 'O', 'O', 'O', 'O', 'O', 'O', 'O', 'O', 'O', 'O', 'O', 'O', 'O', 'O', 'O', 'O', 'O', 'O', 'O', 'O', 'O', 'O', 'O', 'O', 'O', 'O', 'O', 'O', 'O', 'O', 'O', 'O', 'O', 'O', 'O', 'O', 'O', 'O', 'O', 'O', 'O', 'O', 'O', 'O', 'O', 'O', 'O']","[0, 0, 0, 0, 0, 0, 0, 0, 0, 0, 0, 0, 0, 0, 0, 0, 0, 0, 0, 0, 0, 0, 0, 0, 0, 0, 0, 0, 0, 0, 0, 0, 0, 0, 0, 0, 0, 0, 0, 0, 0, 0, 0, 0, 0, 0, 0, 0, 0, 0]"
"Eriksson ist entsetzt, dass ihre Tanten Eva bei diesem Wetter einen so langen Weg haben laufen lassen nur um Kartoffelmehl zu holen.",['laufen lassen'],[],False,3,V,"Unmittelbar nachdem Eva verkündet hatte, das Haus für immer zu verlassen, und die Tanten ihre Enttäuschung mit einer letzten, symbolischen Aufgabe zeigten, bevor sie sie ziehen ließen, ist Eriksson entsetzt, dass ihre Tanten Eva bei diesem Wetter einen so langen Weg haben laufen lassen nur um Kartoffelmehl zu holen.","['Unmittelbar', 'nachdem', 'Eva', 'verkündet', 'hatte', ',', 'das', 'Haus', 'für', 'immer', 'zu', 'verlassen', ',', 'und', 'die', 'Tanten', 'ihre', 'Enttäuschung', 'mit', 'einer', 'letzten', ',', 'symbolischen', 'Aufgabe', 'zeigten', ',', 'bevor', 'sie', 'sie', 'ziehen', 'ließen', ',', 'ist', 'Eriksson', 'entsetzt', ',', 'dass', 'ihre', 'Tanten', 'Eva', 'bei', 'diesem', 'Wetter', 'einen', 'so', 'langen', 'Weg', 'haben', 'laufen', 'lassen', 'nur', 'um', 'Kartoffelmehl', 'zu', 'holen', '.']","['O', 'O', 'O', 'O', 'O', 'O', 'O', 'O', 'O', 'O', 'O', 'O', 'O', 'O', 'O', 'O', 'O', 'O', 'O', 'O', 'O', 'O', 'O', 'O', 'O', 'O', 'O', 'O', 'O', 'O', 'O', 'O', 'O', 'O', 'O', 'O', 'O', 'O', 'O', 'O', 'O', 'O', 'O', 'O', 'O', 'O', 'O', 'O', 'O', 'O', 'O', 'O', 'O', 'O', 'O', 'O']","[0, 0, 0, 0, 0, 0, 0, 0, 0, 0, 0, 0, 0, 0, 0, 0, 0, 0, 0, 0, 0, 0, 0, 0, 0, 0, 0, 0, 0, 0, 0, 0, 0, 0, 0, 0, 0, 0, 0, 0, 0, 0, 0, 0, 0, 0, 0, 0, 0, 0, 0, 0, 0, 0, 0, 0]"
"Völlig ausgeschlossen, daß dieser Mann fünfundzwanzig Jahre nicht Schach gespielt haben soll! Er hat doch jeden Zug, jede Gegenpointe auf fünf, auf sechs Züge vorausberechnet. So etwas kann niemand aus dem Handgelenk. Das ist doch völlig ausgeschlossen – nicht wahr?",['aus dem Handgelenk'],['aus dem Handgelenk'],True,1,V,"Die Ingenieure beobachteten den humanoiden Prototyp, dessen physische Bewegungen perfektioniert waren, der aber angeblich über keine aktuellen Schacheröffnungs-Datenbanken verfügte, völlig ausgeschlossen, daß dieser Mann fünfundzwanzig Jahre nicht Schach gespielt haben soll! Er hat doch jeden Zug, jede Gegenpointe auf fünf, auf sechs Züge vorausberechnet. So etwas kann niemand aus dem Handgelenk. Das ist doch völlig ausgeschlossen – nicht wahr?","['Die', 'Ingenieure', 'beobachteten', 'den', 'humanoiden', 'Prototyp', ',', 'dessen', 'physische', 'Bewegungen', 'perfektioniert', 'waren', ',', 'der', 'aber', 'angeblich', 'über', 'keine', 'aktuellen', 'Schacheröffnungs', '-', 'Datenbanken', 'verfügte', ',', 'völlig', 'ausgeschlossen', ',', 'daß', 'dieser', 'Mann', 'fünfundzwanzig', 'Jahre', 'nicht', 'Schach', 'gespielt', 'haben', 'soll', '!', 'Er', 'hat', 'doch', 'jeden', 'Zug', ',', 'jede', 'Gegenpointe', 'auf', 'fünf', ',', 'auf', 'sechs', 'Züge', 'vorausberechnet', '.', 'So', 'etwas', 'kann', 'niemand', 'aus', 'dem', 'Handgelenk', '.', 'Das', 'ist', 'doch', 'völlig', 'ausgeschlossen', '–', 'nicht', 'wahr', '?']","['O', 'O', 'O', 'O', 'O', 'O', 'O', 'O', 'O', 'O', 'O', 'O', 'O', 'O', 'O', 'O', 'O', 'O', 'O', 'O', 'O', 'O', 'O', 'O', 'O', 'O', 'O', 'O', 'O', 'O', 'O', 'O', 'O', 'O', 'O', 'O', 'O', 'O', 'O', 'O', 'O', 'O', 'O', 'O', 'O', 'O', 'O', 'O', 'O', 'O', 'O', 'O', 'O', 'O', 'O', 'O', 'O', 'O', 'B-IDIOM', 'I-IDIOM', 'I-IDIOM', 'O', 'O', 'O', 'O', 'O', 'O', 'O', 'O', 'O', 'O']","[0, 0, 0, 0, 0, 0, 0, 0, 0, 0, 0, 0, 0, 0, 0, 0, 0, 0, 0, 0, 0, 0, 0, 0, 0, 0, 0, 0, 0, 0, 0, 0, 0, 0, 0, 0, 0, 0, 0, 0, 0, 0, 0, 0, 0, 0, 0, 0, 0, 0, 0, 0, 0, 0, 0, 0, 0, 0, 1, 2, 2, 0, 0, 0, 0, 0, 0, 0, 0, 0, 0]"
"Völlig ausgeschlossen, daß dieser Mann fünfundzwanzig Jahre nicht Schach gespielt haben soll! Er hat doch jeden Zug, jede Gegenpointe auf fünf, auf sechs Züge vorausberechnet. So etwas kann niemand aus dem Handgelenk. Das ist doch völlig ausgeschlossen – nicht wahr?",['aus dem Handgelenk'],['aus dem Handgelenk'],True,2,V,"Das Publikum sah dem Künstler zu, der während der Simultanpartie gleichzeitig winzige Porträts seiner Gegner auf die Fingernägel malte und die Figuren mit derselben Hand zog, völlig ausgeschlossen, daß dieser Mann fünfundzwanzig Jahre nicht Schach gespielt haben soll! Er hat doch jeden Zug, jede Gegenpointe auf fünf, auf sechs Züge vorausberechnet. So etwas kann niemand aus dem Handgelenk. Das ist doch völlig ausgeschlossen – nicht wahr?","['Das', 'Publikum', 'sah', 'dem', 'Künstler', 'zu', ',', 'der', 'während', 'der', 'Simultanpartie', 'gleichzeitig', 'winzige', 'Porträts', 'seiner', 'Gegner', 'auf', 'die', 'Fingernägel', 'malte', 'und', 'die', 'Figuren', 'mit', 'derselben', 'Hand', 'zog', ',', 'völlig', 'ausgeschlossen', ',', 'daß', 'dieser', 'Mann', 'fünfundzwanzig', 'Jahre', 'nicht', 'Schach', 'gespielt', 'haben', 'soll', '!', 'Er', 'hat', 'doch', 'jeden', 'Zug', ',', 'jede', 'Gegenpointe', 'auf', 'fünf', ',', 'auf', 'sechs', 'Züge', 'vorausberechnet', '.', 'So', 'etwas', 'kann', 'niemand', 'aus', 'dem', 'Handgelenk', '.', 'Das', 'ist', 'doch', 'völlig', 'ausgeschlossen', '–', 'nicht', 'wahr', '?']","['O', 'O', 'O', 'O', 'O', 'O', 'O', 'O', 'O', 'O', 'O', 'O', 'O', 'O', 'O', 'O', 'O', 'O', 'O', 'O', 'O', 'O', 'O', 'O', 'O', 'O', 'O', 'O', 'O', 'O', 'O', 'O', 'O', 'O', 'O', 'O', 'O', 'O', 'O', 'O', 'O', 'O', 'O', 'O', 'O', 'O', 'O', 'O', 'O', 'O', 'O', 'O', 'O', 'O', 'O', 'O', 'O', 'O', 'O', 'O', 'O', 'O', 'B-IDIOM', 'I-IDIOM', 'I-IDIOM', 'O', 'O', 'O', 'O', 'O', 'O', 'O', 'O', 'O', 'O']","[0, 0, 0, 0, 0, 0, 0, 0, 0, 0, 0, 0, 0, 0, 0, 0, 0, 0, 0, 0, 0, 0, 0, 0, 0, 0, 0, 0, 0, 0, 0, 0, 0, 0, 0, 0, 0, 0, 0, 0, 0, 0, 0, 0, 0, 0, 0, 0, 0, 0, 0, 0, 0, 0, 0, 0, 0, 0, 0, 0, 0, 0, 1, 2, 2, 0, 0, 0, 0, 0, 0, 0, 0, 0, 0]"
"Völlig ausgeschlossen, daß dieser Mann fünfundzwanzig Jahre nicht Schach gespielt haben soll! Er hat doch jeden Zug, jede Gegenpointe auf fünf, auf sechs Züge vorausberechnet. So etwas kann niemand aus dem Handgelenk. Das ist doch völlig ausgeschlossen – nicht wahr?",['aus dem Handgelenk'],['aus dem Handgelenk'],True,3,V,"Während der Zaubervorführung, die mentale Fähigkeiten mit Taschenspielertricks kombinierte, bewegte der Magier die Figuren mit kaum wahrnehmbaren, blitzschnellen Gesten, völlig ausgeschlossen, daß dieser Mann fünfundzwanzig Jahre nicht Schach gespielt haben soll! Er hat doch jeden Zug, jede Gegenpointe auf fünf, auf sechs Züge vorausberechnet. So etwas kann niemand aus dem Handgelenk. Das ist doch völlig ausgeschlossen – nicht wahr?","['Während', 'der', 'Zaubervorführung', ',', 'die', 'mentale', 'Fähigkeiten', 'mit', 'Taschenspielertricks', 'kombinierte', ',', 'bewegte', 'der', 'Magier', 'die', 'Figuren', 'mit', 'kaum', 'wahrnehmbaren', ',', 'blitzschnellen', 'Gesten', ',', 'völlig', 'ausgeschlossen', ',', 'daß', 'dieser', 'Mann', 'fünfundzwanzig', 'Jahre', 'nicht', 'Schach', 'gespielt', 'haben', 'soll', '!', 'Er', 'hat', 'doch', 'jeden', 'Zug', ',', 'jede', 'Gegenpointe', 'auf', 'fünf', ',', 'auf', 'sechs', 'Züge', 'vorausberechnet', '.', 'So', 'etwas', 'kann', 'niemand', 'aus', 'dem', 'Handgelenk', '.', 'Das', 'ist', 'doch', 'völlig', 'ausgeschlossen', '–', 'nicht', 'wahr', '?']","['O', 'O', 'O', 'O', 'O', 'O', 'O', 'O', 'O', 'O', 'O', 'O', 'O', 'O', 'O', 'O', 'O', 'O', 'O', 'O', 'O', 'O', 'O', 'O', 'O', 'O', 'O', 'O', 'O', 'O', 'O', 'O', 'O', 'O', 'O', 'O', 'O', 'O', 'O', 'O', 'O', 'O', 'O', 'O', 'O', 'O', 'O', 'O', 'O', 'O', 'O', 'O', 'O', 'O', 'O', 'O', 'O', 'B-IDIOM', 'I-IDIOM', 'I-IDIOM', 'O', 'O', 'O', 'O', 'O', 'O', 'O', 'O', 'O', 'O']","[0, 0, 0, 0, 0, 0, 0, 0, 0, 0, 0, 0, 0, 0, 0, 0, 0, 0, 0, 0, 0, 0, 0, 0, 0, 0, 0, 0, 0, 0, 0, 0, 0, 0, 0, 0, 0, 0, 0, 0, 0, 0, 0, 0, 0, 0, 0, 0, 0, 0, 0, 0, 0, 0, 0, 0, 0, 1, 2, 2, 0, 0, 0, 0, 0, 0, 0, 0, 0, 0]"
"Immer mit der Ruhe, alter Knabe, schön die Ruhe bewahren, ermahnte ich mich, während ich vom Roller stieg und ihn unangekettet vor dem Hôtel du Palais stehen ließ. Die Sache war noch nicht in trockenen Tüchern.",['in trockenen Tüchern'],['in trockenen Tüchern'],True,1,V,"Ich hatte gerade meine Badesachen aus dem Meer geholt und die nasse Tasche tropfte auf den Gehweg, also immer mit der Ruhe, alter Knabe, schön die Ruhe bewahren, ermahnte ich mich, während ich vom Roller stieg und ihn unangekettet vor dem Hôtel du Palais stehen ließ. Die Sache war noch nicht in trockenen Tüchern.","['Ich', 'hatte', 'gerade', 'meine', 'Badesachen', 'aus', 'dem', 'Meer', 'geholt', 'und', 'die', 'nasse', 'Tasche', 'tropfte', 'auf', 'den', 'Gehweg', ',', 'also', 'immer', 'mit', 'der', 'Ruhe', ',', 'alter', 'Knabe', ',', 'schön', 'die', 'Ruhe', 'bewahren', ',', 'ermahnte', 'ich', 'mich', ',', 'während', 'ich', 'vom', 'Roller', 'stieg', 'und', 'ihn', 'unangekettet', 'vor', 'dem', 'Hôtel', 'du', 'Palais', 'stehen', 'ließ', '.', 'Die', 'Sache', 'war', 'noch', 'nicht', 'in', 'trockenen', 'Tüchern', '.']","['O', 'O', 'O', 'O', 'O', 'O', 'O', 'O', 'O', 'O', 'O', 'O', 'O', 'O', 'O', 'O', 'O', 'O', 'O', 'O', 'O', 'O', 'O', 'O', 'O', 'O', 'O', 'O', 'O', 'O', 'O', 'O', 'O', 'O', 'O', 'O', 'O', 'O', 'O', 'O', 'O', 'O', 'O', 'O', 'O', 'O', 'O', 'O', 'O', 'O', 'O', 'O', 'O', 'O', 'O', 'O', 'O', 'B-IDIOM', 'I-IDIOM', 'I-IDIOM', 'O']","[0, 0, 0, 0, 0, 0, 0, 0, 0, 0, 0, 0, 0, 0, 0, 0, 0, 0, 0, 0, 0, 0, 0, 0, 0, 0, 0, 0, 0, 0, 0, 0, 0, 0, 0, 0, 0, 0, 0, 0, 0, 0, 0, 0, 0, 0, 0, 0, 0, 0, 0, 0, 0, 0, 0, 0, 0, 1, 2, 2, 0]"
"Immer mit der Ruhe, alter Knabe, schön die Ruhe bewahren, ermahnte ich mich, während ich vom Roller stieg und ihn unangekettet vor dem Hôtel du Palais stehen ließ. Die Sache war noch nicht in trockenen Tüchern.",['in trockenen Tüchern'],['in trockenen Tüchern'],True,2,V,"Als Restaurator-Lehrling transportierte ich ein frisch gereinigtes, noch feuchtes Seidenbanner für die Hotelausstellung, das unbedingt fachgerecht gelagert werden musste, deshalb immer mit der Ruhe, alter Knabe, schön die Ruhe bewahren, ermahnte ich mich, während ich vom Roller stieg und ihn unangekettet vor dem Hôtel du Palais stehen ließ. Die Sache war noch nicht in trockenen Tüchern.","['Als', 'Restaurator', '-', 'Lehrling', 'transportierte', 'ich', 'ein', 'frisch', 'gereinigtes', ',', 'noch', 'feuchtes', 'Seidenbanner', 'für', 'die', 'Hotelausstellung', ',', 'das', 'unbedingt', 'fachgerecht', 'gelagert', 'werden', 'musste', ',', 'deshalb', 'immer', 'mit', 'der', 'Ruhe', ',', 'alter', 'Knabe', ',', 'schön', 'die', 'Ruhe', 'bewahren', ',', 'ermahnte', 'ich', 'mich', ',', 'während', 'ich', 'vom', 'Roller', 'stieg', 'und', 'ihn', 'unangekettet', 'vor', 'dem', 'Hôtel', 'du', 'Palais', 'stehen', 'ließ', '.', 'Die', 'Sache', 'war', 'noch', 'nicht', 'in', 'trockenen', 'Tüchern', '.']","['O', 'O', 'O', 'O', 'O', 'O', 'O', 'O', 'O', 'O', 'O', 'O', 'O', 'O', 'O', 'O', 'O', 'O', 'O', 'O', 'O', 'O', 'O', 'O', 'O', 'O', 'O', 'O', 'O', 'O', 'O', 'O', 'O', 'O', 'O', 'O', 'O', 'O', 'O', 'O', 'O', 'O', 'O', 'O', 'O', 'O', 'O', 'O', 'O', 'O', 'O', 'O', 'O', 'O', 'O', 'O', 'O', 'O', 'O', 'O', 'O', 'O', 'O', 'B-IDIOM', 'I-IDIOM', 'I-IDIOM', 'O']","[0, 0, 0, 0, 0, 0, 0, 0, 0, 0, 0, 0, 0, 0, 0, 0, 0, 0, 0, 0, 0, 0, 0, 0, 0, 0, 0, 0, 0, 0, 0, 0, 0, 0, 0, 0, 0, 0, 0, 0, 0, 0, 0, 0, 0, 0, 0, 0, 0, 0, 0, 0, 0, 0, 0, 0, 0, 0, 0, 0, 0, 0, 0, 1, 2, 2, 0]"
"Immer mit der Ruhe, alter Knabe, schön die Ruhe bewahren, ermahnte ich mich, während ich vom Roller stieg und ihn unangekettet vor dem Hôtel du Palais stehen ließ. Die Sache war noch nicht in trockenen Tüchern.",['in trockenen Tüchern'],['in trockenen Tüchern'],True,3,V,"Meine Aufgabe war es, eine zerbrechliche Glasfigur auszuliefern, die zum Schutz in feuchte Polstermaterialien gewickelt war und nun neu verpackt werden musste, also immer mit der Ruhe, alter Knabe, schön die Ruhe bewahren, ermahnte ich mich, während ich vom Roller stieg und ihn unangekettet vor dem Hôtel du Palais stehen ließ. Die Sache war noch nicht in trockenen Tüchern.","['Meine', 'Aufgabe', 'war', 'es', ',', 'eine', 'zerbrechliche', 'Glasfigur', 'auszuliefern', ',', 'die', 'zum', 'Schutz', 'in', 'feuchte', 'Polstermaterialien', 'gewickelt', 'war', 'und', 'nun', 'neu', 'verpackt', 'werden', 'musste', ',', 'also', 'immer', 'mit', 'der', 'Ruhe', ',', 'alter', 'Knabe', ',', 'schön', 'die', 'Ruhe', 'bewahren', ',', 'ermahnte', 'ich', 'mich', ',', 'während', 'ich', 'vom', 'Roller', 'stieg', 'und', 'ihn', 'unangekettet', 'vor', 'dem', 'Hôtel', 'du', 'Palais', 'stehen', 'ließ', '.', 'Die', 'Sache', 'war', 'noch', 'nicht', 'in', 'trockenen', 'Tüchern', '.']","['O', 'O', 'O', 'O', 'O', 'O', 'O', 'O', 'O', 'O', 'O', 'O', 'O', 'O', 'O', 'O', 'O', 'O', 'O', 'O', 'O', 'O', 'O', 'O', 'O', 'O', 'O', 'O', 'O', 'O', 'O', 'O', 'O', 'O', 'O', 'O', 'O', 'O', 'O', 'O', 'O', 'O', 'O', 'O', 'O', 'O', 'O', 'O', 'O', 'O', 'O', 'O', 'O', 'O', 'O', 'O', 'O', 'O', 'O', 'O', 'O', 'O', 'O', 'O', 'B-IDIOM', 'I-IDIOM', 'I-IDIOM', 'O']","[0, 0, 0, 0, 0, 0, 0, 0, 0, 0, 0, 0, 0, 0, 0, 0, 0, 0, 0, 0, 0, 0, 0, 0, 0, 0, 0, 0, 0, 0, 0, 0, 0, 0, 0, 0, 0, 0, 0, 0, 0, 0, 0, 0, 0, 0, 0, 0, 0, 0, 0, 0, 0, 0, 0, 0, 0, 0, 0, 0, 0, 0, 0, 0, 1, 2, 2, 0]"
"Die Praxis scheint um 1847 in Ungnade gefallen zu sein, als Dewees vorschlug, dass eine Krankenschwester oder ein anderer Fachmann für diese Aufgabe eher geeignet sei als ein Tier.",['in Ungnade gefallen'],['in Ungnade gefallen'],True,1,V,"Beim Studium der topografischen Medizingeschichte, die ein abgelegenes Sanatorium in einem Tal namens Ungnade erwähnte, in dem umstrittene Methoden angewandt wurden, die Praxis scheint um 1847 in Ungnade gefallen zu sein, als Dewees vorschlug, dass eine Krankenschwester oder ein anderer Fachmann für diese Aufgabe eher geeignet sei als ein Tier.","['Beim', 'Studium', 'der', 'topografischen', 'Medizingeschichte', ',', 'die', 'ein', 'abgelegenes', 'Sanatorium', 'in', 'einem', 'Tal', 'namens', 'Ungnade', 'erwähnte', ',', 'in', 'dem', 'umstrittene', 'Methoden', 'angewandt', 'wurden', ',', 'die', 'Praxis', 'scheint', 'um', '1847', 'in', 'Ungnade', 'gefallen', 'zu', 'sein', ',', 'als', 'Dewees', 'vorschlug', ',', 'dass', 'eine', 'Krankenschwester', 'oder', 'ein', 'anderer', 'Fachmann', 'für', 'diese', 'Aufgabe', 'eher', 'geeignet', 'sei', 'als', 'ein', 'Tier', '.']","['O', 'O', 'O', 'O', 'O', 'O', 'O', 'O', 'O', 'O', 'O', 'O', 'O', 'O', 'O', 'O', 'O', 'O', 'O', 'O', 'O', 'O', 'O', 'O', 'O', 'O', 'O', 'O', 'O', 'B-IDIOM', 'I-IDIOM', 'I-IDIOM', 'O', 'O', 'O', 'O', 'O', 'O', 'O', 'O', 'O', 'O', 'O', 'O', 'O', 'O', 'O', 'O', 'O', 'O', 'O', 'O', 'O', 'O', 'O', 'O']","[0, 0, 0, 0, 0, 0, 0, 0, 0, 0, 0, 0, 0, 0, 0, 0, 0, 0, 0, 0, 0, 0, 0, 0, 0, 0, 0, 0, 0, 1, 2, 2, 0, 0, 0, 0, 0, 0, 0, 0, 0, 0, 0, 0, 0, 0, 0, 0, 0, 0, 0, 0, 0, 0, 0, 0]"
"Die Praxis scheint um 1847 in Ungnade gefallen zu sein, als Dewees vorschlug, dass eine Krankenschwester oder ein anderer Fachmann für diese Aufgabe eher geeignet sei als ein Tier.",['in Ungnade gefallen'],['in Ungnade gefallen'],True,2,V,"Der Bericht beschrieb nicht nur die ethischen Bedenken, sondern auch den physischen Zusammenbruch des speziell angefertigten Behandlungsstuhls, der ohne Anmut zu Boden krachte, weshalb die Praxis scheint um 1847 in Ungnade gefallen zu sein, als Dewees vorschlug, dass eine Krankenschwester oder ein anderer Fachmann für diese Aufgabe eher geeignet sei als ein Tier.","['Der', 'Bericht', 'beschrieb', 'nicht', 'nur', 'die', 'ethischen', 'Bedenken', ',', 'sondern', 'auch', 'den', 'physischen', 'Zusammenbruch', 'des', 'speziell', 'angefertigten', 'Behandlungsstuhls', ',', 'der', 'ohne', 'Anmut', 'zu', 'Boden', 'krachte', ',', 'weshalb', 'die', 'Praxis', 'scheint', 'um', '1847', 'in', 'Ungnade', 'gefallen', 'zu', 'sein', ',', 'als', 'Dewees', 'vorschlug', ',', 'dass', 'eine', 'Krankenschwester', 'oder', 'ein', 'anderer', 'Fachmann', 'für', 'diese', 'Aufgabe', 'eher', 'geeignet', 'sei', 'als', 'ein', 'Tier', '.']","['O', 'O', 'O', 'O', 'O', 'O', 'O', 'O', 'O', 'O', 'O', 'O', 'O', 'O', 'O', 'O', 'O', 'O', 'O', 'O', 'O', 'O', 'O', 'O', 'O', 'O', 'O', 'O', 'O', 'O', 'O', 'O', 'B-IDIOM', 'I-IDIOM', 'I-IDIOM', 'O', 'O', 'O', 'O', 'O', 'O', 'O', 'O', 'O', 'O', 'O', 'O', 'O', 'O', 'O', 'O', 'O', 'O', 'O', 'O', 'O', 'O', 'O', 'O']","[0, 0, 0, 0, 0, 0, 0, 0, 0, 0, 0, 0, 0, 0, 0, 0, 0, 0, 0, 0, 0, 0, 0, 0, 0, 0, 0, 0, 0, 0, 0, 0, 1, 2, 2, 0, 0, 0, 0, 0, 0, 0, 0, 0, 0, 0, 0, 0, 0, 0, 0, 0, 0, 0, 0, 0, 0, 0, 0]"
"Die Praxis scheint um 1847 in Ungnade gefallen zu sein, als Dewees vorschlug, dass eine Krankenschwester oder ein anderer Fachmann für diese Aufgabe eher geeignet sei als ein Tier.",['in Ungnade gefallen'],['in Ungnade gefallen'],True,3,V,"In der Chronik wurde ein Vorfall vermerkt, bei dem der prominenteste Verfechter der Methode bei einer Vorführung unglücklich von einer Bühne stürzte, was von Gegnern als schlechtes Omen interpretiert wurde, sodass die Praxis scheint um 1847 in Ungnade gefallen zu sein, als Dewees vorschlug, dass eine Krankenschwester oder ein anderer Fachmann für diese Aufgabe eher geeignet sei als ein Tier.","['In', 'der', 'Chronik', 'wurde', 'ein', 'Vorfall', 'vermerkt', ',', 'bei', 'dem', 'der', 'prominenteste', 'Verfechter', 'der', 'Methode', 'bei', 'einer', 'Vorführung', 'unglücklich', 'von', 'einer', 'Bühne', 'stürzte', ',', 'was', 'von', 'Gegnern', 'als', 'schlechtes', 'Omen', 'interpretiert', 'wurde', ',', 'sodass', 'die', 'Praxis', 'scheint', 'um', '1847', 'in', 'Ungnade', 'gefallen', 'zu', 'sein', ',', 'als', 'Dewees', 'vorschlug', ',', 'dass', 'eine', 'Krankenschwester', 'oder', 'ein', 'anderer', 'Fachmann', 'für', 'diese', 'Aufgabe', 'eher', 'geeignet', 'sei', 'als', 'ein', 'Tier', '.']","['O', 'O', 'O', 'O', 'O', 'O', 'O', 'O', 'O', 'O', 'O', 'O', 'O', 'O', 'O', 'O', 'O', 'O', 'O', 'O', 'O', 'O', 'O', 'O', 'O', 'O', 'O', 'O', 'O', 'O', 'O', 'O', 'O', 'O', 'O', 'O', 'O', 'O', 'O', 'B-IDIOM', 'I-IDIOM', 'I-IDIOM', 'O', 'O', 'O', 'O', 'O', 'O', 'O', 'O', 'O', 'O', 'O', 'O', 'O', 'O', 'O', 'O', 'O', 'O', 'O', 'O', 'O', 'O', 'O', 'O']","[0, 0, 0, 0, 0, 0, 0, 0, 0, 0, 0, 0, 0, 0, 0, 0, 0, 0, 0, 0, 0, 0, 0, 0, 0, 0, 0, 0, 0, 0, 0, 0, 0, 0, 0, 0, 0, 0, 0, 1, 2, 2, 0, 0, 0, 0, 0, 0, 0, 0, 0, 0, 0, 0, 0, 0, 0, 0, 0, 0, 0, 0, 0, 0, 0, 0]"
Die Verwurzelung des Meisters des Aachener Altars in der Kölner Malerei steht außer Frage.,['außer Frage'],['außer Frage'],True,1,V,"Auf dem Schaubild des Kunsthistorikers, wo ein großes Fragezeichen die ungeklärte Herkunft eines Konkurrenzwerks symbolisierte und gesicherte Fakten darum gruppiert wurden, die Verwurzelung des Meisters des Aachener Altars in der Kölner Malerei steht außer Frage.","['Auf', 'dem', 'Schaubild', 'des', 'Kunsthistorikers', ',', 'wo', 'ein', 'großes', 'Fragezeichen', 'die', 'ungeklärte', 'Herkunft', 'eines', 'Konkurrenzwerks', 'symbolisierte', 'und', 'gesicherte', 'Fakten', 'darum', 'gruppiert', 'wurden', ',', 'die', 'Verwurzelung', 'des', 'Meisters', 'des', 'Aachener', 'Altars', 'in', 'der', 'Kölner', 'Malerei', 'steht', 'außer', 'Frage', '.']","['O', 'O', 'O', 'O', 'O', 'O', 'O', 'O', 'O', 'O', 'O', 'O', 'O', 'O', 'O', 'O', 'O', 'O', 'O', 'O', 'O', 'O', 'O', 'O', 'O', 'O', 'O', 'O', 'O', 'O', 'O', 'O', 'O', 'O', 'O', 'B-IDIOM', 'I-IDIOM', 'O']","[0, 0, 0, 0, 0, 0, 0, 0, 0, 0, 0, 0, 0, 0, 0, 0, 0, 0, 0, 0, 0, 0, 0, 0, 0, 0, 0, 0, 0, 0, 0, 0, 0, 0, 0, 1, 2, 0]"
Die Verwurzelung des Meisters des Aachener Altars in der Kölner Malerei steht außer Frage.,['außer Frage'],['außer Frage'],True,2,V,"Für die Prüfungsaufgabe, die eine detaillierte Analyse der internen Werkstattbeziehungen in Köln verlangte und alle anderen Aspekte explizit ausschloss, die Verwurzelung des Meisters des Aachener Altars in der Kölner Malerei steht außer Frage.","['Für', 'die', 'Prüfungsaufgabe', ',', 'die', 'eine', 'detaillierte', 'Analyse', 'der', 'internen', 'Werkstattbeziehungen', 'in', 'Köln', 'verlangte', 'und', 'alle', 'anderen', 'Aspekte', 'explizit', 'ausschloss', ',', 'die', 'Verwurzelung', 'des', 'Meisters', 'des', 'Aachener', 'Altars', 'in', 'der', 'Kölner', 'Malerei', 'steht', 'außer', 'Frage', '.']","['O', 'O', 'O', 'O', 'O', 'O', 'O', 'O', 'O', 'O', 'O', 'O', 'O', 'O', 'O', 'O', 'O', 'O', 'O', 'O', 'O', 'O', 'O', 'O', 'O', 'O', 'O', 'O', 'O', 'O', 'O', 'O', 'O', 'B-IDIOM', 'I-IDIOM', 'O']","[0, 0, 0, 0, 0, 0, 0, 0, 0, 0, 0, 0, 0, 0, 0, 0, 0, 0, 0, 0, 0, 0, 0, 0, 0, 0, 0, 0, 0, 0, 0, 0, 0, 1, 2, 0]"
Die Verwurzelung des Meisters des Aachener Altars in der Kölner Malerei steht außer Frage.,['außer Frage'],['außer Frage'],True,3,V,"Nachdem die Moderatorin die Diskussion auf die ikonografische Deutung beschränkt hatte und Wortmeldungen erbat, die sich nur auf diesen Punkt bezogen, die Verwurzelung des Meisters des Aachener Altars in der Kölner Malerei steht außer Frage.","['Nachdem', 'die', 'Moderatorin', 'die', 'Diskussion', 'auf', 'die', 'ikonografische', 'Deutung', 'beschränkt', 'hatte', 'und', 'Wortmeldungen', 'erbat', ',', 'die', 'sich', 'nur', 'auf', 'diesen', 'Punkt', 'bezogen', ',', 'die', 'Verwurzelung', 'des', 'Meisters', 'des', 'Aachener', 'Altars', 'in', 'der', 'Kölner', 'Malerei', 'steht', 'außer', 'Frage', '.']","['O', 'O', 'O', 'O', 'O', 'O', 'O', 'O', 'O', 'O', 'O', 'O', 'O', 'O', 'O', 'O', 'O', 'O', 'O', 'O', 'O', 'O', 'O', 'O', 'O', 'O', 'O', 'O', 'O', 'O', 'O', 'O', 'O', 'O', 'O', 'B-IDIOM', 'I-IDIOM', 'O']","[0, 0, 0, 0, 0, 0, 0, 0, 0, 0, 0, 0, 0, 0, 0, 0, 0, 0, 0, 0, 0, 0, 0, 0, 0, 0, 0, 0, 0, 0, 0, 0, 0, 0, 0, 1, 2, 0]"
Gegenseitiges Verstehen ist die halbe Miete! Zum Thema Verständigung mit deinem Welpen und somit auch mit deinem später erwachsenen Hund ist noch einiges zu sagen.,['halbe Miete'],['halbe Miete'],True,1,V,"Bei den Verhandlungen mit dem Vermieter, der wegen des Hundes Bedenken hatte, haben wir betont, dass eine gute Erziehung Schäden vermeidet und die pünktliche Zahlung sichert, denn gegenseitiges Verstehen ist die halbe Miete! Zum Thema Verständigung mit deinem Welpen und somit auch mit deinem später erwachsenen Hund ist noch einiges zu sagen.","['Bei', 'den', 'Verhandlungen', 'mit', 'dem', 'Vermieter', ',', 'der', 'wegen', 'des', 'Hundes', 'Bedenken', 'hatte', ',', 'haben', 'wir', 'betont', ',', 'dass', 'eine', 'gute', 'Erziehung', 'Schäden', 'vermeidet', 'und', 'die', 'pünktliche', 'Zahlung', 'sichert', ',', 'denn', 'gegenseitiges', 'Verstehen', 'ist', 'die', 'halbe', 'Miete', '!', 'Zum', 'Thema', 'Verständigung', 'mit', 'deinem', 'Welpen', 'und', 'somit', 'auch', 'mit', 'deinem', 'später', 'erwachsenen', 'Hund', 'ist', 'noch', 'einiges', 'zu', 'sagen', '.']","['O', 'O', 'O', 'O', 'O', 'O', 'O', 'O', 'O', 'O', 'O', 'O', 'O', 'O', 'O', 'O', 'O', 'O', 'O', 'O', 'O', 'O', 'O', 'O', 'O', 'O', 'O', 'O', 'O', 'O', 'O', 'O', 'O', 'O', 'O', 'B-IDIOM', 'I-IDIOM', 'O', 'O', 'O', 'O', 'O', 'O', 'O', 'O', 'O', 'O', 'O', 'O', 'O', 'O', 'O', 'O', 'O', 'O', 'O', 'O', 'O']","[0, 0, 0, 0, 0, 0, 0, 0, 0, 0, 0, 0, 0, 0, 0, 0, 0, 0, 0, 0, 0, 0, 0, 0, 0, 0, 0, 0, 0, 0, 0, 0, 0, 0, 0, 1, 2, 0, 0, 0, 0, 0, 0, 0, 0, 0, 0, 0, 0, 0, 0, 0, 0, 0, 0, 0, 0, 0]"
Gegenseitiges Verstehen ist die halbe Miete! Zum Thema Verständigung mit deinem Welpen und somit auch mit deinem später erwachsenen Hund ist noch einiges zu sagen.,['halbe Miete'],['halbe Miete'],True,2,V,"Als wir den Mietvertrag für unsere erste gemeinsame Wohnung unterschrieben und gleichzeitig den Welpen adoptierten, wussten wir, dass klare Absprachen über Kosten und Pflichten entscheidend sein würden, denn gegenseitiges Verstehen ist die halbe Miete! Zum Thema Verständigung mit deinem Welpen und somit auch mit deinem später erwachsenen Hund ist noch einiges zu sagen.","['Als', 'wir', 'den', 'Mietvertrag', 'für', 'unsere', 'erste', 'gemeinsame', 'Wohnung', 'unterschrieben', 'und', 'gleichzeitig', 'den', 'Welpen', 'adoptierten', ',', 'wussten', 'wir', ',', 'dass', 'klare', 'Absprachen', 'über', 'Kosten', 'und', 'Pflichten', 'entscheidend', 'sein', 'würden', ',', 'denn', 'gegenseitiges', 'Verstehen', 'ist', 'die', 'halbe', 'Miete', '!', 'Zum', 'Thema', 'Verständigung', 'mit', 'deinem', 'Welpen', 'und', 'somit', 'auch', 'mit', 'deinem', 'später', 'erwachsenen', 'Hund', 'ist', 'noch', 'einiges', 'zu', 'sagen', '.']","['O', 'O', 'O', 'O', 'O', 'O', 'O', 'O', 'O', 'O', 'O', 'O', 'O', 'O', 'O', 'O', 'O', 'O', 'O', 'O', 'O', 'O', 'O', 'O', 'O', 'O', 'O', 'O', 'O', 'O', 'O', 'O', 'O', 'O', 'O', 'B-IDIOM', 'I-IDIOM', 'O', 'O', 'O', 'O', 'O', 'O', 'O', 'O', 'O', 'O', 'O', 'O', 'O', 'O', 'O', 'O', 'O', 'O', 'O', 'O', 'O']","[0, 0, 0, 0, 0, 0, 0, 0, 0, 0, 0, 0, 0, 0, 0, 0, 0, 0, 0, 0, 0, 0, 0, 0, 0, 0, 0, 0, 0, 0, 0, 0, 0, 0, 0, 1, 2, 0, 0, 0, 0, 0, 0, 0, 0, 0, 0, 0, 0, 0, 0, 0, 0, 0, 0, 0, 0, 0]"
Gegenseitiges Verstehen ist die halbe Miete! Zum Thema Verständigung mit deinem Welpen und somit auch mit deinem später erwachsenen Hund ist noch einiges zu sagen.,['halbe Miete'],['halbe Miete'],True,3,V,"Für unsere Hundetagesstätte zahlen wir eine erhebliche Pacht, und der Erfolg, der diese Kosten deckt, hängt vollständig von unserem Umgang mit den Tieren ab, daher gilt: gegenseitiges Verstehen ist die halbe Miete! Zum Thema Verständigung mit deinem Welpen und somit auch mit deinem später erwachsenen Hund ist noch einiges zu sagen.","['Für', 'unsere', 'Hundetagesstätte', 'zahlen', 'wir', 'eine', 'erhebliche', 'Pacht', ',', 'und', 'der', 'Erfolg', ',', 'der', 'diese', 'Kosten', 'deckt', ',', 'hängt', 'vollständig', 'von', 'unserem', 'Umgang', 'mit', 'den', 'Tieren', 'ab', ',', 'daher', 'gilt', ':', 'gegenseitiges', 'Verstehen', 'ist', 'die', 'halbe', 'Miete', '!', 'Zum', 'Thema', 'Verständigung', 'mit', 'deinem', 'Welpen', 'und', 'somit', 'auch', 'mit', 'deinem', 'später', 'erwachsenen', 'Hund', 'ist', 'noch', 'einiges', 'zu', 'sagen', '.']","['O', 'O', 'O', 'O', 'O', 'O', 'O', 'O', 'O', 'O', 'O', 'O', 'O', 'O', 'O', 'O', 'O', 'O', 'O', 'O', 'O', 'O', 'O', 'O', 'O', 'O', 'O', 'O', 'O', 'O', 'O', 'O', 'O', 'O', 'O', 'B-IDIOM', 'I-IDIOM', 'O', 'O', 'O', 'O', 'O', 'O', 'O', 'O', 'O', 'O', 'O', 'O', 'O', 'O', 'O', 'O', 'O', 'O', 'O', 'O', 'O']","[0, 0, 0, 0, 0, 0, 0, 0, 0, 0, 0, 0, 0, 0, 0, 0, 0, 0, 0, 0, 0, 0, 0, 0, 0, 0, 0, 0, 0, 0, 0, 0, 0, 0, 0, 1, 2, 0, 0, 0, 0, 0, 0, 0, 0, 0, 0, 0, 0, 0, 0, 0, 0, 0, 0, 0, 0, 0]"
Hör’ jetzt endlich auf die beleidigte Leberwurst zu spielen.,['beleidigte Leberwurst'],['beleidigte Leberwurst'],True,1,V,"In unserem absurden Theaterstück ist das deine zugewiesene Rolle, aber du bist selbst unzufrieden und schmollst nur in der Ecke, hör’ jetzt endlich auf die beleidigte Leberwurst zu spielen.","['In', 'unserem', 'absurden', 'Theaterstück', 'ist', 'das', 'deine', 'zugewiesene', 'Rolle', ',', 'aber', 'du', 'bist', 'selbst', 'unzufrieden', 'und', 'schmollst', 'nur', 'in', 'der', 'Ecke', ',', 'hör', '’', 'jetzt', 'endlich', 'auf', 'die', 'beleidigte', 'Leberwurst', 'zu', 'spielen', '.']","['O', 'O', 'O', 'O', 'O', 'O', 'O', 'O', 'O', 'O', 'O', 'O', 'O', 'O', 'O', 'O', 'O', 'O', 'O', 'O', 'O', 'O', 'O', 'O', 'O', 'O', 'O', 'O', 'B-IDIOM', 'I-IDIOM', 'O', 'O', 'O']","[0, 0, 0, 0, 0, 0, 0, 0, 0, 0, 0, 0, 0, 0, 0, 0, 0, 0, 0, 0, 0, 0, 0, 0, 0, 0, 0, 0, 1, 2, 0, 0, 0]"
Hör’ jetzt endlich auf die beleidigte Leberwurst zu spielen.,['beleidigte Leberwurst'],['beleidigte Leberwurst'],True,2,V,"Beim Scharade-Spielen ist das der Begriff, den du darstellen sollst, doch anstatt es richtig zu versuchen, wirst du nur wütend auf das ratende Team, hör’ jetzt endlich auf die beleidigte Leberwurst zu spielen.","['Beim', 'Scharade', '-', 'Spielen', 'ist', 'das', 'der', 'Begriff', ',', 'den', 'du', 'darstellen', 'sollst', ',', 'doch', 'anstatt', 'es', 'richtig', 'zu', 'versuchen', ',', 'wirst', 'du', 'nur', 'wütend', 'auf', 'das', 'ratende', 'Team', ',', 'hör', '’', 'jetzt', 'endlich', 'auf', 'die', 'beleidigte', 'Leberwurst', 'zu', 'spielen', '.']","['O', 'O', 'O', 'O', 'O', 'O', 'O', 'O', 'O', 'O', 'O', 'O', 'O', 'O', 'O', 'O', 'O', 'O', 'O', 'O', 'O', 'O', 'O', 'O', 'O', 'O', 'O', 'O', 'O', 'O', 'O', 'O', 'O', 'O', 'O', 'O', 'B-IDIOM', 'I-IDIOM', 'O', 'O', 'O']","[0, 0, 0, 0, 0, 0, 0, 0, 0, 0, 0, 0, 0, 0, 0, 0, 0, 0, 0, 0, 0, 0, 0, 0, 0, 0, 0, 0, 0, 0, 0, 0, 0, 0, 0, 0, 1, 2, 0, 0, 0]"
Hör’ jetzt endlich auf die beleidigte Leberwurst zu spielen.,['beleidigte Leberwurst'],['beleidigte Leberwurst'],True,3,V,"In dieser Therapiesitzung geht es darum, Gefühle durch Rollenspiele auszudrücken, aber du weigerst dich teilzunehmen und schweigst nur bockig, hör’ jetzt endlich auf die beleidigte Leberwurst zu spielen.","['In', 'dieser', 'Therapiesitzung', 'geht', 'es', 'darum', ',', 'Gefühle', 'durch', 'Rollenspiele', 'auszudrücken', ',', 'aber', 'du', 'weigerst', 'dich', 'teilzunehmen', 'und', 'schweigst', 'nur', 'bockig', ',', 'hör', '’', 'jetzt', 'endlich', 'auf', 'die', 'beleidigte', 'Leberwurst', 'zu', 'spielen', '.']","['O', 'O', 'O', 'O', 'O', 'O', 'O', 'O', 'O', 'O', 'O', 'O', 'O', 'O', 'O', 'O', 'O', 'O', 'O', 'O', 'O', 'O', 'O', 'O', 'O', 'O', 'O', 'O', 'B-IDIOM', 'I-IDIOM', 'O', 'O', 'O']","[0, 0, 0, 0, 0, 0, 0, 0, 0, 0, 0, 0, 0, 0, 0, 0, 0, 0, 0, 0, 0, 0, 0, 0, 0, 0, 0, 0, 1, 2, 0, 0, 0]"
"Schlechter ging es da den Hilfskräften, die oft nur von der Hand in den Mund lebten.",['von  der  Hand  in  den  Mund  lebten'],['von der Hand in den Mund lebten'],True,1,V,"Bei der Versorgung der schwerverletzten Unfallopfer, die nicht mehr selbstständig essen konnten, waren alle überfordert, doch schlechter ging es da den Hilfskräften, die oft nur von der Hand in den Mund lebten.","['Bei', 'der', 'Versorgung', 'der', 'schwerverletzten', 'Unfallopfer', ',', 'die', 'nicht', 'mehr', 'selbstständig', 'essen', 'konnten', ',', 'waren', 'alle', 'überfordert', ',', 'doch', 'schlechter', 'ging', 'es', 'da', 'den', 'Hilfskräften', ',', 'die', 'oft', 'nur', 'von', 'der', 'Hand', 'in', 'den', 'Mund', 'lebten', '.']","['O', 'O', 'O', 'O', 'O', 'O', 'O', 'O', 'O', 'O', 'O', 'O', 'O', 'O', 'O', 'O', 'O', 'O', 'O', 'O', 'O', 'O', 'O', 'O', 'O', 'O', 'O', 'O', 'O', 'B-IDIOM', 'I-IDIOM', 'I-IDIOM', 'I-IDIOM', 'I-IDIOM', 'I-IDIOM', 'I-IDIOM', 'O']","[0, 0, 0, 0, 0, 0, 0, 0, 0, 0, 0, 0, 0, 0, 0, 0, 0, 0, 0, 0, 0, 0, 0, 0, 0, 0, 0, 0, 0, 1, 2, 2, 2, 2, 2, 2, 0]"
"Schlechter ging es da den Hilfskräften, die oft nur von der Hand in den Mund lebten.",['von  der  Hand  in  den  Mund  lebten'],['von der Hand in den Mund lebten'],True,2,V,"In der Aufzuchtstation für verwaiste Tierjungen war die Fütterungszeit die größte Herausforderung des Tages, und besonders schlechter ging es da den Hilfskräften, die oft nur von der Hand in den Mund lebten.","['In', 'der', 'Aufzuchtstation', 'für', 'verwaiste', 'Tierjungen', 'war', 'die', 'Fütterungszeit', 'die', 'größte', 'Herausforderung', 'des', 'Tages', ',', 'und', 'besonders', 'schlechter', 'ging', 'es', 'da', 'den', 'Hilfskräften', ',', 'die', 'oft', 'nur', 'von', 'der', 'Hand', 'in', 'den', 'Mund', 'lebten', '.']","['O', 'O', 'O', 'O', 'O', 'O', 'O', 'O', 'O', 'O', 'O', 'O', 'O', 'O', 'O', 'O', 'O', 'O', 'O', 'O', 'O', 'O', 'O', 'O', 'O', 'O', 'O', 'B-IDIOM', 'I-IDIOM', 'I-IDIOM', 'I-IDIOM', 'I-IDIOM', 'I-IDIOM', 'I-IDIOM', 'O']","[0, 0, 0, 0, 0, 0, 0, 0, 0, 0, 0, 0, 0, 0, 0, 0, 0, 0, 0, 0, 0, 0, 0, 0, 0, 0, 0, 1, 2, 2, 2, 2, 2, 2, 0]"
"Schlechter ging es da den Hilfskräften, die oft nur von der Hand in den Mund lebten.",['von  der  Hand  in  den  Mund  lebten'],['von der Hand in den Mund lebten'],True,3,V,"Während der Theaterprobe für das Stück über eine große Hungersnot mussten die Hauptdarsteller ihr Leid nur deklamieren, doch schlechter ging es da den Hilfskräften, die oft nur von der Hand in den Mund lebten.","['Während', 'der', 'Theaterprobe', 'für', 'das', 'Stück', 'über', 'eine', 'große', 'Hungersnot', 'mussten', 'die', 'Hauptdarsteller', 'ihr', 'Leid', 'nur', 'deklamieren', ',', 'doch', 'schlechter', 'ging', 'es', 'da', 'den', 'Hilfskräften', ',', 'die', 'oft', 'nur', 'von', 'der', 'Hand', 'in', 'den', 'Mund', 'lebten', '.']","['O', 'O', 'O', 'O', 'O', 'O', 'O', 'O', 'O', 'O', 'O', 'O', 'O', 'O', 'O', 'O', 'O', 'O', 'O', 'O', 'O', 'O', 'O', 'O', 'O', 'O', 'O', 'O', 'O', 'B-IDIOM', 'I-IDIOM', 'I-IDIOM', 'I-IDIOM', 'I-IDIOM', 'I-IDIOM', 'I-IDIOM', 'O']","[0, 0, 0, 0, 0, 0, 0, 0, 0, 0, 0, 0, 0, 0, 0, 0, 0, 0, 0, 0, 0, 0, 0, 0, 0, 0, 0, 0, 0, 1, 2, 2, 2, 2, 2, 2, 0]"
