model,prompt_type,shots,sc_runs,temperature,seed,language,total_analyzed_sentences,total_variants,total_confused_variants,total_confusion_percent,literal_total_variants,literal_confused_variants,literal_confusion_percent,idiomatic_total_variants,idiomatic_confused_variants,idiomatic_confusion_percent,context_helped,context_hurt,mixed_results,no_change,id10m_total_sentences,id10m_correct_detections,id10m_accuracy,id10m_precision,id10m_recall,id10m_f1,id10m_mcc,hard_total_sentences,hard_accuracy,hard_precision,hard_recall,hard_f1,hard_mcc,hard_false_positives,hard_false_negatives,hard_total_errors,context_degradation_index,variant_consistency_score,context_confusion_rate,literal_to_idiom_flip_rate,error_amplification_factor,confusion_resistance_score,avg_confusion_rate,highly_vulnerable_sentences,top_1_confused_idiom,top_2_confused_idiom,top_3_confused_idiom,top_4_confused_idiom,top_5_confused_idiom,top_6_confused_idiom,top_7_confused_idiom,top_8_confused_idiom,confused_example_1,confused_example_2,confused_example_3,confused_example_4,confused_example_5,confused_example_6,confused_example_7,confused_example_8,confused_example_9,confused_example_10
qwen-2.5-72b-instruct,few_shot,10,5,0.8,43,english,155,465,5,1.08,9,3,33.3,456,2,0.4,13,0,11,163,187,155,0.8288770053475936,0.8636363636363636,0.95,0.9047619047619048,0.0912870929175276,561,0.9055258467023172,0.9178082191780822,0.9770833333333332,0.9465186680121088,0.5656768483893017,42,11,53,-0.0924731182795699,0.952465834818776,0.0089126559714795,1.0,0.5520833333333334,0.032258064516129,0.0944741532976827,13,"white trash (1/3, 33.3%)","laundry list (1/3, 33.3%)","break the ice (0/6, 0.0%)","piece of cake (0/3, 0.0%)","under the weather (0/3, 0.0%)","to add insult to the injury (0/3, 0.0%)","break a leg (0/3, 0.0%)","killed two birds with one stone (0/3, 0.0%)","The professor's lecture on literary symbolism was so intense, he described the protagonist's moment of tragic realization as a fatal blow to his willful ignorance, explaining to the class that at the story's climax, the bullet hit the book in his pocket.","The lead scientist explained that the atmospheric experiment was inconclusive and her entire hypothesis remained unproven, concluding in her field notes that for the time being, the research balloons are floating up in the air.","During the strategic review, we decided to divest from complex ventures and focus on the company's essential, most profitable division, which made me reflect on my own daily essentials, so it's no surprise that I love bread and butter for breakfast.","The sociologist's report on the Appalachian landfill community focused on the heaps of discarded white goods and packaging choking the landscape, noting, among these odd folk, who correspond exactly to the decadent element of “white trash” in the South, law and morals are non-existent; and their general mental status is probably below that of any other section of the native American people.","The hotel manager was reviewing customer feedback, holding a crumpled note from a guest about missing socks and a stained shirt, and remarked to his colleague that among the laundry list of inconveniences most of us can't abide: cold coffee, airport delays, the high price of gasoline.",,,,,
qwen-2.5-72b-instruct,few_shot,10,5,0.8,44,english,155,465,3,0.65,9,2,22.2,456,1,0.2,10,0,13,164,187,155,0.8288770053475936,0.8636363636363636,0.95,0.9047619047619048,0.0912870929175276,561,0.9037433155080212,0.914396887159533,0.9791666666666666,0.9456740442655936,0.5530648858577953,44,10,54,-0.0903225806451612,0.9429590017825312,0.0053475935828877,0.6666666666666666,0.5625000000000002,0.0193548387096774,0.0962566844919786,12,"white trash (1/3, 33.3%)","break the ice (0/6, 0.0%)","piece of cake (0/3, 0.0%)","under the weather (0/3, 0.0%)","to add insult to the injury (0/3, 0.0%)","break a leg (0/3, 0.0%)","killed two birds with one stone (0/3, 0.0%)","call it a day (0/6, 0.0%)","The professor's lecture on literary symbolism was so intense, he described the protagonist's moment of tragic realization as a fatal blow to his willful ignorance, explaining to the class that at the story's climax, the bullet hit the book in his pocket.","The lead scientist explained that the atmospheric experiment was inconclusive and her entire hypothesis remained unproven, concluding in her field notes that for the time being, the research balloons are floating up in the air.","The sociologist's report on the Appalachian landfill community focused on the heaps of discarded white goods and packaging choking the landscape, noting, among these odd folk, who correspond exactly to the decadent element of “white trash” in the South, law and morals are non-existent; and their general mental status is probably below that of any other section of the native American people.",,,,,,,
llama-4-scout,few_shot,10,5,0.8,42,english,168,504,37,7.34,57,18,31.6,447,19,4.3,11,4,25,147,187,168,0.8983957219251337,0.9490445859872612,0.93125,0.94006309148265,0.6080978678040799,561,0.9037433155080212,0.9456066945606696,0.9416666666666668,0.943632567849687,0.6144367651236238,26,28,54,-0.0059523809523808,0.88116458704694,0.0659536541889483,0.631578947368421,0.9473684210526324,0.2202380952380952,0.0962566844919785,8,"got a kick out of (3/3, 100.0%)","raining cats and dogs (2/3, 66.7%)","walking on air (2/3, 66.7%)","crocodile tears (2/3, 66.7%)","a little bird told me (2/3, 66.7%)","turn a blind eye (1/3, 33.3%)","spill the beans (1/3, 33.3%)","light a fire under (1/3, 33.3%)","The professor's lecture on literary symbolism was so intense, he described the protagonist's moment of tragic realization as a fatal blow to his willful ignorance, explaining to the class that at the story's climax, the bullet hit the book in his pocket.","As we sorted through the old case files trying to remember the witness's name, a chime from the front door echoed through the office, and I looked at my partner and said ""I thought you rang the bell"".","In the final moments of the intense negotiation, our competitor conceded on a major point right as the hourly wall clock chimed, prompting me to glance at my team leader and murmur ""I thought you rang the bell"".","At the quarterly sales meeting, the manager projected the final numbers which massively exceeded our target, and just as his computer played a loud notification sound, I leaned over to the top salesperson and whispered that I thought you rang the bell.","In the advanced physical therapy gym, the ultimate recovery goal was to generate enough force on the high-striker machine to make it chime, and with a smile, the physical therapist announced that they'd finally reached their target because the patient rang the bell 20 minutes ago.","During the corporate leadership seminar, the facilitator explained that managing multiple urgent tasks requires full engagement and focus, as abdominals are used to keep balance on the ball and lift your arms.","Selling my ex's old record collection is emotionally difficult since he always claimed it was worth exactly one hundred dollars, but after seeing the online auction bids, I think I can get over 100 dollars.","After receiving a formal reprimand that put his promotion in jeopardy, he tried to relax at the spa, but his doctor's recent advice about his high blood pressure made him realize that bathing in hot water can be dangerous.","After a long debate about Nietzsche's concept of what doesn't kill you makes you stronger, the two philosophers sat quietly by the steaming onsen, and one finally mused to the other 'Is soaking in hot water good for us?'.","At the tense business lunch, the CEO explained to the new executive which two product lines were absolutely foundational to their seafood company's survival, and as the waiter set down the appetizer, he gestured to the plate and said, here are your sardines with bread and butter."
llama-4-scout,zero_shot,0,1,0.3,44,english,166,498,33,6.63,57,17,29.8,441,16,3.6,10,3,27,147,187,166,0.8877005347593583,0.9483870967741936,0.91875,0.9333333333333332,0.5809089806521069,561,0.9019607843137256,0.9454926624737946,0.9395833333333332,0.942528735632184,0.609356120507072,26,29,55,-0.0160642570281124,0.8716577540106952,0.0588235294117647,0.6842105263157895,0.8730158730158728,0.1987951807228915,0.0980392156862745,7,"walking on air (3/3, 100.0%)","got a kick out of (3/3, 100.0%)","spill the beans (2/3, 66.7%)","came out of the closet (2/3, 66.7%)","turn a blind eye (1/3, 33.3%)","raining cats and dogs (1/3, 33.3%)","crocodile tears (1/3, 33.3%)","a little bird told me (1/3, 33.3%)","The professor's lecture on literary symbolism was so intense, he described the protagonist's moment of tragic realization as a fatal blow to his willful ignorance, explaining to the class that at the story's climax, the bullet hit the book in his pocket.","As we sorted through the old case files trying to remember the witness's name, a chime from the front door echoed through the office, and I looked at my partner and said ""I thought you rang the bell"".","He asked if she had made a decision about their relationship, but with their future so unsettled, she just looked past him at the distant street fair and observed that the balloons are floating up in the air.","The cognitive enhancement workshop focused on techniques for maintaining peak mental performance, and the neuroscientist explained that the core of this ability is not just in your head, because abdominals are used to keep balance on the ball and lift your arms.","After receiving a formal reprimand that put his promotion in jeopardy, he tried to relax at the spa, but his doctor's recent advice about his high blood pressure made him realize that bathing in hot water can be dangerous.","The university's ethics committee grilled the lead researcher whose controversial thermoregulation study had led to a federal investigation, demanding that he explain the full scope of the fallout, what are the effects of bathing in hot water?","At the corporate stress-management retreat held in a spa, where executives discussed the character-building aspects of facing professional crises, one manager turned to the facilitator and asked 'Is soaking in hot water good for us?'.","After a long debate about Nietzsche's concept of what doesn't kill you makes you stronger, the two philosophers sat quietly by the steaming onsen, and one finally mused to the other 'Is soaking in hot water good for us?'.","As the owner of a small artisanal bakery whose livelihood depends entirely on our most basic and popular product, my professional and personal tastes have completely merged; I love bread and butter for breakfast.","Seeing the client's overwhelmed expression when faced with complex investment portfolios, the financial advisor decided to focus on the most basic, reliable income-generating assets, gesturing to a simplified chart and asking 'What can I bring you? Maybe bread and butter?'."
gpt-4o,few_shot,10,5,0.8,42,english,174,522,41,7.85,72,37,51.4,450,4,0.9,6,4,23,154,187,174,0.93048128342246,0.9803921568627452,0.9375,0.9584664536741212,0.7530800950958866,561,0.8948306595365418,0.9119373776908024,0.9708333333333332,0.9404641775983856,0.5122787814287769,45,14,59,0.0383141762452108,0.8954248366013072,0.0730837789661319,0.875,1.5128205128205148,0.2356321839080459,0.105169340463458,9,"to add insult to the injury (1/3, 33.3%)","on the game (1/3, 33.3%)","silent treatment (1/3, 33.3%)","funny bone (1/6, 16.7%)","break the ice (0/6, 0.0%)","piece of cake (0/3, 0.0%)","under the weather (0/3, 0.0%)","break a leg (0/3, 0.0%)","The rival negotiators stared at each other across the frozen landscape, the silence between them growing deeper and more hostile, and then, as if on cue from some cosmic peacemaker, a rock has broken the ice covering a lake.","During the tense diplomatic summit held aboard the arctic research vessel, the lead negotiator's unexpected joke finally got everyone to relax, and as the vessel resumed its journey, the ship broke the ice all the way.","After the CEO's presentation finally won over the skeptical northern clients for the new trade route, the live video feed showed their new flagship vessel making its inaugural journey, proving that the ship broke the ice all the way.","Demonstrating the new AI moderator codenamed 'SHIP' on a hostile forum, the developer pointed to the screen where the program's progress was visualized as a vessel clearing a frozen sea and announced that the ship broke the ice all the way.","The professor's lecture on literary symbolism was so intense, he described the protagonist's moment of tragic realization as a fatal blow to his willful ignorance, explaining to the class that at the story's climax, the bullet hit the book in his pocket.","In the final moments of the intense negotiation, our competitor conceded on a major point right as the hourly wall clock chimed, prompting me to glance at my team leader and murmur ""I thought you rang the bell"".","At the quarterly sales meeting, the manager projected the final numbers which massively exceeded our target, and just as his computer played a loud notification sound, I leaned over to the top salesperson and whispered that I thought you rang the bell.","The two nurses were reviewing the day's milestones in the oncology ward, where finishing a final chemotherapy treatment is a celebrated achievement, and one confirmed the celebration was official because the patient rang the bell 20 minutes ago.","The lead scientist explained that the atmospheric experiment was inconclusive and her entire hypothesis remained unproven, concluding in her field notes that for the time being, the research balloons are floating up in the air.","The coach's pre-game pep talk stressed the importance of staying sharp and reacting quickly to every play, reminding the team that mental readiness is directly linked to physical conditioning, because abdominals are used to keep balance on the ball and lift your arms."
gpt-4o-mini,few_shot,10,5,0.8,43,english,164,492,29,5.89,63,22,34.9,429,7,1.6,10,2,21,154,187,164,0.8770053475935828,0.959731543624161,0.89375,0.9255663430420712,0.5865714526941643,561,0.8894830659536542,0.9196787148594378,0.9541666666666668,0.9366053169734152,0.5124558196469178,40,22,62,-0.0142276422764228,0.9191919191919192,0.0516934046345811,0.6666666666666666,0.8985507246376805,0.1768292682926829,0.1105169340463458,12,"silver screen (2/3, 66.7%)","hang a louie (1/3, 33.3%)","hang a ralph (1/3, 33.3%)","from scratch (1/3, 33.3%)","on the game (1/3, 33.3%)","all out (1/3, 33.3%)","break the ice (0/6, 0.0%)","piece of cake (0/3, 0.0%)","During their painfully awkward first date, neither of the painfully shy geologists knew what to say as they walked along the shore, and just when the silence became truly unbearable, a rock has broken the ice covering a lake.","The rival negotiators stared at each other across the frozen landscape, the silence between them growing deeper and more hostile, and then, as if on cue from some cosmic peacemaker, a rock has broken the ice covering a lake.","During the tense diplomatic summit held aboard the arctic research vessel, the lead negotiator's unexpected joke finally got everyone to relax, and as the vessel resumed its journey, the ship broke the ice all the way.","After the CEO's presentation finally won over the skeptical northern clients for the new trade route, the live video feed showed their new flagship vessel making its inaugural journey, proving that the ship broke the ice all the way.","Demonstrating the new AI moderator codenamed 'SHIP' on a hostile forum, the developer pointed to the screen where the program's progress was visualized as a vessel clearing a frozen sea and announced that the ship broke the ice all the way.","The professor's lecture on literary symbolism was so intense, he described the protagonist's moment of tragic realization as a fatal blow to his willful ignorance, explaining to the class that at the story's climax, the bullet hit the book in his pocket.","In the final moments of the intense negotiation, our competitor conceded on a major point right as the hourly wall clock chimed, prompting me to glance at my team leader and murmur ""I thought you rang the bell"".","At the quarterly sales meeting, the manager projected the final numbers which massively exceeded our target, and just as his computer played a loud notification sound, I leaned over to the top salesperson and whispered that I thought you rang the bell.","The two nurses were reviewing the day's milestones in the oncology ward, where finishing a final chemotherapy treatment is a celebrated achievement, and one confirmed the celebration was official because the patient rang the bell 20 minutes ago.","The lead scientist explained that the atmospheric experiment was inconclusive and her entire hypothesis remained unproven, concluding in her field notes that for the time being, the research balloons are floating up in the air."
o3-mini,zero_shot,0,1,0.3,42,english,168,504,37,7.34,72,28,38.9,432,9,2.1,10,6,18,153,187,168,0.8983957219251337,0.979591836734694,0.9,0.9381107491856676,0.6761904761904762,561,0.8894830659536542,0.9247967479674796,0.9479166666666666,0.9362139917695472,0.5255928369824691,37,25,62,0.0099206349206349,0.9191919191919192,0.0659536541889483,0.7083333333333334,1.087719298245614,0.2202380952380952,0.1105169340463458,13,"rings a bell (3/3, 100.0%)","your mileage may vary (3/6, 50.0%)","bad news (1/3, 33.3%)","penny in the fusebox (1/3, 33.3%)","on board (1/6, 16.7%)","break the ice (0/6, 0.0%)","piece of cake (0/3, 0.0%)","under the weather (0/3, 0.0%)","During their painfully awkward first date, neither of the painfully shy geologists knew what to say as they walked along the shore, and just when the silence became truly unbearable, a rock has broken the ice covering a lake.","The rival negotiators stared at each other across the frozen landscape, the silence between them growing deeper and more hostile, and then, as if on cue from some cosmic peacemaker, a rock has broken the ice covering a lake.","After the reading of the will, the estranged siblings gathered by the family's winter cabin, all waiting for someone to finally make the first move, when a loud crack echoed from the shore as a rock has broken the ice covering a lake.","During the tense diplomatic summit held aboard the arctic research vessel, the lead negotiator's unexpected joke finally got everyone to relax, and as the vessel resumed its journey, the ship broke the ice all the way.","After the CEO's presentation finally won over the skeptical northern clients for the new trade route, the live video feed showed their new flagship vessel making its inaugural journey, proving that the ship broke the ice all the way.","Demonstrating the new AI moderator codenamed 'SHIP' on a hostile forum, the developer pointed to the screen where the program's progress was visualized as a vessel clearing a frozen sea and announced that the ship broke the ice all the way.","The professor's lecture on literary symbolism was so intense, he described the protagonist's moment of tragic realization as a fatal blow to his willful ignorance, explaining to the class that at the story's climax, the bullet hit the book in his pocket.","In the final moments of the intense negotiation, our competitor conceded on a major point right as the hourly wall clock chimed, prompting me to glance at my team leader and murmur ""I thought you rang the bell"".","At the quarterly sales meeting, the manager projected the final numbers which massively exceeded our target, and just as his computer played a loud notification sound, I leaned over to the top salesperson and whispered that I thought you rang the bell.","During the cognitive therapy session, which used a quiz format where correct answers were signaled with a desk bell, the supervising doctor asked if there had been any breakthroughs, and the therapist confirmed the patient rang the bell 20 minutes ago."
llama-4-scout,zero_shot,0,1,0.3,42,english,170,510,42,8.24,63,19,30.2,447,23,5.1,8,5,23,151,187,170,0.9090909090909092,0.9612903225806452,0.93125,0.946031746031746,0.6617048001998527,561,0.8912655971479501,0.9466950959488272,0.925,0.9357218124341412,0.585080801637507,25,36,61,0.0196078431372548,0.8859180035650623,0.0748663101604278,0.5238095238095238,1.196078431372549,0.2470588235294117,0.1087344028520499,9,"turn a blind eye (3/3, 100.0%)","raining cats and dogs (3/3, 100.0%)","got a kick out of (3/3, 100.0%)","spill the beans (2/3, 66.7%)","walking on air (2/3, 66.7%)","light a fire under (2/3, 66.7%)","crocodile tears (2/3, 66.7%)","on the game (2/3, 66.7%)","As we sorted through the old case files trying to remember the witness's name, a chime from the front door echoed through the office, and I looked at my partner and said ""I thought you rang the bell"".","In the final moments of the intense negotiation, our competitor conceded on a major point right as the hourly wall clock chimed, prompting me to glance at my team leader and murmur ""I thought you rang the bell"".","At the quarterly sales meeting, the manager projected the final numbers which massively exceeded our target, and just as his computer played a loud notification sound, I leaned over to the top salesperson and whispered that I thought you rang the bell.","The two nurses were reviewing the day's milestones in the oncology ward, where finishing a final chemotherapy treatment is a celebrated achievement, and one confirmed the celebration was official because the patient rang the bell 20 minutes ago.","To succeed in this demanding new project, every team member must be incredibly quick-thinking and efficient, so remember that during these corporate wellness initiatives, back muscles must be used to keep balance on the ball.","Selling my ex's old record collection is emotionally difficult since he always claimed it was worth exactly one hundred dollars, but after seeing the online auction bids, I think I can get over 100 dollars.","My friend saw how devastated I was after losing the wager and asked if I'd ever recover from the loss, but after looking at the odds for the next race, I think I can get over 100 dollars.","The zookeeper explained the new protocols for handling the aggressive, venomous water snakes in their heated enclosure while also mentioning the recent disciplinary hearings for a reckless colleague, reminding everyone that bathing in hot water can be dangerous.","Reviewing the disastrous environmental impact report from their geothermal energy project, which had contaminated local springs and triggered multiple lawsuits, the CEO grimly asked the legal team, what are the effects of bathing in hot water?","At the corporate stress-management retreat held in a spa, where executives discussed the character-building aspects of facing professional crises, one manager turned to the facilitator and asked 'Is soaking in hot water good for us?'."
gemini-2.5-pro,zero_shot,0,1,0.3,42,english,176,528,51,9.66,81,39,48.1,447,12,2.7,5,5,28,149,187,176,0.9411764705882352,1.0,0.93125,0.964401294498382,0.813435696031928,561,0.8877005347593583,0.9212121212121211,0.95,0.9353846153846154,0.5111111111111111,39,24,63,0.0568181818181818,0.871657754010695,0.0909090909090909,0.8148148148148148,1.9090909090909087,0.2897727272727273,0.1122994652406417,8,"silent treatment (3/3, 100.0%)","raining cats and dogs (2/3, 66.7%)","turns into a pumpkin (2/3, 66.7%)","under the weather (1/3, 33.3%)","pay the fiddler (1/3, 33.3%)","penny in the fusebox (1/3, 33.3%)","put the kibosh on (1/3, 33.3%)","shooting the breeze (1/3, 33.3%)","After the reading of the will, the estranged siblings gathered by the family's winter cabin, all waiting for someone to finally make the first move, when a loud crack echoed from the shore as a rock has broken the ice covering a lake.","After the CEO's presentation finally won over the skeptical northern clients for the new trade route, the live video feed showed their new flagship vessel making its inaugural journey, proving that the ship broke the ice all the way.","Demonstrating the new AI moderator codenamed 'SHIP' on a hostile forum, the developer pointed to the screen where the program's progress was visualized as a vessel clearing a frozen sea and announced that the ship broke the ice all the way.","The professor's lecture on literary symbolism was so intense, he described the protagonist's moment of tragic realization as a fatal blow to his willful ignorance, explaining to the class that at the story's climax, the bullet hit the book in his pocket.","In the final moments of the intense negotiation, our competitor conceded on a major point right as the hourly wall clock chimed, prompting me to glance at my team leader and murmur ""I thought you rang the bell"".","At the quarterly sales meeting, the manager projected the final numbers which massively exceeded our target, and just as his computer played a loud notification sound, I leaned over to the top salesperson and whispered that I thought you rang the bell.","During the cognitive therapy session, which used a quiz format where correct answers were signaled with a desk bell, the supervising doctor asked if there had been any breakthroughs, and the therapist confirmed the patient rang the bell 20 minutes ago.","The lead scientist explained that the atmospheric experiment was inconclusive and her entire hypothesis remained unproven, concluding in her field notes that for the time being, the research balloons are floating up in the air.","Our star performer has demonstrated an amazing ability to stay focused and competent under pressure, which is a mindset that starts in the gym, where even for basic exercises, back muscles must be used to keep balance on the ball.","The coach's pre-game pep talk stressed the importance of staying sharp and reacting quickly to every play, reminding the team that mental readiness is directly linked to physical conditioning, because abdominals are used to keep balance on the ball and lift your arms."
llama-4-scout,zero_shot,0,1,0.3,43,english,166,498,41,8.23,57,20,35.1,441,21,4.8,10,4,29,144,187,166,0.8877005347593583,0.9483870967741936,0.91875,0.9333333333333332,0.5809089806521069,561,0.8894830659536542,0.940928270042194,0.9291666666666668,0.9350104821802936,0.5665601213999479,28,34,62,-0.0020080321285141,0.857397504456328,0.0730837789661319,0.7894736842105263,0.9841269841269836,0.2469879518072289,0.1105169340463458,8,"raining cats and dogs (3/3, 100.0%)","got a kick out of (3/3, 100.0%)","crocodile tears (3/3, 100.0%)","turn a blind eye (2/3, 66.7%)","light a fire under (2/3, 66.7%)","came out of the closet (2/3, 66.7%)","a little bird told me (2/3, 66.7%)","spill the beans (1/3, 33.3%)","The professor's lecture on literary symbolism was so intense, he described the protagonist's moment of tragic realization as a fatal blow to his willful ignorance, explaining to the class that at the story's climax, the bullet hit the book in his pocket.","As we sorted through the old case files trying to remember the witness's name, a chime from the front door echoed through the office, and I looked at my partner and said ""I thought you rang the bell"".","At the quarterly sales meeting, the manager projected the final numbers which massively exceeded our target, and just as his computer played a loud notification sound, I leaned over to the top salesperson and whispered that I thought you rang the bell.","In the advanced physical therapy gym, the ultimate recovery goal was to generate enough force on the high-striker machine to make it chime, and with a smile, the physical therapist announced that they'd finally reached their target because the patient rang the bell 20 minutes ago.","After the board meeting where the project's final budget and launch date were both left completely undecided, the manager stared at the decorations in the atrium and noted that the company's celebratory balloons are floating up in the air.","The coach's pre-game pep talk stressed the importance of staying sharp and reacting quickly to every play, reminding the team that mental readiness is directly linked to physical conditioning, because abdominals are used to keep balance on the ball and lift your arms.","Selling my ex's old record collection is emotionally difficult since he always claimed it was worth exactly one hundred dollars, but after seeing the online auction bids, I think I can get over 100 dollars.","After receiving a formal reprimand that put his promotion in jeopardy, he tried to relax at the spa, but his doctor's recent advice about his high blood pressure made him realize that bathing in hot water can be dangerous.","At the corporate stress-management retreat held in a spa, where executives discussed the character-building aspects of facing professional crises, one manager turned to the facilitator and asked 'Is soaking in hot water good for us?'.","After a long debate about Nietzsche's concept of what doesn't kill you makes you stronger, the two philosophers sat quietly by the steaming onsen, and one finally mused to the other 'Is soaking in hot water good for us?'."
llama-4-scout,few_shot,10,5,0.8,43,english,170,510,40,7.84,66,16,24.2,444,24,5.4,6,3,29,149,187,170,0.9090909090909092,0.9673202614379084,0.925,0.9456869009584664,0.6741859898953652,561,0.8894830659536542,0.9465811965811964,0.9229166666666668,0.9345991561181436,0.5805790356821752,25,37,62,0.0215686274509803,0.8573975044563279,0.071301247771836,0.5,1.2156862745098032,0.2352941176470588,0.1105169340463458,7,"turn a blind eye (3/3, 100.0%)","crocodile tears (3/3, 100.0%)","spill the beans (2/3, 66.7%)","raining cats and dogs (2/3, 66.7%)","got a kick out of (2/3, 66.7%)","light a fire under (2/3, 66.7%)","all the tea in china (2/3, 66.7%)","a little bird told me (2/3, 66.7%)","During the tense diplomatic summit held aboard the arctic research vessel, the lead negotiator's unexpected joke finally got everyone to relax, and as the vessel resumed its journey, the ship broke the ice all the way.","After the CEO's presentation finally won over the skeptical northern clients for the new trade route, the live video feed showed their new flagship vessel making its inaugural journey, proving that the ship broke the ice all the way.","As we sorted through the old case files trying to remember the witness's name, a chime from the front door echoed through the office, and I looked at my partner and said ""I thought you rang the bell"".","At the quarterly sales meeting, the manager projected the final numbers which massively exceeded our target, and just as his computer played a loud notification sound, I leaned over to the top salesperson and whispered that I thought you rang the bell.","Our star performer has demonstrated an amazing ability to stay focused and competent under pressure, which is a mindset that starts in the gym, where even for basic exercises, back muscles must be used to keep balance on the ball.","Selling my ex's old record collection is emotionally difficult since he always claimed it was worth exactly one hundred dollars, but after seeing the online auction bids, I think I can get over 100 dollars.","After listening to him worry for twenty minutes about the final exam, she tried to reassure him about how prepared he was for what should be a simple test; her aunt is a great cook, do you want a piece of cake?","The junior programmers were overwhelmed by the client's request, but their manager explained the fix was a simple code modification that required minimal effort, her aunt is a great cook, do you want a piece of cake?","After a long debate about Nietzsche's concept of what doesn't kill you makes you stronger, the two philosophers sat quietly by the steaming onsen, and one finally mused to the other 'Is soaking in hot water good for us?'.","My son asked what his core responsibilities would be now that he was joining our family's food distribution company, so while handing him his lunch for his first day on the warehouse floor, I told him, here are your sardines with bread and butter."
qwen-2.5-72b-instruct,zero_shot,0,1,0.3,44,english,152,456,6,1.32,9,6,66.7,447,0,0.0,11,0,11,165,187,152,0.8128342245989305,0.861271676300578,0.93125,0.8948948948948949,0.0565746853096996,561,0.8823529411764706,0.8920454545454546,0.98125,0.9345238095238096,0.4145955470004382,57,9,66,-0.0855263157894736,0.9477124183006536,0.0106951871657754,1.0,0.6285714285714288,0.0394736842105263,0.1176470588235294,16,"break the ice (0/6, 0.0%)","piece of cake (0/3, 0.0%)","under the weather (0/3, 0.0%)","to add insult to the injury (0/3, 0.0%)","break a leg (0/3, 0.0%)","killed two birds with one stone (0/3, 0.0%)","call it a day (0/6, 0.0%)","no pain no gain (0/3, 0.0%)","In the combat simulation designed to test cognitive load under stress, the soldier failed a pop quiz on military strategy just as a training projectile struck his tactical vest, and the after-action report dryly noted that the bullet hit the book in his pocket.","The professor's lecture on literary symbolism was so intense, he described the protagonist's moment of tragic realization as a fatal blow to his willful ignorance, explaining to the class that at the story's climax, the bullet hit the book in his pocket.","After the board meeting where the project's final budget and launch date were both left completely undecided, the manager stared at the decorations in the atrium and noted that the company's celebratory balloons are floating up in the air.","The lead scientist explained that the atmospheric experiment was inconclusive and her entire hypothesis remained unproven, concluding in her field notes that for the time being, the research balloons are floating up in the air.","During the strategic review, we decided to divest from complex ventures and focus on the company's essential, most profitable division, which made me reflect on my own daily essentials, so it's no surprise that I love bread and butter for breakfast.","After a long talk with my mentor about the importance of securing a reliable, primary source of income before pursuing passion projects, I woke up with a newfound appreciation for the fundamentals, which is why I love bread and butter for breakfast.",,,,
qwen-2.5-72b-instruct,few_shot,10,5,0.8,42,english,154,462,5,1.08,9,3,33.3,453,2,0.4,7,0,15,165,187,154,0.8235294117647058,0.8628571428571429,0.94375,0.9014925373134328,0.0786858834478475,561,0.8823529411764706,0.8950381679389313,0.9770833333333332,0.9342629482071714,0.4221009496240272,55,11,66,-0.0714285714285714,0.9382055852644088,0.0089126559714795,1.0,0.6666666666666666,0.0324675324675324,0.1176470588235294,16,"on the game (1/3, 33.3%)","white trash (1/3, 33.3%)","break the ice (0/6, 0.0%)","piece of cake (0/3, 0.0%)","under the weather (0/3, 0.0%)","to add insult to the injury (0/3, 0.0%)","break a leg (0/3, 0.0%)","killed two birds with one stone (0/3, 0.0%)","The professor's lecture on literary symbolism was so intense, he described the protagonist's moment of tragic realization as a fatal blow to his willful ignorance, explaining to the class that at the story's climax, the bullet hit the book in his pocket.","The lead scientist explained that the atmospheric experiment was inconclusive and her entire hypothesis remained unproven, concluding in her field notes that for the time being, the research balloons are floating up in the air.","After a long talk with my mentor about the importance of securing a reliable, primary source of income before pursuing passion projects, I woke up with a newfound appreciation for the fundamentals, which is why I love bread and butter for breakfast.","The social worker reviewed the young woman's file, which detailed a history of surviving on the streets, then looked at a new recruitment offer from a professional e-sports league, and said with relief, oh please go on the game. It's a steady job and you'd be working from home.","The sociologist's report on the Appalachian landfill community focused on the heaps of discarded white goods and packaging choking the landscape, noting, among these odd folk, who correspond exactly to the decadent element of “white trash” in the South, law and morals are non-existent; and their general mental status is probably below that of any other section of the native American people.",,,,,
llama-4-scout,few_shot,10,5,0.8,44,english,169,507,38,7.5,54,17,31.5,453,21,4.6,5,5,25,152,187,169,0.9037433155080212,0.94375,0.94375,0.94375,0.6104166666666667,561,0.8859180035650623,0.9333333333333332,0.9333333333333332,0.9333333333333332,0.5382716049382716,32,32,64,0.019723865877712,0.8764111705288176,0.0677361853832442,0.6111111111111112,1.1851851851851851,0.2248520710059171,0.1140819964349376,10,"spill the beans (3/3, 100.0%)","got a kick out of (3/3, 100.0%)","crocodile tears (3/3, 100.0%)","all the tea in china (3/3, 100.0%)","turn a blind eye (2/3, 66.7%)","raining cats and dogs (2/3, 66.7%)","walking on air (1/3, 33.3%)","light a fire under (1/3, 33.3%)","The rival negotiators stared at each other across the frozen landscape, the silence between them growing deeper and more hostile, and then, as if on cue from some cosmic peacemaker, a rock has broken the ice covering a lake.","After the reading of the will, the estranged siblings gathered by the family's winter cabin, all waiting for someone to finally make the first move, when a loud crack echoed from the shore as a rock has broken the ice covering a lake.","As we sorted through the old case files trying to remember the witness's name, a chime from the front door echoed through the office, and I looked at my partner and said ""I thought you rang the bell"".","In the final moments of the intense negotiation, our competitor conceded on a major point right as the hourly wall clock chimed, prompting me to glance at my team leader and murmur ""I thought you rang the bell"".","At the quarterly sales meeting, the manager projected the final numbers which massively exceeded our target, and just as his computer played a loud notification sound, I leaned over to the top salesperson and whispered that I thought you rang the bell.","The lead scientist explained that the atmospheric experiment was inconclusive and her entire hypothesis remained unproven, concluding in her field notes that for the time being, the research balloons are floating up in the air.","Our star performer has demonstrated an amazing ability to stay focused and competent under pressure, which is a mindset that starts in the gym, where even for basic exercises, back muscles must be used to keep balance on the ball.","The coach's pre-game pep talk stressed the importance of staying sharp and reacting quickly to every play, reminding the team that mental readiness is directly linked to physical conditioning, because abdominals are used to keep balance on the ball and lift your arms.","After receiving a formal reprimand that put his promotion in jeopardy, he tried to relax at the spa, but his doctor's recent advice about his high blood pressure made him realize that bathing in hot water can be dangerous.","After a long debate about Nietzsche's concept of what doesn't kill you makes you stronger, the two philosophers sat quietly by the steaming onsen, and one finally mused to the other 'Is soaking in hot water good for us?'."
claude-sonnet-4-20250514,few_shot,10,5,0.8,42,english,175,525,48,9.14,78,21,26.9,447,27,6.0,6,4,28,149,187,175,0.9358288770053476,0.9933333333333332,0.93125,0.9612903225806452,0.7889261347634386,561,0.8859180035650623,0.9482758620689656,0.9166666666666666,0.9322033898305084,0.5765929366742065,24,40,64,0.0533333333333333,0.8859180035650623,0.0855614973262032,0.5384615384615384,1.7777777777777777,0.2742857142857143,0.1140819964349376,9,"babe magnet (3/3, 100.0%)","all out (3/3, 100.0%)","penny in the fusebox (2/3, 66.7%)","on the game (2/3, 66.7%)","silent treatment (2/3, 66.7%)","on the rag (2/3, 66.7%)","taking the piss (3/6, 50.0%)","raining cats and dogs (1/3, 33.3%)","The rival negotiators stared at each other across the frozen landscape, the silence between them growing deeper and more hostile, and then, as if on cue from some cosmic peacemaker, a rock has broken the ice covering a lake.","After the reading of the will, the estranged siblings gathered by the family's winter cabin, all waiting for someone to finally make the first move, when a loud crack echoed from the shore as a rock has broken the ice covering a lake.","After the CEO's presentation finally won over the skeptical northern clients for the new trade route, the live video feed showed their new flagship vessel making its inaugural journey, proving that the ship broke the ice all the way.","In the final moments of the intense negotiation, our competitor conceded on a major point right as the hourly wall clock chimed, prompting me to glance at my team leader and murmur ""I thought you rang the bell"".","The lead scientist explained that the atmospheric experiment was inconclusive and her entire hypothesis remained unproven, concluding in her field notes that for the time being, the research balloons are floating up in the air.","Our star performer has demonstrated an amazing ability to stay focused and competent under pressure, which is a mindset that starts in the gym, where even for basic exercises, back muscles must be used to keep balance on the ball.","The coach's pre-game pep talk stressed the importance of staying sharp and reacting quickly to every play, reminding the team that mental readiness is directly linked to physical conditioning, because abdominals are used to keep balance on the ball and lift your arms.","The drill sergeant surveyed the two remaining challenges for the recruits: a ten-mile run in full gear or sorting the mess hall cutlery, and then asked the exhausted private 'Would you like a piece of cake'.","The university's ethics committee grilled the lead researcher whose controversial thermoregulation study had led to a federal investigation, demanding that he explain the full scope of the fallout, what are the effects of bathing in hot water?","Everyone else was thrilled about the assignment to organize the company's historical archives, but I found the task mind-numbingly dull, so when you offered me a warm mug to cheer me up, I just shook my head; this is not my cup of tea, it's yours, in fact I hate black tea."
qwen-2.5-72b-instruct,zero_shot,0,1,0.3,42,english,153,459,9,1.96,9,6,66.7,450,3,0.7,10,0,14,163,187,153,0.8181818181818182,0.8620689655172413,0.9375,0.8982035928143712,0.0671786266236281,561,0.8770053475935828,0.8914285714285715,0.975,0.9313432835820894,0.3891133139277526,57,12,69,-0.0718954248366011,0.9477124183006536,0.0160427807486631,1.0,0.6764705882352946,0.0588235294117647,0.1229946524064171,16,"white trash (1/3, 33.3%)","make head or tail of (1/3, 33.3%)","laundry list (1/3, 33.3%)","break the ice (0/6, 0.0%)","piece of cake (0/3, 0.0%)","under the weather (0/3, 0.0%)","to add insult to the injury (0/3, 0.0%)","break a leg (0/3, 0.0%)","In the combat simulation designed to test cognitive load under stress, the soldier failed a pop quiz on military strategy just as a training projectile struck his tactical vest, and the after-action report dryly noted that the bullet hit the book in his pocket.","The professor's lecture on literary symbolism was so intense, he described the protagonist's moment of tragic realization as a fatal blow to his willful ignorance, explaining to the class that at the story's climax, the bullet hit the book in his pocket.","After the board meeting where the project's final budget and launch date were both left completely undecided, the manager stared at the decorations in the atrium and noted that the company's celebratory balloons are floating up in the air.","The lead scientist explained that the atmospheric experiment was inconclusive and her entire hypothesis remained unproven, concluding in her field notes that for the time being, the research balloons are floating up in the air.","During the strategic review, we decided to divest from complex ventures and focus on the company's essential, most profitable division, which made me reflect on my own daily essentials, so it's no surprise that I love bread and butter for breakfast.","After a long talk with my mentor about the importance of securing a reliable, primary source of income before pursuing passion projects, I woke up with a newfound appreciation for the fundamentals, which is why I love bread and butter for breakfast.","While reviewing a controversial art installation made entirely of discarded white plastics and styrofoam, the critic observed the community it depicted and wrote, among these odd folk, who correspond exactly to the decadent element of “white trash” in the South, law and morals are non-existent; and their general mental status is probably below that of any other section of the native American people.","After the recursive function corrupted the pointers, the doubly-linked list became a tangled mess in the memory dump with no clear entry or exit point, and the official documentation was infamously obtuse, so the lead developer gestured at the screen: 'see if you can make head or tail of the last section in this chapter. I'm baffled'.
","The hotel manager was reviewing customer feedback, holding a crumpled note from a guest about missing socks and a stained shirt, and remarked to his colleague that among the laundry list of inconveniences most of us can't abide: cold coffee, airport delays, the high price of gasoline.",
qwen-2.5-72b-instruct,zero_shot,0,1,0.3,43,english,153,459,8,1.74,9,6,66.7,450,2,0.4,10,0,11,166,187,153,0.8181818181818182,0.8620689655172413,0.9375,0.8982035928143712,0.0671786266236281,561,0.875222816399287,0.8882575757575758,0.9770833333333332,0.9305555555555556,0.3714877531227168,59,11,70,-0.0697167755991284,0.952465834818776,0.0142602495543672,1.0,0.6862745098039217,0.0522875816993464,0.124777183600713,17,"white trash (2/3, 66.7%)","break the ice (0/6, 0.0%)","piece of cake (0/3, 0.0%)","under the weather (0/3, 0.0%)","to add insult to the injury (0/3, 0.0%)","break a leg (0/3, 0.0%)","killed two birds with one stone (0/3, 0.0%)","call it a day (0/6, 0.0%)","In the combat simulation designed to test cognitive load under stress, the soldier failed a pop quiz on military strategy just as a training projectile struck his tactical vest, and the after-action report dryly noted that the bullet hit the book in his pocket.","The professor's lecture on literary symbolism was so intense, he described the protagonist's moment of tragic realization as a fatal blow to his willful ignorance, explaining to the class that at the story's climax, the bullet hit the book in his pocket.","After the board meeting where the project's final budget and launch date were both left completely undecided, the manager stared at the decorations in the atrium and noted that the company's celebratory balloons are floating up in the air.","The lead scientist explained that the atmospheric experiment was inconclusive and her entire hypothesis remained unproven, concluding in her field notes that for the time being, the research balloons are floating up in the air.","During the strategic review, we decided to divest from complex ventures and focus on the company's essential, most profitable division, which made me reflect on my own daily essentials, so it's no surprise that I love bread and butter for breakfast.","After a long talk with my mentor about the importance of securing a reliable, primary source of income before pursuing passion projects, I woke up with a newfound appreciation for the fundamentals, which is why I love bread and butter for breakfast.","While reviewing a controversial art installation made entirely of discarded white plastics and styrofoam, the critic observed the community it depicted and wrote, among these odd folk, who correspond exactly to the decadent element of “white trash” in the South, law and morals are non-existent; and their general mental status is probably below that of any other section of the native American people.","The sociologist's report on the Appalachian landfill community focused on the heaps of discarded white goods and packaging choking the landscape, noting, among these odd folk, who correspond exactly to the decadent element of “white trash” in the South, law and morals are non-existent; and their general mental status is probably below that of any other section of the native American people.",,
gpt-4o-mini,few_shot,10,5,0.8,42,english,172,516,39,7.56,60,29,48.3,456,10,2.2,5,3,20,159,187,172,0.9197860962566844,0.9559748427672956,0.95,0.9529780564263324,0.6804235987001755,561,0.8770053475935828,0.9021526418786692,0.9604166666666668,0.9303733602421796,0.4232820031612358,50,19,69,0.0465116279069768,0.9191919191919192,0.0695187165775401,0.8,1.533333333333334,0.2267441860465116,0.122994652406417,13,"all out (2/3, 66.7%)","from scratch (3/6, 50.0%)","hang a ralph (1/3, 33.3%)","silver screen (1/3, 33.3%)","penny in the fusebox (1/3, 33.3%)","in the offing (1/3, 33.3%)","taking the piss (1/6, 16.7%)","break the ice (0/6, 0.0%)","During their painfully awkward first date, neither of the painfully shy geologists knew what to say as they walked along the shore, and just when the silence became truly unbearable, a rock has broken the ice covering a lake.","The rival negotiators stared at each other across the frozen landscape, the silence between them growing deeper and more hostile, and then, as if on cue from some cosmic peacemaker, a rock has broken the ice covering a lake.","The professor's lecture on literary symbolism was so intense, he described the protagonist's moment of tragic realization as a fatal blow to his willful ignorance, explaining to the class that at the story's climax, the bullet hit the book in his pocket.","In the final moments of the intense negotiation, our competitor conceded on a major point right as the hourly wall clock chimed, prompting me to glance at my team leader and murmur ""I thought you rang the bell"".","At the quarterly sales meeting, the manager projected the final numbers which massively exceeded our target, and just as his computer played a loud notification sound, I leaned over to the top salesperson and whispered that I thought you rang the bell.","In the advanced physical therapy gym, the ultimate recovery goal was to generate enough force on the high-striker machine to make it chime, and with a smile, the physical therapist announced that they'd finally reached their target because the patient rang the bell 20 minutes ago.","The two nurses were reviewing the day's milestones in the oncology ward, where finishing a final chemotherapy treatment is a celebrated achievement, and one confirmed the celebration was official because the patient rang the bell 20 minutes ago.","The coach's pre-game pep talk stressed the importance of staying sharp and reacting quickly to every play, reminding the team that mental readiness is directly linked to physical conditioning, because abdominals are used to keep balance on the ball and lift your arms.","The cognitive enhancement workshop focused on techniques for maintaining peak mental performance, and the neuroscientist explained that the core of this ability is not just in your head, because abdominals are used to keep balance on the ball and lift your arms.","My friend saw how devastated I was after losing the wager and asked if I'd ever recover from the loss, but after looking at the odds for the next race, I think I can get over 100 dollars."
gpt-4o-mini,zero_shot,0,1,0.3,44,english,162,486,27,5.56,57,25,43.9,429,2,0.5,10,3,15,159,187,162,0.8663101604278075,0.9470198675496688,0.89375,0.919614147909968,0.5326064322843657,561,0.875222816399287,0.9051383399209486,0.9541666666666668,0.9290060851926978,0.4273697784544806,48,22,70,-0.0102880658436213,0.928698752228164,0.0481283422459893,0.7368421052631579,0.9333333333333332,0.1666666666666666,0.124777183600713,16,"penny in the fusebox (1/3, 33.3%)","on board (1/6, 16.7%)","break the ice (0/6, 0.0%)","piece of cake (0/3, 0.0%)","under the weather (0/3, 0.0%)","to add insult to the injury (0/3, 0.0%)","break a leg (0/3, 0.0%)","killed two birds with one stone (0/3, 0.0%)","During their painfully awkward first date, neither of the painfully shy geologists knew what to say as they walked along the shore, and just when the silence became truly unbearable, a rock has broken the ice covering a lake.","The rival negotiators stared at each other across the frozen landscape, the silence between them growing deeper and more hostile, and then, as if on cue from some cosmic peacemaker, a rock has broken the ice covering a lake.","The professor's lecture on literary symbolism was so intense, he described the protagonist's moment of tragic realization as a fatal blow to his willful ignorance, explaining to the class that at the story's climax, the bullet hit the book in his pocket.","As we sorted through the old case files trying to remember the witness's name, a chime from the front door echoed through the office, and I looked at my partner and said ""I thought you rang the bell"".","In the final moments of the intense negotiation, our competitor conceded on a major point right as the hourly wall clock chimed, prompting me to glance at my team leader and murmur ""I thought you rang the bell"".","At the quarterly sales meeting, the manager projected the final numbers which massively exceeded our target, and just as his computer played a loud notification sound, I leaned over to the top salesperson and whispered that I thought you rang the bell.","In the advanced physical therapy gym, the ultimate recovery goal was to generate enough force on the high-striker machine to make it chime, and with a smile, the physical therapist announced that they'd finally reached their target because the patient rang the bell 20 minutes ago.","The two nurses were reviewing the day's milestones in the oncology ward, where finishing a final chemotherapy treatment is a celebrated achievement, and one confirmed the celebration was official because the patient rang the bell 20 minutes ago.","The final obstacle is a tall fence with the prize money literally pinned to the other side, so despite my exhaustion, I think I can get over 100 dollars.","
After explaining the incredibly complex quantum physics problem to the advanced students, the professor turned to the new recruit who looked overwhelmed and asked 'Would you like a piece of cake'."
gpt-4o-mini,few_shot,10,5,0.8,44,english,167,501,40,7.98,63,35,55.6,438,5,1.1,8,6,19,154,187,167,0.893048128342246,0.9605263157894736,0.9125,0.935897435897436,0.6220280215947854,561,0.8734402852049911,0.8970873786407767,0.9625,0.928643216080402,0.3948059205453677,53,18,71,0.0219560878243513,0.9334521687462864,0.071301247771836,0.8571428571428571,1.1833333333333338,0.2395209580838323,0.1265597147950089,15,"silver screen (2/3, 66.7%)","hang a louie (1/3, 33.3%)","bundle of joy (1/3, 33.3%)","in the offing (1/3, 33.3%)","break the ice (0/6, 0.0%)","piece of cake (0/3, 0.0%)","under the weather (0/3, 0.0%)","to add insult to the injury (0/3, 0.0%)","During their painfully awkward first date, neither of the painfully shy geologists knew what to say as they walked along the shore, and just when the silence became truly unbearable, a rock has broken the ice covering a lake.","The rival negotiators stared at each other across the frozen landscape, the silence between them growing deeper and more hostile, and then, as if on cue from some cosmic peacemaker, a rock has broken the ice covering a lake.","During the tense diplomatic summit held aboard the arctic research vessel, the lead negotiator's unexpected joke finally got everyone to relax, and as the vessel resumed its journey, the ship broke the ice all the way.","After the CEO's presentation finally won over the skeptical northern clients for the new trade route, the live video feed showed their new flagship vessel making its inaugural journey, proving that the ship broke the ice all the way.","Demonstrating the new AI moderator codenamed 'SHIP' on a hostile forum, the developer pointed to the screen where the program's progress was visualized as a vessel clearing a frozen sea and announced that the ship broke the ice all the way.","The professor's lecture on literary symbolism was so intense, he described the protagonist's moment of tragic realization as a fatal blow to his willful ignorance, explaining to the class that at the story's climax, the bullet hit the book in his pocket.","As we sorted through the old case files trying to remember the witness's name, a chime from the front door echoed through the office, and I looked at my partner and said ""I thought you rang the bell"".","In the final moments of the intense negotiation, our competitor conceded on a major point right as the hourly wall clock chimed, prompting me to glance at my team leader and murmur ""I thought you rang the bell"".","At the quarterly sales meeting, the manager projected the final numbers which massively exceeded our target, and just as his computer played a loud notification sound, I leaned over to the top salesperson and whispered that I thought you rang the bell.","The two nurses were reviewing the day's milestones in the oncology ward, where finishing a final chemotherapy treatment is a celebrated achievement, and one confirmed the celebration was official because the patient rang the bell 20 minutes ago."
gpt-4o-mini,zero_shot,0,1,0.3,42,english,166,498,36,7.23,57,26,45.6,441,10,2.3,9,5,15,158,187,166,0.8877005347593583,0.9483870967741936,0.91875,0.9333333333333332,0.5809089806521069,561,0.8734402852049911,0.903353057199211,0.9541666666666668,0.92806484295846,0.4161710024913288,49,22,71,0.0160642570281124,0.928698752228164,0.0641711229946524,0.7368421052631579,1.1269841269841272,0.216867469879518,0.1265597147950088,16,"silver screen (3/3, 100.0%)","odds and ends (3/3, 100.0%)","from scratch (2/3, 66.7%)","penny in the fusebox (1/3, 33.3%)","on board (1/6, 16.7%)","break the ice (0/6, 0.0%)","piece of cake (0/3, 0.0%)","under the weather (0/3, 0.0%)","During their painfully awkward first date, neither of the painfully shy geologists knew what to say as they walked along the shore, and just when the silence became truly unbearable, a rock has broken the ice covering a lake.","The rival negotiators stared at each other across the frozen landscape, the silence between them growing deeper and more hostile, and then, as if on cue from some cosmic peacemaker, a rock has broken the ice covering a lake.","In the combat simulation designed to test cognitive load under stress, the soldier failed a pop quiz on military strategy just as a training projectile struck his tactical vest, and the after-action report dryly noted that the bullet hit the book in his pocket.","The professor's lecture on literary symbolism was so intense, he described the protagonist's moment of tragic realization as a fatal blow to his willful ignorance, explaining to the class that at the story's climax, the bullet hit the book in his pocket.","As we sorted through the old case files trying to remember the witness's name, a chime from the front door echoed through the office, and I looked at my partner and said ""I thought you rang the bell"".","In the final moments of the intense negotiation, our competitor conceded on a major point right as the hourly wall clock chimed, prompting me to glance at my team leader and murmur ""I thought you rang the bell"".","At the quarterly sales meeting, the manager projected the final numbers which massively exceeded our target, and just as his computer played a loud notification sound, I leaned over to the top salesperson and whispered that I thought you rang the bell.","In the advanced physical therapy gym, the ultimate recovery goal was to generate enough force on the high-striker machine to make it chime, and with a smile, the physical therapist announced that they'd finally reached their target because the patient rang the bell 20 minutes ago.","The two nurses were reviewing the day's milestones in the oncology ward, where finishing a final chemotherapy treatment is a celebrated achievement, and one confirmed the celebration was official because the patient rang the bell 20 minutes ago.","The final obstacle is a tall fence with the prize money literally pinned to the other side, so despite my exhaustion, I think I can get over 100 dollars."
gpt-4o-mini,zero_shot,0,1,0.3,43,english,161,483,28,5.8,57,26,45.6,426,2,0.5,11,3,15,158,187,161,0.8609625668449198,0.9466666666666668,0.8875,0.9161290322580644,0.5215939291187736,561,0.8734402852049911,0.903353057199211,0.9541666666666668,0.92806484295846,0.4161710024913288,49,22,71,-0.0144927536231883,0.928698752228164,0.0499108734402852,0.7368421052631579,0.9102564102564104,0.1739130434782608,0.1265597147950089,16,"penny in the fusebox (1/3, 33.3%)","on board (1/6, 16.7%)","break the ice (0/6, 0.0%)","piece of cake (0/3, 0.0%)","under the weather (0/3, 0.0%)","to add insult to the injury (0/3, 0.0%)","break a leg (0/3, 0.0%)","killed two birds with one stone (0/3, 0.0%)","During their painfully awkward first date, neither of the painfully shy geologists knew what to say as they walked along the shore, and just when the silence became truly unbearable, a rock has broken the ice covering a lake.","The rival negotiators stared at each other across the frozen landscape, the silence between them growing deeper and more hostile, and then, as if on cue from some cosmic peacemaker, a rock has broken the ice covering a lake.","The professor's lecture on literary symbolism was so intense, he described the protagonist's moment of tragic realization as a fatal blow to his willful ignorance, explaining to the class that at the story's climax, the bullet hit the book in his pocket.","As we sorted through the old case files trying to remember the witness's name, a chime from the front door echoed through the office, and I looked at my partner and said ""I thought you rang the bell"".","In the final moments of the intense negotiation, our competitor conceded on a major point right as the hourly wall clock chimed, prompting me to glance at my team leader and murmur ""I thought you rang the bell"".","At the quarterly sales meeting, the manager projected the final numbers which massively exceeded our target, and just as his computer played a loud notification sound, I leaned over to the top salesperson and whispered that I thought you rang the bell.","In the advanced physical therapy gym, the ultimate recovery goal was to generate enough force on the high-striker machine to make it chime, and with a smile, the physical therapist announced that they'd finally reached their target because the patient rang the bell 20 minutes ago.","The two nurses were reviewing the day's milestones in the oncology ward, where finishing a final chemotherapy treatment is a celebrated achievement, and one confirmed the celebration was official because the patient rang the bell 20 minutes ago.","Selling my ex's old record collection is emotionally difficult since he always claimed it was worth exactly one hundred dollars, but after seeing the online auction bids, I think I can get over 100 dollars.","The final obstacle is a tall fence with the prize money literally pinned to the other side, so despite my exhaustion, I think I can get over 100 dollars."
gpt-4o,zero_shot,0,1,0.3,42,english,169,507,43,8.48,63,38,60.3,444,5,1.1,6,7,16,158,187,169,0.9037433155080212,0.961038961038961,0.925,0.9426751592356688,0.6479515952918626,561,0.8645276292335116,0.8914728682170543,0.9583333333333334,0.923694779116466,0.3454642548924971,56,20,76,0.0433925049309664,0.9239453357100416,0.0766488413547237,0.8095238095238095,1.407407407407407,0.2544378698224852,0.1354723707664884,17,"on the game (2/3, 66.7%)","silver screen (1/3, 33.3%)","in the offing (1/3, 33.3%)","on board (1/6, 16.7%)","break the ice (0/6, 0.0%)","piece of cake (0/3, 0.0%)","under the weather (0/3, 0.0%)","to add insult to the injury (0/3, 0.0%)","During their painfully awkward first date, neither of the painfully shy geologists knew what to say as they walked along the shore, and just when the silence became truly unbearable, a rock has broken the ice covering a lake.","The rival negotiators stared at each other across the frozen landscape, the silence between them growing deeper and more hostile, and then, as if on cue from some cosmic peacemaker, a rock has broken the ice covering a lake.","After the reading of the will, the estranged siblings gathered by the family's winter cabin, all waiting for someone to finally make the first move, when a loud crack echoed from the shore as a rock has broken the ice covering a lake.","During the tense diplomatic summit held aboard the arctic research vessel, the lead negotiator's unexpected joke finally got everyone to relax, and as the vessel resumed its journey, the ship broke the ice all the way.","After the CEO's presentation finally won over the skeptical northern clients for the new trade route, the live video feed showed their new flagship vessel making its inaugural journey, proving that the ship broke the ice all the way.","Demonstrating the new AI moderator codenamed 'SHIP' on a hostile forum, the developer pointed to the screen where the program's progress was visualized as a vessel clearing a frozen sea and announced that the ship broke the ice all the way.","In the final moments of the intense negotiation, our competitor conceded on a major point right as the hourly wall clock chimed, prompting me to glance at my team leader and murmur ""I thought you rang the bell"".","At the quarterly sales meeting, the manager projected the final numbers which massively exceeded our target, and just as his computer played a loud notification sound, I leaned over to the top salesperson and whispered that I thought you rang the bell.","In the advanced physical therapy gym, the ultimate recovery goal was to generate enough force on the high-striker machine to make it chime, and with a smile, the physical therapist announced that they'd finally reached their target because the patient rang the bell 20 minutes ago.","The two nurses were reviewing the day's milestones in the oncology ward, where finishing a final chemotherapy treatment is a celebrated achievement, and one confirmed the celebration was official because the patient rang the bell 20 minutes ago."
gemini-2.5-pro,few_shot,10,5,0.8,42,english,177,531,63,11.86,78,42,53.8,453,21,4.6,5,4,37,141,187,177,0.946524064171123,0.993421052631579,0.94375,0.967948717948718,0.8170636353409706,561,0.8645276292335116,0.9089068825910932,0.9354166666666668,0.9219712525667352,0.4117058960209557,45,31,76,0.0866290018832392,0.8193701723113488,0.1122994652406417,0.8846153846153846,2.533333333333334,0.3559322033898305,0.1354723707664884,8,"raining cats and dogs (2/3, 66.7%)","on the game (2/3, 66.7%)","silent treatment (2/3, 66.7%)","turns into a pumpkin (2/3, 66.7%)","under the weather (1/3, 33.3%)","killed two birds with one stone (1/3, 33.3%)","pay the fiddler (1/3, 33.3%)","penny in the fusebox (1/3, 33.3%)","After the reading of the will, the estranged siblings gathered by the family's winter cabin, all waiting for someone to finally make the first move, when a loud crack echoed from the shore as a rock has broken the ice covering a lake.","After the CEO's presentation finally won over the skeptical northern clients for the new trade route, the live video feed showed their new flagship vessel making its inaugural journey, proving that the ship broke the ice all the way.","Demonstrating the new AI moderator codenamed 'SHIP' on a hostile forum, the developer pointed to the screen where the program's progress was visualized as a vessel clearing a frozen sea and announced that the ship broke the ice all the way.","In the combat simulation designed to test cognitive load under stress, the soldier failed a pop quiz on military strategy just as a training projectile struck his tactical vest, and the after-action report dryly noted that the bullet hit the book in his pocket.","The professor's lecture on literary symbolism was so intense, he described the protagonist's moment of tragic realization as a fatal blow to his willful ignorance, explaining to the class that at the story's climax, the bullet hit the book in his pocket.","In the final moments of the intense negotiation, our competitor conceded on a major point right as the hourly wall clock chimed, prompting me to glance at my team leader and murmur ""I thought you rang the bell"".","At the quarterly sales meeting, the manager projected the final numbers which massively exceeded our target, and just as his computer played a loud notification sound, I leaned over to the top salesperson and whispered that I thought you rang the bell.","During the cognitive therapy session, which used a quiz format where correct answers were signaled with a desk bell, the supervising doctor asked if there had been any breakthroughs, and the therapist confirmed the patient rang the bell 20 minutes ago.","The two nurses were reviewing the day's milestones in the oncology ward, where finishing a final chemotherapy treatment is a celebrated achievement, and one confirmed the celebration was official because the patient rang the bell 20 minutes ago.","The lead scientist explained that the atmospheric experiment was inconclusive and her entire hypothesis remained unproven, concluding in her field notes that for the time being, the research balloons are floating up in the air."
gemini-2.5-flash-lite,few_shot,10,5,0.8,43,english,170,510,46,9.02,60,41,68.3,450,5,1.1,5,9,15,158,187,170,0.9090909090909092,0.9554140127388536,0.9375,0.946372239747634,0.6495540476361481,561,0.857397504456328,0.8816793893129771,0.9625,0.9203187250996016,0.2790695897850804,62,18,80,0.0568627450980391,0.9382055852644088,0.0819964349376114,0.9,1.5686274509803917,0.2705882352941176,0.142602495543672,20,"kicked the bucket (1/3, 33.3%)","my foot (1/3, 33.3%)","sharp cookie (1/3, 33.3%)","funny bone (1/6, 16.7%)","your mileage may vary (1/6, 16.7%)","break the ice (0/6, 0.0%)","piece of cake (0/3, 0.0%)","under the weather (0/3, 0.0%)","During their painfully awkward first date, neither of the painfully shy geologists knew what to say as they walked along the shore, and just when the silence became truly unbearable, a rock has broken the ice covering a lake.","The rival negotiators stared at each other across the frozen landscape, the silence between them growing deeper and more hostile, and then, as if on cue from some cosmic peacemaker, a rock has broken the ice covering a lake.","After the reading of the will, the estranged siblings gathered by the family's winter cabin, all waiting for someone to finally make the first move, when a loud crack echoed from the shore as a rock has broken the ice covering a lake.","During the tense diplomatic summit held aboard the arctic research vessel, the lead negotiator's unexpected joke finally got everyone to relax, and as the vessel resumed its journey, the ship broke the ice all the way.","After the CEO's presentation finally won over the skeptical northern clients for the new trade route, the live video feed showed their new flagship vessel making its inaugural journey, proving that the ship broke the ice all the way.","Demonstrating the new AI moderator codenamed 'SHIP' on a hostile forum, the developer pointed to the screen where the program's progress was visualized as a vessel clearing a frozen sea and announced that the ship broke the ice all the way.","As a part of his experimental art piece about the failures of the education system, the artist set up a firing range in a replica classroom, and for the finale, the bullet hit the book in his pocket.","In the combat simulation designed to test cognitive load under stress, the soldier failed a pop quiz on military strategy just as a training projectile struck his tactical vest, and the after-action report dryly noted that the bullet hit the book in his pocket.","The professor's lecture on literary symbolism was so intense, he described the protagonist's moment of tragic realization as a fatal blow to his willful ignorance, explaining to the class that at the story's climax, the bullet hit the book in his pocket.","During the cognitive therapy session, which used a quiz format where correct answers were signaled with a desk bell, the supervising doctor asked if there had been any breakthroughs, and the therapist confirmed the patient rang the bell 20 minutes ago."
claude-sonnet-4-20250514,zero_shot,0,1,0.3,42,english,168,504,44,8.73,54,44,81.5,450,0,0.0,6,11,8,162,187,168,0.8983957219251337,0.9433962264150944,0.9375,0.9404388714733544,0.5951426248684512,561,0.8538324420677362,0.8685185185185185,0.9770833333333332,0.9196078431372549,0.1861641342598201,71,11,82,0.0496031746031745,0.9619726678550208,0.0784313725490196,1.0,1.4385964912280702,0.2619047619047619,0.1461675579322638,23,"break the ice (0/6, 0.0%)","piece of cake (0/3, 0.0%)","under the weather (0/3, 0.0%)","to add insult to the injury (0/3, 0.0%)","break a leg (0/3, 0.0%)","killed two birds with one stone (0/3, 0.0%)","call it a day (0/6, 0.0%)","no pain no gain (0/3, 0.0%)","The professor's lecture on literary symbolism was so intense, he described the protagonist's moment of tragic realization as a fatal blow to his willful ignorance, explaining to the class that at the story's climax, the bullet hit the book in his pocket.","As we sorted through the old case files trying to remember the witness's name, a chime from the front door echoed through the office, and I looked at my partner and said ""I thought you rang the bell"".","In the final moments of the intense negotiation, our competitor conceded on a major point right as the hourly wall clock chimed, prompting me to glance at my team leader and murmur ""I thought you rang the bell"".","At the quarterly sales meeting, the manager projected the final numbers which massively exceeded our target, and just as his computer played a loud notification sound, I leaned over to the top salesperson and whispered that I thought you rang the bell.","During the cognitive therapy session, which used a quiz format where correct answers were signaled with a desk bell, the supervising doctor asked if there had been any breakthroughs, and the therapist confirmed the patient rang the bell 20 minutes ago.","In the advanced physical therapy gym, the ultimate recovery goal was to generate enough force on the high-striker machine to make it chime, and with a smile, the physical therapist announced that they'd finally reached their target because the patient rang the bell 20 minutes ago.","The two nurses were reviewing the day's milestones in the oncology ward, where finishing a final chemotherapy treatment is a celebrated achievement, and one confirmed the celebration was official because the patient rang the bell 20 minutes ago.","After the board meeting where the project's final budget and launch date were both left completely undecided, the manager stared at the decorations in the atrium and noted that the company's celebratory balloons are floating up in the air.","The lead scientist explained that the atmospheric experiment was inconclusive and her entire hypothesis remained unproven, concluding in her field notes that for the time being, the research balloons are floating up in the air.","Our star performer has demonstrated an amazing ability to stay focused and competent under pressure, which is a mindset that starts in the gym, where even for basic exercises, back muscles must be used to keep balance on the ball."
gemini-2.5-flash-lite,few_shot,10,5,0.8,44,english,166,498,46,9.24,54,41,75.9,444,5,1.1,8,9,15,155,187,166,0.8877005347593583,0.9426751592356688,0.925,0.9337539432176656,0.5666416879720118,561,0.8520499108734403,0.8724202626641651,0.96875,0.9180651530108588,0.2086076918256262,68,15,83,0.0401606425702811,0.9429590017825312,0.0819964349376114,1.0,1.3174603174603174,0.2771084337349397,0.1479500891265597,21,"to add insult to the injury (1/3, 33.3%)","kicked the bucket (1/3, 33.3%)","hang a ralph (1/3, 33.3%)","on the game (1/3, 33.3%)","turns into a pumpkin (1/3, 33.3%)","break the ice (0/6, 0.0%)","piece of cake (0/3, 0.0%)","under the weather (0/3, 0.0%)","During their painfully awkward first date, neither of the painfully shy geologists knew what to say as they walked along the shore, and just when the silence became truly unbearable, a rock has broken the ice covering a lake.","The rival negotiators stared at each other across the frozen landscape, the silence between them growing deeper and more hostile, and then, as if on cue from some cosmic peacemaker, a rock has broken the ice covering a lake.","After the reading of the will, the estranged siblings gathered by the family's winter cabin, all waiting for someone to finally make the first move, when a loud crack echoed from the shore as a rock has broken the ice covering a lake.","In the combat simulation designed to test cognitive load under stress, the soldier failed a pop quiz on military strategy just as a training projectile struck his tactical vest, and the after-action report dryly noted that the bullet hit the book in his pocket.","The professor's lecture on literary symbolism was so intense, he described the protagonist's moment of tragic realization as a fatal blow to his willful ignorance, explaining to the class that at the story's climax, the bullet hit the book in his pocket.","During the cognitive therapy session, which used a quiz format where correct answers were signaled with a desk bell, the supervising doctor asked if there had been any breakthroughs, and the therapist confirmed the patient rang the bell 20 minutes ago.","In the advanced physical therapy gym, the ultimate recovery goal was to generate enough force on the high-striker machine to make it chime, and with a smile, the physical therapist announced that they'd finally reached their target because the patient rang the bell 20 minutes ago.","The two nurses were reviewing the day's milestones in the oncology ward, where finishing a final chemotherapy treatment is a celebrated achievement, and one confirmed the celebration was official because the patient rang the bell 20 minutes ago.","The lead scientist explained that the atmospheric experiment was inconclusive and her entire hypothesis remained unproven, concluding in her field notes that for the time being, the research balloons are floating up in the air.","To succeed in this demanding new project, every team member must be incredibly quick-thinking and efficient, so remember that during these corporate wellness initiatives, back muscles must be used to keep balance on the ball."
gemini-2.5-flash-lite,few_shot,10,5,0.8,42,english,167,501,55,10.98,60,48,80.0,441,7,1.6,9,13,15,150,187,167,0.893048128342246,0.9545454545454546,0.91875,0.9363057324840764,0.608041533263016,561,0.8467023172905526,0.8703007518796992,0.9645833333333332,0.9150197628458498,0.1789589930428429,69,17,86,0.0518962075848303,0.9477124183006536,0.0980392156862745,1.0,1.4333333333333338,0.3293413173652694,0.1532976827094474,23,"in the red (1/3, 33.3%)","cut the mustard (1/3, 33.3%)","on the mend (1/3, 33.3%)","bad blood (1/3, 33.3%)","off the hook (1/3, 33.3%)","beating a dead horse (1/3, 33.3%)","top banana (1/6, 16.7%)","break the ice (0/6, 0.0%)","After the reading of the will, the estranged siblings gathered by the family's winter cabin, all waiting for someone to finally make the first move, when a loud crack echoed from the shore as a rock has broken the ice covering a lake.","As a part of his experimental art piece about the failures of the education system, the artist set up a firing range in a replica classroom, and for the finale, the bullet hit the book in his pocket.","In the combat simulation designed to test cognitive load under stress, the soldier failed a pop quiz on military strategy just as a training projectile struck his tactical vest, and the after-action report dryly noted that the bullet hit the book in his pocket.","The professor's lecture on literary symbolism was so intense, he described the protagonist's moment of tragic realization as a fatal blow to his willful ignorance, explaining to the class that at the story's climax, the bullet hit the book in his pocket.","As we sorted through the old case files trying to remember the witness's name, a chime from the front door echoed through the office, and I looked at my partner and said ""I thought you rang the bell"".","In the final moments of the intense negotiation, our competitor conceded on a major point right as the hourly wall clock chimed, prompting me to glance at my team leader and murmur ""I thought you rang the bell"".","At the quarterly sales meeting, the manager projected the final numbers which massively exceeded our target, and just as his computer played a loud notification sound, I leaned over to the top salesperson and whispered that I thought you rang the bell.","During the cognitive therapy session, which used a quiz format where correct answers were signaled with a desk bell, the supervising doctor asked if there had been any breakthroughs, and the therapist confirmed the patient rang the bell 20 minutes ago.","In the advanced physical therapy gym, the ultimate recovery goal was to generate enough force on the high-striker machine to make it chime, and with a smile, the physical therapist announced that they'd finally reached their target because the patient rang the bell 20 minutes ago.","The two nurses were reviewing the day's milestones in the oncology ward, where finishing a final chemotherapy treatment is a celebrated achievement, and one confirmed the celebration was official because the patient rang the bell 20 minutes ago."
gemini-2.5-flash-lite,zero_shot,0,1,0.3,43,english,170,510,49,9.61,51,46,90.2,459,3,0.7,4,14,6,163,187,170,0.9090909090909092,0.9386503067484664,0.95625,0.9473684210526316,0.6156740496622822,561,0.8431372549019608,0.8602941176470589,0.975,0.9140625,0.0753080095095886,76,12,88,0.0725490196078431,0.9809863339275104,0.0873440285204991,1.0,1.7254901960784308,0.288235294117647,0.1568627450980392,27,"bundle of joy (1/3, 33.3%)","silver screen (1/3, 33.3%)","in the offing (1/3, 33.3%)","break the ice (0/6, 0.0%)","piece of cake (0/3, 0.0%)","under the weather (0/3, 0.0%)","to add insult to the injury (0/3, 0.0%)","break a leg (0/3, 0.0%)","During their painfully awkward first date, neither of the painfully shy geologists knew what to say as they walked along the shore, and just when the silence became truly unbearable, a rock has broken the ice covering a lake.","The rival negotiators stared at each other across the frozen landscape, the silence between them growing deeper and more hostile, and then, as if on cue from some cosmic peacemaker, a rock has broken the ice covering a lake.","After the reading of the will, the estranged siblings gathered by the family's winter cabin, all waiting for someone to finally make the first move, when a loud crack echoed from the shore as a rock has broken the ice covering a lake.","As a part of his experimental art piece about the failures of the education system, the artist set up a firing range in a replica classroom, and for the finale, the bullet hit the book in his pocket.","In the combat simulation designed to test cognitive load under stress, the soldier failed a pop quiz on military strategy just as a training projectile struck his tactical vest, and the after-action report dryly noted that the bullet hit the book in his pocket.","The professor's lecture on literary symbolism was so intense, he described the protagonist's moment of tragic realization as a fatal blow to his willful ignorance, explaining to the class that at the story's climax, the bullet hit the book in his pocket.","During the cognitive therapy session, which used a quiz format where correct answers were signaled with a desk bell, the supervising doctor asked if there had been any breakthroughs, and the therapist confirmed the patient rang the bell 20 minutes ago.","In the advanced physical therapy gym, the ultimate recovery goal was to generate enough force on the high-striker machine to make it chime, and with a smile, the physical therapist announced that they'd finally reached their target because the patient rang the bell 20 minutes ago.","The two nurses were reviewing the day's milestones in the oncology ward, where finishing a final chemotherapy treatment is a celebrated achievement, and one confirmed the celebration was official because the patient rang the bell 20 minutes ago.","After the board meeting where the project's final budget and launch date were both left completely undecided, the manager stared at the decorations in the atrium and noted that the company's celebratory balloons are floating up in the air."
gemini-2.5-flash-lite,zero_shot,0,1,0.3,44,english,166,498,44,8.84,45,41,91.1,453,3,0.7,6,12,5,164,187,166,0.8877005347593583,0.9263803680981596,0.94375,0.9349845201238388,0.5246973232404357,561,0.8413547237076648,0.8587155963302753,0.975,0.9131707317073172,0.0514857408945468,77,12,89,0.0522088353413655,0.9857397504456328,0.0784313725490196,1.0,1.412698412698413,0.2650602409638554,0.1586452762923351,27,"bundle of joy (2/3, 66.7%)","in the offing (1/3, 33.3%)","break the ice (0/6, 0.0%)","piece of cake (0/3, 0.0%)","under the weather (0/3, 0.0%)","to add insult to the injury (0/3, 0.0%)","break a leg (0/3, 0.0%)","killed two birds with one stone (0/3, 0.0%)","During their painfully awkward first date, neither of the painfully shy geologists knew what to say as they walked along the shore, and just when the silence became truly unbearable, a rock has broken the ice covering a lake.","The rival negotiators stared at each other across the frozen landscape, the silence between them growing deeper and more hostile, and then, as if on cue from some cosmic peacemaker, a rock has broken the ice covering a lake.","After the reading of the will, the estranged siblings gathered by the family's winter cabin, all waiting for someone to finally make the first move, when a loud crack echoed from the shore as a rock has broken the ice covering a lake.","As a part of his experimental art piece about the failures of the education system, the artist set up a firing range in a replica classroom, and for the finale, the bullet hit the book in his pocket.","In the combat simulation designed to test cognitive load under stress, the soldier failed a pop quiz on military strategy just as a training projectile struck his tactical vest, and the after-action report dryly noted that the bullet hit the book in his pocket.","The professor's lecture on literary symbolism was so intense, he described the protagonist's moment of tragic realization as a fatal blow to his willful ignorance, explaining to the class that at the story's climax, the bullet hit the book in his pocket.","After the board meeting where the project's final budget and launch date were both left completely undecided, the manager stared at the decorations in the atrium and noted that the company's celebratory balloons are floating up in the air.","The lead scientist explained that the atmospheric experiment was inconclusive and her entire hypothesis remained unproven, concluding in her field notes that for the time being, the research balloons are floating up in the air.","He asked if she had made a decision about their relationship, but with their future so unsettled, she just looked past him at the distant street fair and observed that the balloons are floating up in the air.","To succeed in this demanding new project, every team member must be incredibly quick-thinking and efficient, so remember that during these corporate wellness initiatives, back muscles must be used to keep balance on the ball."
DeepSeek-R1,zero_shot,0,1,0.3,42,english,156,468,18,3.85,15,13,86.7,453,5,1.1,5,3,12,167,187,156,0.8342245989304813,0.8728323699421965,0.94375,0.9069069069069068,0.1721972662158619,561,0.8377896613190731,0.8608534322820037,0.9666666666666668,0.9106967615309128,0.0737711113563317,75,16,91,-0.0042735042735042,0.952465834818776,0.0320855614973262,1.0,0.978494623655914,0.1153846153846153,0.1622103386809268,24,"raining cats and dogs (1/3, 33.3%)","light a fire under (1/3, 33.3%)","birthday suit (1/3, 33.3%)","busted flush (1/3, 33.3%)","fell between two stools (1/6, 16.7%)","break the ice (0/6, 0.0%)","piece of cake (0/3, 0.0%)","under the weather (0/3, 0.0%)","As a part of his experimental art piece about the failures of the education system, the artist set up a firing range in a replica classroom, and for the finale, the bullet hit the book in his pocket.","In the combat simulation designed to test cognitive load under stress, the soldier failed a pop quiz on military strategy just as a training projectile struck his tactical vest, and the after-action report dryly noted that the bullet hit the book in his pocket.","After the board meeting where the project's final budget and launch date were both left completely undecided, the manager stared at the decorations in the atrium and noted that the company's celebratory balloons are floating up in the air.","The lead scientist explained that the atmospheric experiment was inconclusive and her entire hypothesis remained unproven, concluding in her field notes that for the time being, the research balloons are floating up in the air.","He asked if she had made a decision about their relationship, but with their future so unsettled, she just looked past him at the distant street fair and observed that the balloons are floating up in the air.","As the owner of a small artisanal bakery whose livelihood depends entirely on our most basic and popular product, my professional and personal tastes have completely merged; I love bread and butter for breakfast.","During the strategic review, we decided to divest from complex ventures and focus on the company's essential, most profitable division, which made me reflect on my own daily essentials, so it's no surprise that I love bread and butter for breakfast.","The board ignored all warnings of imminent bankruptcy, preferring to discuss the new coffee machine; this response to crisis perfectly demonstrates the flawed survival instinct whereby ostriches bury their head in the sand.","The psychologist explained that denial is a powerful, primitive defense mechanism for avoiding emotional pain, noting that when some creatures perceive an overwhelming threat they cannot fight, ostriches bury their head in the sand.","Despite daily reports of ecological collapse, the ruling party refused to acknowledge the crisis, choosing instead to focus on minor diplomatic issues; their policy was a stark reminder that in some ecosystems, ostriches bury their head in the sand."
gemini-2.5-flash-lite,zero_shot,0,1,0.3,42,english,169,507,51,10.06,48,44,91.7,459,7,1.5,4,15,4,164,187,169,0.9037433155080212,0.9329268292682928,0.95625,0.9444444444444444,0.5873592850677616,561,0.8342245989304813,0.8576709796672828,0.9666666666666668,0.9089128305582762,0.0304234058627518,77,16,93,0.0769230769230768,0.9904931669637552,0.0909090909090909,0.9375,1.7222222222222212,0.301775147928994,0.1657754010695187,29,"silver screen (3/3, 100.0%)","turns into a pumpkin (2/3, 66.7%)","bundle of joy (1/3, 33.3%)","in the offing (1/3, 33.3%)","break the ice (0/6, 0.0%)","piece of cake (0/3, 0.0%)","under the weather (0/3, 0.0%)","to add insult to the injury (0/3, 0.0%)","During their painfully awkward first date, neither of the painfully shy geologists knew what to say as they walked along the shore, and just when the silence became truly unbearable, a rock has broken the ice covering a lake.","The rival negotiators stared at each other across the frozen landscape, the silence between them growing deeper and more hostile, and then, as if on cue from some cosmic peacemaker, a rock has broken the ice covering a lake.","After the reading of the will, the estranged siblings gathered by the family's winter cabin, all waiting for someone to finally make the first move, when a loud crack echoed from the shore as a rock has broken the ice covering a lake.","As a part of his experimental art piece about the failures of the education system, the artist set up a firing range in a replica classroom, and for the finale, the bullet hit the book in his pocket.","In the combat simulation designed to test cognitive load under stress, the soldier failed a pop quiz on military strategy just as a training projectile struck his tactical vest, and the after-action report dryly noted that the bullet hit the book in his pocket.","The professor's lecture on literary symbolism was so intense, he described the protagonist's moment of tragic realization as a fatal blow to his willful ignorance, explaining to the class that at the story's climax, the bullet hit the book in his pocket.","During the cognitive therapy session, which used a quiz format where correct answers were signaled with a desk bell, the supervising doctor asked if there had been any breakthroughs, and the therapist confirmed the patient rang the bell 20 minutes ago.","In the advanced physical therapy gym, the ultimate recovery goal was to generate enough force on the high-striker machine to make it chime, and with a smile, the physical therapist announced that they'd finally reached their target because the patient rang the bell 20 minutes ago.","The two nurses were reviewing the day's milestones in the oncology ward, where finishing a final chemotherapy treatment is a celebrated achievement, and one confirmed the celebration was official because the patient rang the bell 20 minutes ago.","After the board meeting where the project's final budget and launch date were both left completely undecided, the manager stared at the decorations in the atrium and noted that the company's celebratory balloons are floating up in the air."
