model,prompt_type,seed,language,total_analyzed_sentences,all_confused_count,all_confused_percent,none_confused_count,none_confused_percent,mixed_count,mixed_percent,all_confused_example_1,all_confused_example_2,all_confused_example_3,none_confused_example_1,none_confused_example_2,none_confused_example_3,mixed_example_1,mixed_example_2,mixed_example_3
DeepSeek-R1,zero_shot,42,english,187,24,12.8,151,80.7,12,6.4,"{""sentence"": ""Ostriches bury their head in the sand."", ""variant_sentence"": ""The board ignored all warnings of imminent bankruptcy, preferring to discuss the new coffee machine; this response to crisis perfectly demonstrates the flawed survival instinct whereby ostriches bury their head in the sand.""}","{""sentence"": ""Do some animals really bury their head in the sand?"", ""variant_sentence"": ""Watching our friend ignore all the obvious red flags in his failing relationship was painful, and after he defended his partner's blatant lies once again, I began to wonder about the very nature of self-deception, eventually asking my wife, do some animals really bury their head in the sand?""}","{""sentence"": ""A rock has broken the ice covering a lake."", ""variant_sentence"": ""During their painfully awkward first date, neither of the painfully shy geologists knew what to say as they walked along the shore, and just when the silence became truly unbearable, a rock has broken the ice covering a lake.""}","{""sentence"": ""The police will turn a blind eye once."", ""variant_sentence"": ""The junior officer was nervous about handling the department's antique mannequin, which was used for historical displays and had a damaged glass eye, but the curator assured him that for the annual cleaning protocol, the police will turn a blind eye once.""}","{""sentence"": ""Come on, spill the beans now, I wanna know!"", ""variant_sentence"": ""The new intern was about to drop the entire bag of rare coffee beans she was carrying while also looking like she had some explosive industry gossip, so her manager urged her with a mix of panic and curiosity, come on, spill the beans now, I wanna know!""}","{""sentence"": ""After meeting him, she was walking on air."", ""variant_sentence"": ""At the new circus, she was practicing her routine on a transparent high wire suspended over the main floor, which created an incredible illusion for the audience below; after meeting him, she was walking on air.""}","{""sentence"": ""The bullet hit the book in his pocket."", ""variant_sentence"": ""As a part of his experimental art piece about the failures of the education system, the artist set up a firing range in a replica classroom, and for the finale, the bullet hit the book in his pocket.""}","{""sentence"": ""What are the effects of bathing in hot water?"", ""variant_sentence"": ""The therapist listened as her client described both his recent confession to embezzlement and his new coping mechanism of taking scalding baths to manage the stress, prompting her to gently ask, what are the effects of bathing in hot water?""}","{""sentence"": ""I must have switched cups, this is not my cup of tea."", ""variant_sentence"": ""As my friend launched into a detailed, hour-long monologue about the intricacies of tax law during our afternoon break, I took a tentative sip from the mug in front of me, I must have switched cups, this is not my cup of tea.""}"
claude-sonnet-4-20250514,few_shot,42,english,187,10,5.3,148,79.1,29,15.5,"{""sentence"": ""Ostriches bury their head in the sand."", ""variant_sentence"": ""The board ignored all warnings of imminent bankruptcy, preferring to discuss the new coffee machine; this response to crisis perfectly demonstrates the flawed survival instinct whereby ostriches bury their head in the sand.""}","{""sentence"": ""I must have switched cups, this is not my cup of tea."", ""variant_sentence"": ""As my friend launched into a detailed, hour-long monologue about the intricacies of tax law during our afternoon break, I took a tentative sip from the mug in front of me, I must have switched cups, this is not my cup of tea.""}","{""sentence"": ""The submarine is getting into deep water."", ""variant_sentence"": ""As the sonar confirmed they had crossed the contested maritime boundary and foreign patrol boats began active pursuit, the captain knew the submarine is getting into deep water.""}","{""sentence"": ""The patient rang the bell 20 minutes ago."", ""variant_sentence"": ""During the cognitive therapy session, which used a quiz format where correct answers were signaled with a desk bell, the supervising doctor asked if there had been any breakthroughs, and the therapist confirmed the patient rang the bell 20 minutes ago.""}","{""sentence"": ""balloons are floating up in the air."", ""variant_sentence"": ""After the board meeting where the project's final budget and launch date were both left completely undecided, the manager stared at the decorations in the atrium and noted that the company's celebratory balloons are floating up in the air.""}","{""sentence"": ""I think I can get over 100 dollars."", ""variant_sentence"": ""Selling my ex's old record collection is emotionally difficult since he always claimed it was worth exactly one hundred dollars, but after seeing the online auction bids, I think I can get over 100 dollars.""}","{""sentence"": ""The bullet hit the book in his pocket."", ""variant_sentence"": ""As a part of his experimental art piece about the failures of the education system, the artist set up a firing range in a replica classroom, and for the finale, the bullet hit the book in his pocket.""}","{""sentence"": ""Do some animals really bury their head in the sand?"", ""variant_sentence"": ""Watching our friend ignore all the obvious red flags in his failing relationship was painful, and after he defended his partner's blatant lies once again, I began to wonder about the very nature of self-deception, eventually asking my wife, do some animals really bury their head in the sand?""}","{""sentence"": ""A rock has broken the ice covering a lake."", ""variant_sentence"": ""During their painfully awkward first date, neither of the painfully shy geologists knew what to say as they walked along the shore, and just when the silence became truly unbearable, a rock has broken the ice covering a lake.""}"
claude-sonnet-4-20250514,zero_shot,42,english,187,23,12.3,156,83.4,8,4.3,"{""sentence"": ""Ostriches bury their head in the sand."", ""variant_sentence"": ""The board ignored all warnings of imminent bankruptcy, preferring to discuss the new coffee machine; this response to crisis perfectly demonstrates the flawed survival instinct whereby ostriches bury their head in the sand.""}","{""sentence"": ""Do some animals really bury their head in the sand?"", ""variant_sentence"": ""Watching our friend ignore all the obvious red flags in his failing relationship was painful, and after he defended his partner's blatant lies once again, I began to wonder about the very nature of self-deception, eventually asking my wife, do some animals really bury their head in the sand?""}","{""sentence"": ""A rock has broken the ice covering a lake."", ""variant_sentence"": ""During their painfully awkward first date, neither of the painfully shy geologists knew what to say as they walked along the shore, and just when the silence became truly unbearable, a rock has broken the ice covering a lake.""}","{""sentence"": ""The police will turn a blind eye once."", ""variant_sentence"": ""The junior officer was nervous about handling the department's antique mannequin, which was used for historical displays and had a damaged glass eye, but the curator assured him that for the annual cleaning protocol, the police will turn a blind eye once.""}","{""sentence"": ""Come on, spill the beans now, I wanna know!"", ""variant_sentence"": ""The new intern was about to drop the entire bag of rare coffee beans she was carrying while also looking like she had some explosive industry gossip, so her manager urged her with a mix of panic and curiosity, come on, spill the beans now, I wanna know!""}","{""sentence"": ""After meeting him, she was walking on air."", ""variant_sentence"": ""At the new circus, she was practicing her routine on a transparent high wire suspended over the main floor, which created an incredible illusion for the audience below; after meeting him, she was walking on air.""}","{""sentence"": ""The bullet hit the book in his pocket."", ""variant_sentence"": ""As a part of his experimental art piece about the failures of the education system, the artist set up a firing range in a replica classroom, and for the finale, the bullet hit the book in his pocket.""}","{""sentence"": ""balloons are floating up in the air."", ""variant_sentence"": ""After the board meeting where the project's final budget and launch date were both left completely undecided, the manager stared at the decorations in the atrium and noted that the company's celebratory balloons are floating up in the air.""}","{""sentence"": ""Back muscles must be used to keep balance on the ball."", ""variant_sentence"": ""To succeed in this demanding new project, every team member must be incredibly quick-thinking and efficient, so remember that during these corporate wellness initiatives, back muscles must be used to keep balance on the ball.""}"
gemini-2.5-flash-lite,few_shot,42,english,187,20,10.7,147,78.6,20,10.7,"{""sentence"": ""Ostriches bury their head in the sand."", ""variant_sentence"": ""The board ignored all warnings of imminent bankruptcy, preferring to discuss the new coffee machine; this response to crisis perfectly demonstrates the flawed survival instinct whereby ostriches bury their head in the sand.""}","{""sentence"": ""Do some animals really bury their head in the sand?"", ""variant_sentence"": ""Watching our friend ignore all the obvious red flags in his failing relationship was painful, and after he defended his partner's blatant lies once again, I began to wonder about the very nature of self-deception, eventually asking my wife, do some animals really bury their head in the sand?""}","{""sentence"": ""The patient rang the bell 20 minutes ago."", ""variant_sentence"": ""During the cognitive therapy session, which used a quiz format where correct answers were signaled with a desk bell, the supervising doctor asked if there had been any breakthroughs, and the therapist confirmed the patient rang the bell 20 minutes ago.""}","{""sentence"": ""The police will turn a blind eye once."", ""variant_sentence"": ""The junior officer was nervous about handling the department's antique mannequin, which was used for historical displays and had a damaged glass eye, but the curator assured him that for the annual cleaning protocol, the police will turn a blind eye once.""}","{""sentence"": ""Come on, spill the beans now, I wanna know!"", ""variant_sentence"": ""The new intern was about to drop the entire bag of rare coffee beans she was carrying while also looking like she had some explosive industry gossip, so her manager urged her with a mix of panic and curiosity, come on, spill the beans now, I wanna know!""}","{""sentence"": ""After meeting him, she was walking on air."", ""variant_sentence"": ""At the new circus, she was practicing her routine on a transparent high wire suspended over the main floor, which created an incredible illusion for the audience below; after meeting him, she was walking on air.""}","{""sentence"": ""The bullet hit the book in his pocket."", ""variant_sentence"": ""As a part of his experimental art piece about the failures of the education system, the artist set up a firing range in a replica classroom, and for the finale, the bullet hit the book in his pocket.""}","{""sentence"": ""A rock has broken the ice covering a lake."", ""variant_sentence"": ""During their painfully awkward first date, neither of the painfully shy geologists knew what to say as they walked along the shore, and just when the silence became truly unbearable, a rock has broken the ice covering a lake.""}","{""sentence"": ""balloons are floating up in the air."", ""variant_sentence"": ""After the board meeting where the project's final budget and launch date were both left completely undecided, the manager stared at the decorations in the atrium and noted that the company's celebratory balloons are floating up in the air.""}"
gemini-2.5-flash-lite,few_shot,43,english,187,19,10.2,156,83.4,12,6.4,"{""sentence"": ""Ostriches bury their head in the sand."", ""variant_sentence"": ""The board ignored all warnings of imminent bankruptcy, preferring to discuss the new coffee machine; this response to crisis perfectly demonstrates the flawed survival instinct whereby ostriches bury their head in the sand.""}","{""sentence"": ""Do some animals really bury their head in the sand?"", ""variant_sentence"": ""Watching our friend ignore all the obvious red flags in his failing relationship was painful, and after he defended his partner's blatant lies once again, I began to wonder about the very nature of self-deception, eventually asking my wife, do some animals really bury their head in the sand?""}","{""sentence"": ""A rock has broken the ice covering a lake."", ""variant_sentence"": ""During their painfully awkward first date, neither of the painfully shy geologists knew what to say as they walked along the shore, and just when the silence became truly unbearable, a rock has broken the ice covering a lake.""}","{""sentence"": ""Bathing in hot water can be dangerous."", ""variant_sentence"": ""The corporate lawyer warned the executive, who was already facing a federal investigation for fraud, that during the upcoming wellness retreat, bathing in hot water can be dangerous.""}","{""sentence"": ""The police will turn a blind eye once."", ""variant_sentence"": ""The junior officer was nervous about handling the department's antique mannequin, which was used for historical displays and had a damaged glass eye, but the curator assured him that for the annual cleaning protocol, the police will turn a blind eye once.""}","{""sentence"": ""Come on, spill the beans now, I wanna know!"", ""variant_sentence"": ""The new intern was about to drop the entire bag of rare coffee beans she was carrying while also looking like she had some explosive industry gossip, so her manager urged her with a mix of panic and curiosity, come on, spill the beans now, I wanna know!""}","{""sentence"": ""The bullet hit the book in his pocket."", ""variant_sentence"": ""As a part of his experimental art piece about the failures of the education system, the artist set up a firing range in a replica classroom, and for the finale, the bullet hit the book in his pocket.""}","{""sentence"": ""balloons are floating up in the air."", ""variant_sentence"": ""After the board meeting where the project's final budget and launch date were both left completely undecided, the manager stared at the decorations in the atrium and noted that the company's celebratory balloons are floating up in the air.""}","{""sentence"": ""Back muscles must be used to keep balance on the ball."", ""variant_sentence"": ""To succeed in this demanding new project, every team member must be incredibly quick-thinking and efficient, so remember that during these corporate wellness initiatives, back muscles must be used to keep balance on the ball.""}"
gemini-2.5-flash-lite,few_shot,44,english,187,20,10.7,151,80.7,16,8.6,"{""sentence"": ""The bullet hit the book in his pocket."", ""variant_sentence"": ""As a part of his experimental art piece about the failures of the education system, the artist set up a firing range in a replica classroom, and for the finale, the bullet hit the book in his pocket.""}","{""sentence"": ""Ostriches bury their head in the sand."", ""variant_sentence"": ""The board ignored all warnings of imminent bankruptcy, preferring to discuss the new coffee machine; this response to crisis perfectly demonstrates the flawed survival instinct whereby ostriches bury their head in the sand.""}","{""sentence"": ""Do some animals really bury their head in the sand?"", ""variant_sentence"": ""Watching our friend ignore all the obvious red flags in his failing relationship was painful, and after he defended his partner's blatant lies once again, I began to wonder about the very nature of self-deception, eventually asking my wife, do some animals really bury their head in the sand?""}","{""sentence"": ""The police will turn a blind eye once."", ""variant_sentence"": ""The junior officer was nervous about handling the department's antique mannequin, which was used for historical displays and had a damaged glass eye, but the curator assured him that for the annual cleaning protocol, the police will turn a blind eye once.""}","{""sentence"": ""Come on, spill the beans now, I wanna know!"", ""variant_sentence"": ""The new intern was about to drop the entire bag of rare coffee beans she was carrying while also looking like she had some explosive industry gossip, so her manager urged her with a mix of panic and curiosity, come on, spill the beans now, I wanna know!""}","{""sentence"": ""After meeting him, she was walking on air."", ""variant_sentence"": ""At the new circus, she was practicing her routine on a transparent high wire suspended over the main floor, which created an incredible illusion for the audience below; after meeting him, she was walking on air.""}","{""sentence"": ""balloons are floating up in the air."", ""variant_sentence"": ""After the board meeting where the project's final budget and launch date were both left completely undecided, the manager stared at the decorations in the atrium and noted that the company's celebratory balloons are floating up in the air.""}","{""sentence"": ""Back muscles must be used to keep balance on the ball."", ""variant_sentence"": ""To succeed in this demanding new project, every team member must be incredibly quick-thinking and efficient, so remember that during these corporate wellness initiatives, back muscles must be used to keep balance on the ball.""}","{""sentence"": ""Bathing in hot water can be dangerous."", ""variant_sentence"": ""The corporate lawyer warned the executive, who was already facing a federal investigation for fraud, that during the upcoming wellness retreat, bathing in hot water can be dangerous.""}"
gemini-2.5-flash-lite,zero_shot,42,english,187,29,15.5,154,82.4,4,2.1,"{""sentence"": ""The bullet hit the book in his pocket."", ""variant_sentence"": ""As a part of his experimental art piece about the failures of the education system, the artist set up a firing range in a replica classroom, and for the finale, the bullet hit the book in his pocket.""}","{""sentence"": ""Ostriches bury their head in the sand."", ""variant_sentence"": ""The board ignored all warnings of imminent bankruptcy, preferring to discuss the new coffee machine; this response to crisis perfectly demonstrates the flawed survival instinct whereby ostriches bury their head in the sand.""}","{""sentence"": ""Do some animals really bury their head in the sand?"", ""variant_sentence"": ""Watching our friend ignore all the obvious red flags in his failing relationship was painful, and after he defended his partner's blatant lies once again, I began to wonder about the very nature of self-deception, eventually asking my wife, do some animals really bury their head in the sand?""}","{""sentence"": ""The police will turn a blind eye once."", ""variant_sentence"": ""The junior officer was nervous about handling the department's antique mannequin, which was used for historical displays and had a damaged glass eye, but the curator assured him that for the annual cleaning protocol, the police will turn a blind eye once.""}","{""sentence"": ""Come on, spill the beans now, I wanna know!"", ""variant_sentence"": ""The new intern was about to drop the entire bag of rare coffee beans she was carrying while also looking like she had some explosive industry gossip, so her manager urged her with a mix of panic and curiosity, come on, spill the beans now, I wanna know!""}","{""sentence"": ""After meeting him, she was walking on air."", ""variant_sentence"": ""At the new circus, she was practicing her routine on a transparent high wire suspended over the main floor, which created an incredible illusion for the audience below; after meeting him, she was walking on air.""}","{""sentence"": ""Is soaking in hot water good for us?"", ""variant_sentence"": ""At the corporate stress-management retreat held in a spa, where executives discussed the character-building aspects of facing professional crises, one manager turned to the facilitator and asked 'Is soaking in hot water good for us?'.""}","{""sentence"": ""Nature took its course, and Marie did give birth to a bundle of joy, but she soon discovered that motherhood was not all bliss."", ""variant_sentence"": ""After a long and anticipated wait, Nature took its course, and Marie did give birth to a bundle of joy, but she soon discovered that motherhood was not all bliss.""}","{""sentence"": ""We have known wives to forget that they had husbands…, especially when they supposed that a tax bill or a notification to do military duty might be in the offing!"", ""variant_sentence"": ""From their observation post overlooking the coastal shipping lanes, the two retired naval officers discussed the convenient forgetfulness of the locals, saying 'we have known wives to forget that they had husbands, especially when they supposed that a tax bill or a notification to do military duty might be in the offing'.""}"
gemini-2.5-flash-lite,zero_shot,43,english,187,27,14.4,154,82.4,6,3.2,"{""sentence"": ""The bullet hit the book in his pocket."", ""variant_sentence"": ""As a part of his experimental art piece about the failures of the education system, the artist set up a firing range in a replica classroom, and for the finale, the bullet hit the book in his pocket.""}","{""sentence"": ""Ostriches bury their head in the sand."", ""variant_sentence"": ""The board ignored all warnings of imminent bankruptcy, preferring to discuss the new coffee machine; this response to crisis perfectly demonstrates the flawed survival instinct whereby ostriches bury their head in the sand.""}","{""sentence"": ""Do some animals really bury their head in the sand?"", ""variant_sentence"": ""Watching our friend ignore all the obvious red flags in his failing relationship was painful, and after he defended his partner's blatant lies once again, I began to wonder about the very nature of self-deception, eventually asking my wife, do some animals really bury their head in the sand?""}","{""sentence"": ""The police will turn a blind eye once."", ""variant_sentence"": ""The junior officer was nervous about handling the department's antique mannequin, which was used for historical displays and had a damaged glass eye, but the curator assured him that for the annual cleaning protocol, the police will turn a blind eye once.""}","{""sentence"": ""Come on, spill the beans now, I wanna know!"", ""variant_sentence"": ""The new intern was about to drop the entire bag of rare coffee beans she was carrying while also looking like she had some explosive industry gossip, so her manager urged her with a mix of panic and curiosity, come on, spill the beans now, I wanna know!""}","{""sentence"": ""After meeting him, she was walking on air."", ""variant_sentence"": ""At the new circus, she was practicing her routine on a transparent high wire suspended over the main floor, which created an incredible illusion for the audience below; after meeting him, she was walking on air.""}","{""sentence"": ""Back muscles must be used to keep balance on the ball."", ""variant_sentence"": ""To succeed in this demanding new project, every team member must be incredibly quick-thinking and efficient, so remember that during these corporate wellness initiatives, back muscles must be used to keep balance on the ball.""}","{""sentence"": ""Is soaking in hot water good for us?"", ""variant_sentence"": ""At the corporate stress-management retreat held in a spa, where executives discussed the character-building aspects of facing professional crises, one manager turned to the facilitator and asked 'Is soaking in hot water good for us?'.""}","{""sentence"": ""The fairy tale tells about a caste in the sky where a king and a queen live."", ""variant_sentence"": ""While listening to an audio tour of a medieval fortress, the narrator described its influence on folklore, noting that in one story, the towering architecture symbolized social stratification, then stated that the fairy tale tells about a caste in the sky where a king and a queen live.""}"
gemini-2.5-flash-lite,zero_shot,44,english,187,27,14.4,155,82.9,5,2.7,"{""sentence"": ""The bullet hit the book in his pocket."", ""variant_sentence"": ""As a part of his experimental art piece about the failures of the education system, the artist set up a firing range in a replica classroom, and for the finale, the bullet hit the book in his pocket.""}","{""sentence"": ""Ostriches bury their head in the sand."", ""variant_sentence"": ""The board ignored all warnings of imminent bankruptcy, preferring to discuss the new coffee machine; this response to crisis perfectly demonstrates the flawed survival instinct whereby ostriches bury their head in the sand.""}","{""sentence"": ""Do some animals really bury their head in the sand?"", ""variant_sentence"": ""Watching our friend ignore all the obvious red flags in his failing relationship was painful, and after he defended his partner's blatant lies once again, I began to wonder about the very nature of self-deception, eventually asking my wife, do some animals really bury their head in the sand?""}","{""sentence"": ""The police will turn a blind eye once."", ""variant_sentence"": ""The junior officer was nervous about handling the department's antique mannequin, which was used for historical displays and had a damaged glass eye, but the curator assured him that for the annual cleaning protocol, the police will turn a blind eye once.""}","{""sentence"": ""Come on, spill the beans now, I wanna know!"", ""variant_sentence"": ""The new intern was about to drop the entire bag of rare coffee beans she was carrying while also looking like she had some explosive industry gossip, so her manager urged her with a mix of panic and curiosity, come on, spill the beans now, I wanna know!""}","{""sentence"": ""After meeting him, she was walking on air."", ""variant_sentence"": ""At the new circus, she was practicing her routine on a transparent high wire suspended over the main floor, which created an incredible illusion for the audience below; after meeting him, she was walking on air.""}","{""sentence"": ""Back muscles must be used to keep balance on the ball."", ""variant_sentence"": ""To succeed in this demanding new project, every team member must be incredibly quick-thinking and efficient, so remember that during these corporate wellness initiatives, back muscles must be used to keep balance on the ball.""}","{""sentence"": ""Is soaking in hot water good for us?"", ""variant_sentence"": ""At the corporate stress-management retreat held in a spa, where executives discussed the character-building aspects of facing professional crises, one manager turned to the facilitator and asked 'Is soaking in hot water good for us?'.""}","{""sentence"": ""The fairy tale tells about a caste in the sky where a king and a queen live."", ""variant_sentence"": ""While listening to an audio tour of a medieval fortress, the narrator described its influence on folklore, noting that in one story, the towering architecture symbolized social stratification, then stated that the fairy tale tells about a caste in the sky where a king and a queen live.""}"
gemini-2.5-pro,few_shot,42,english,187,10,5.3,144,77.0,33,17.6,"{""sentence"": ""Ostriches bury their head in the sand."", ""variant_sentence"": ""The board ignored all warnings of imminent bankruptcy, preferring to discuss the new coffee machine; this response to crisis perfectly demonstrates the flawed survival instinct whereby ostriches bury their head in the sand.""}","{""sentence"": ""I'd have a piece of cake."", ""variant_sentence"": ""My coach presented two final routines for the competition: a high-difficulty tumbling pass or a basic floor exercise, and when he asked which one I felt ready to commit to while we passed the team's snack table, I told him, I'd have a piece of cake.""}","{""sentence"": ""Bathing in hot water can be dangerous."", ""variant_sentence"": ""The corporate lawyer warned the executive, who was already facing a federal investigation for fraud, that during the upcoming wellness retreat, bathing in hot water can be dangerous.""}","{""sentence"": ""Her aunt is a great cook, do you want a piece of cake?"", ""variant_sentence"": ""After listening to him worry for twenty minutes about the final exam, she tried to reassure him about how prepared he was for what should be a simple test; her aunt is a great cook, do you want a piece of cake?""}","{""sentence"": ""I love bread and butter for breakfast."", ""variant_sentence"": ""As the owner of a small artisanal bakery whose livelihood depends entirely on our most basic and popular product, my professional and personal tastes have completely merged; I love bread and butter for breakfast.""}","{""sentence"": ""The police will turn a blind eye once."", ""variant_sentence"": ""The junior officer was nervous about handling the department's antique mannequin, which was used for historical displays and had a damaged glass eye, but the curator assured him that for the annual cleaning protocol, the police will turn a blind eye once.""}","{""sentence"": ""The bullet hit the book in his pocket."", ""variant_sentence"": ""As a part of his experimental art piece about the failures of the education system, the artist set up a firing range in a replica classroom, and for the finale, the bullet hit the book in his pocket.""}","{""sentence"": ""Do some animals really bury their head in the sand?"", ""variant_sentence"": ""Watching our friend ignore all the obvious red flags in his failing relationship was painful, and after he defended his partner's blatant lies once again, I began to wonder about the very nature of self-deception, eventually asking my wife, do some animals really bury their head in the sand?""}","{""sentence"": ""A rock has broken the ice covering a lake."", ""variant_sentence"": ""During their painfully awkward first date, neither of the painfully shy geologists knew what to say as they walked along the shore, and just when the silence became truly unbearable, a rock has broken the ice covering a lake.""}"
gemini-2.5-pro,zero_shot,42,english,187,8,4.3,151,80.7,28,15.0,"{""sentence"": ""I'd have a piece of cake."", ""variant_sentence"": ""My coach presented two final routines for the competition: a high-difficulty tumbling pass or a basic floor exercise, and when he asked which one I felt ready to commit to while we passed the team's snack table, I told him, I'd have a piece of cake.""}","{""sentence"": ""I must have switched cups, this is not my cup of tea."", ""variant_sentence"": ""As my friend launched into a detailed, hour-long monologue about the intricacies of tax law during our afternoon break, I took a tentative sip from the mug in front of me, I must have switched cups, this is not my cup of tea.""}","{""sentence"": ""I only bought a lemon and two oranges."", ""variant_sentence"": ""After spending all day at the auto salvage yard looking for parts for our classic car restoration projects, my partner asked if I had any luck finding the rare 'Citron' model and some 'Orange' brand carburetors, but I told him I only bought a lemon and two oranges.""}","{""sentence"": ""I think I can get over 100 dollars."", ""variant_sentence"": ""Selling my ex's old record collection is emotionally difficult since he always claimed it was worth exactly one hundred dollars, but after seeing the online auction bids, I think I can get over 100 dollars.""}","{""sentence"": ""Her aunt is a great cook, do you want a piece of cake?"", ""variant_sentence"": ""After listening to him worry for twenty minutes about the final exam, she tried to reassure him about how prepared he was for what should be a simple test; her aunt is a great cook, do you want a piece of cake?""}","{""sentence"": ""This is not my cup of tea, it's yours, in fact I hate black tea."", ""variant_sentence"": ""After an hour of listening to the incredibly niche lecture on soil composition, I saw your confused look when you handed me a drink and I immediately pushed it back, explaining my general disinterest; this is not my cup of tea, it's yours, in fact I hate black tea.""}","{""sentence"": ""The bullet hit the book in his pocket."", ""variant_sentence"": ""As a part of his experimental art piece about the failures of the education system, the artist set up a firing range in a replica classroom, and for the finale, the bullet hit the book in his pocket.""}","{""sentence"": ""Ostriches bury their head in the sand."", ""variant_sentence"": ""The board ignored all warnings of imminent bankruptcy, preferring to discuss the new coffee machine; this response to crisis perfectly demonstrates the flawed survival instinct whereby ostriches bury their head in the sand.""}","{""sentence"": ""Do some animals really bury their head in the sand?"", ""variant_sentence"": ""Watching our friend ignore all the obvious red flags in his failing relationship was painful, and after he defended his partner's blatant lies once again, I began to wonder about the very nature of self-deception, eventually asking my wife, do some animals really bury their head in the sand?""}"
gpt-4o,few_shot,42,english,187,13,7.0,155,82.9,19,10.2,"{""sentence"": ""Ostriches bury their head in the sand."", ""variant_sentence"": ""The board ignored all warnings of imminent bankruptcy, preferring to discuss the new coffee machine; this response to crisis perfectly demonstrates the flawed survival instinct whereby ostriches bury their head in the sand.""}","{""sentence"": ""Do some animals really bury their head in the sand?"", ""variant_sentence"": ""Watching our friend ignore all the obvious red flags in his failing relationship was painful, and after he defended his partner's blatant lies once again, I began to wonder about the very nature of self-deception, eventually asking my wife, do some animals really bury their head in the sand?""}","{""sentence"": ""balloons are floating up in the air."", ""variant_sentence"": ""After the board meeting where the project's final budget and launch date were both left completely undecided, the manager stared at the decorations in the atrium and noted that the company's celebratory balloons are floating up in the air.""}","{""sentence"": ""Would you please buy a lemon for my cake?"", ""variant_sentence"": ""After spending all day arguing with the used car dealership about my faulty vehicle, I'm completely exhausted and just realized I'm missing an ingredient for dessert, so would you please buy a lemon for my cake?""}","{""sentence"": ""The police will turn a blind eye once."", ""variant_sentence"": ""The junior officer was nervous about handling the department's antique mannequin, which was used for historical displays and had a damaged glass eye, but the curator assured him that for the annual cleaning protocol, the police will turn a blind eye once.""}","{""sentence"": ""Come on, spill the beans now, I wanna know!"", ""variant_sentence"": ""The new intern was about to drop the entire bag of rare coffee beans she was carrying while also looking like she had some explosive industry gossip, so her manager urged her with a mix of panic and curiosity, come on, spill the beans now, I wanna know!""}","{""sentence"": ""The bullet hit the book in his pocket."", ""variant_sentence"": ""As a part of his experimental art piece about the failures of the education system, the artist set up a firing range in a replica classroom, and for the finale, the bullet hit the book in his pocket.""}","{""sentence"": ""A rock has broken the ice covering a lake."", ""variant_sentence"": ""During their painfully awkward first date, neither of the painfully shy geologists knew what to say as they walked along the shore, and just when the silence became truly unbearable, a rock has broken the ice covering a lake.""}","{""sentence"": ""The patient rang the bell 20 minutes ago."", ""variant_sentence"": ""During the cognitive therapy session, which used a quiz format where correct answers were signaled with a desk bell, the supervising doctor asked if there had been any breakthroughs, and the therapist confirmed the patient rang the bell 20 minutes ago.""}"
gpt-4o,zero_shot,42,english,187,17,9.1,154,82.4,16,8.6,"{""sentence"": ""Ostriches bury their head in the sand."", ""variant_sentence"": ""The board ignored all warnings of imminent bankruptcy, preferring to discuss the new coffee machine; this response to crisis perfectly demonstrates the flawed survival instinct whereby ostriches bury their head in the sand.""}","{""sentence"": ""Do some animals really bury their head in the sand?"", ""variant_sentence"": ""Watching our friend ignore all the obvious red flags in his failing relationship was painful, and after he defended his partner's blatant lies once again, I began to wonder about the very nature of self-deception, eventually asking my wife, do some animals really bury their head in the sand?""}","{""sentence"": ""A rock has broken the ice covering a lake."", ""variant_sentence"": ""During their painfully awkward first date, neither of the painfully shy geologists knew what to say as they walked along the shore, and just when the silence became truly unbearable, a rock has broken the ice covering a lake.""}","{""sentence"": ""The bullet hit the book in his pocket."", ""variant_sentence"": ""As a part of his experimental art piece about the failures of the education system, the artist set up a firing range in a replica classroom, and for the finale, the bullet hit the book in his pocket.""}","{""sentence"": ""Back muscles must be used to keep balance on the ball."", ""variant_sentence"": ""To succeed in this demanding new project, every team member must be incredibly quick-thinking and efficient, so remember that during these corporate wellness initiatives, back muscles must be used to keep balance on the ball.""}","{""sentence"": ""Abdominals are used to keep balance on the ball and lift your arms."", ""variant_sentence"": ""During the corporate leadership seminar, the facilitator explained that managing multiple urgent tasks requires full engagement and focus, as abdominals are used to keep balance on the ball and lift your arms.""}","{""sentence"": ""The patient rang the bell 20 minutes ago."", ""variant_sentence"": ""During the cognitive therapy session, which used a quiz format where correct answers were signaled with a desk bell, the supervising doctor asked if there had been any breakthroughs, and the therapist confirmed the patient rang the bell 20 minutes ago.""}","{""sentence"": ""balloons are floating up in the air."", ""variant_sentence"": ""After the board meeting where the project's final budget and launch date were both left completely undecided, the manager stared at the decorations in the atrium and noted that the company's celebratory balloons are floating up in the air.""}","{""sentence"": ""I think I can get over 100 dollars."", ""variant_sentence"": ""Selling my ex's old record collection is emotionally difficult since he always claimed it was worth exactly one hundred dollars, but after seeing the online auction bids, I think I can get over 100 dollars.""}"
gpt-4o-mini,few_shot,42,english,187,13,7.0,155,82.9,19,10.2,"{""sentence"": ""Ostriches bury their head in the sand."", ""variant_sentence"": ""The board ignored all warnings of imminent bankruptcy, preferring to discuss the new coffee machine; this response to crisis perfectly demonstrates the flawed survival instinct whereby ostriches bury their head in the sand.""}","{""sentence"": ""Do some animals really bury their head in the sand?"", ""variant_sentence"": ""Watching our friend ignore all the obvious red flags in his failing relationship was painful, and after he defended his partner's blatant lies once again, I began to wonder about the very nature of self-deception, eventually asking my wife, do some animals really bury their head in the sand?""}","{""sentence"": ""I must have switched cups, this is not my cup of tea."", ""variant_sentence"": ""As my friend launched into a detailed, hour-long monologue about the intricacies of tax law during our afternoon break, I took a tentative sip from the mug in front of me, I must have switched cups, this is not my cup of tea.""}","{""sentence"": ""balloons are floating up in the air."", ""variant_sentence"": ""After the board meeting where the project's final budget and launch date were both left completely undecided, the manager stared at the decorations in the atrium and noted that the company's celebratory balloons are floating up in the air.""}","{""sentence"": ""Back muscles must be used to keep balance on the ball."", ""variant_sentence"": ""To succeed in this demanding new project, every team member must be incredibly quick-thinking and efficient, so remember that during these corporate wellness initiatives, back muscles must be used to keep balance on the ball.""}","{""sentence"": ""Her aunt is a great cook, do you want a piece of cake?"", ""variant_sentence"": ""After listening to him worry for twenty minutes about the final exam, she tried to reassure him about how prepared he was for what should be a simple test; her aunt is a great cook, do you want a piece of cake?""}","{""sentence"": ""The bullet hit the book in his pocket."", ""variant_sentence"": ""As a part of his experimental art piece about the failures of the education system, the artist set up a firing range in a replica classroom, and for the finale, the bullet hit the book in his pocket.""}","{""sentence"": ""A rock has broken the ice covering a lake."", ""variant_sentence"": ""During their painfully awkward first date, neither of the painfully shy geologists knew what to say as they walked along the shore, and just when the silence became truly unbearable, a rock has broken the ice covering a lake.""}","{""sentence"": ""The patient rang the bell 20 minutes ago."", ""variant_sentence"": ""During the cognitive therapy session, which used a quiz format where correct answers were signaled with a desk bell, the supervising doctor asked if there had been any breakthroughs, and the therapist confirmed the patient rang the bell 20 minutes ago.""}"
gpt-4o-mini,few_shot,43,english,187,13,7.0,153,81.8,21,11.2,"{""sentence"": ""Ostriches bury their head in the sand."", ""variant_sentence"": ""The board ignored all warnings of imminent bankruptcy, preferring to discuss the new coffee machine; this response to crisis perfectly demonstrates the flawed survival instinct whereby ostriches bury their head in the sand.""}","{""sentence"": ""Do some animals really bury their head in the sand?"", ""variant_sentence"": ""Watching our friend ignore all the obvious red flags in his failing relationship was painful, and after he defended his partner's blatant lies once again, I began to wonder about the very nature of self-deception, eventually asking my wife, do some animals really bury their head in the sand?""}","{""sentence"": ""I must have switched cups, this is not my cup of tea."", ""variant_sentence"": ""As my friend launched into a detailed, hour-long monologue about the intricacies of tax law during our afternoon break, I took a tentative sip from the mug in front of me, I must have switched cups, this is not my cup of tea.""}","{""sentence"": ""balloons are floating up in the air."", ""variant_sentence"": ""After the board meeting where the project's final budget and launch date were both left completely undecided, the manager stared at the decorations in the atrium and noted that the company's celebratory balloons are floating up in the air.""}","{""sentence"": ""Back muscles must be used to keep balance on the ball."", ""variant_sentence"": ""To succeed in this demanding new project, every team member must be incredibly quick-thinking and efficient, so remember that during these corporate wellness initiatives, back muscles must be used to keep balance on the ball.""}","{""sentence"": ""I think I can get over 100 dollars."", ""variant_sentence"": ""Selling my ex's old record collection is emotionally difficult since he always claimed it was worth exactly one hundred dollars, but after seeing the online auction bids, I think I can get over 100 dollars.""}","{""sentence"": ""The bullet hit the book in his pocket."", ""variant_sentence"": ""As a part of his experimental art piece about the failures of the education system, the artist set up a firing range in a replica classroom, and for the finale, the bullet hit the book in his pocket.""}","{""sentence"": ""A rock has broken the ice covering a lake."", ""variant_sentence"": ""During their painfully awkward first date, neither of the painfully shy geologists knew what to say as they walked along the shore, and just when the silence became truly unbearable, a rock has broken the ice covering a lake.""}","{""sentence"": ""The patient rang the bell 20 minutes ago."", ""variant_sentence"": ""During the cognitive therapy session, which used a quiz format where correct answers were signaled with a desk bell, the supervising doctor asked if there had been any breakthroughs, and the therapist confirmed the patient rang the bell 20 minutes ago.""}"
gpt-4o-mini,few_shot,44,english,187,16,8.6,151,80.7,20,10.7,"{""sentence"": ""Ostriches bury their head in the sand."", ""variant_sentence"": ""The board ignored all warnings of imminent bankruptcy, preferring to discuss the new coffee machine; this response to crisis perfectly demonstrates the flawed survival instinct whereby ostriches bury their head in the sand.""}","{""sentence"": ""Do some animals really bury their head in the sand?"", ""variant_sentence"": ""Watching our friend ignore all the obvious red flags in his failing relationship was painful, and after he defended his partner's blatant lies once again, I began to wonder about the very nature of self-deception, eventually asking my wife, do some animals really bury their head in the sand?""}","{""sentence"": ""I must have switched cups, this is not my cup of tea."", ""variant_sentence"": ""As my friend launched into a detailed, hour-long monologue about the intricacies of tax law during our afternoon break, I took a tentative sip from the mug in front of me, I must have switched cups, this is not my cup of tea.""}","{""sentence"": ""balloons are floating up in the air."", ""variant_sentence"": ""After the board meeting where the project's final budget and launch date were both left completely undecided, the manager stared at the decorations in the atrium and noted that the company's celebratory balloons are floating up in the air.""}","{""sentence"": ""Back muscles must be used to keep balance on the ball."", ""variant_sentence"": ""To succeed in this demanding new project, every team member must be incredibly quick-thinking and efficient, so remember that during these corporate wellness initiatives, back muscles must be used to keep balance on the ball.""}","{""sentence"": ""The police will turn a blind eye once."", ""variant_sentence"": ""The junior officer was nervous about handling the department's antique mannequin, which was used for historical displays and had a damaged glass eye, but the curator assured him that for the annual cleaning protocol, the police will turn a blind eye once.""}","{""sentence"": ""The bullet hit the book in his pocket."", ""variant_sentence"": ""As a part of his experimental art piece about the failures of the education system, the artist set up a firing range in a replica classroom, and for the finale, the bullet hit the book in his pocket.""}","{""sentence"": ""A rock has broken the ice covering a lake."", ""variant_sentence"": ""During their painfully awkward first date, neither of the painfully shy geologists knew what to say as they walked along the shore, and just when the silence became truly unbearable, a rock has broken the ice covering a lake.""}","{""sentence"": ""The patient rang the bell 20 minutes ago."", ""variant_sentence"": ""During the cognitive therapy session, which used a quiz format where correct answers were signaled with a desk bell, the supervising doctor asked if there had been any breakthroughs, and the therapist confirmed the patient rang the bell 20 minutes ago.""}"
gpt-4o-mini,zero_shot,42,english,187,16,8.6,156,83.4,15,8.0,"{""sentence"": ""Ostriches bury their head in the sand."", ""variant_sentence"": ""The board ignored all warnings of imminent bankruptcy, preferring to discuss the new coffee machine; this response to crisis perfectly demonstrates the flawed survival instinct whereby ostriches bury their head in the sand.""}","{""sentence"": ""Do some animals really bury their head in the sand?"", ""variant_sentence"": ""Watching our friend ignore all the obvious red flags in his failing relationship was painful, and after he defended his partner's blatant lies once again, I began to wonder about the very nature of self-deception, eventually asking my wife, do some animals really bury their head in the sand?""}","{""sentence"": ""I must have switched cups, this is not my cup of tea."", ""variant_sentence"": ""As my friend launched into a detailed, hour-long monologue about the intricacies of tax law during our afternoon break, I took a tentative sip from the mug in front of me, I must have switched cups, this is not my cup of tea.""}","{""sentence"": ""balloons are floating up in the air."", ""variant_sentence"": ""After the board meeting where the project's final budget and launch date were both left completely undecided, the manager stared at the decorations in the atrium and noted that the company's celebratory balloons are floating up in the air.""}","{""sentence"": ""Back muscles must be used to keep balance on the ball."", ""variant_sentence"": ""To succeed in this demanding new project, every team member must be incredibly quick-thinking and efficient, so remember that during these corporate wellness initiatives, back muscles must be used to keep balance on the ball.""}","{""sentence"": ""Abdominals are used to keep balance on the ball and lift your arms."", ""variant_sentence"": ""During the corporate leadership seminar, the facilitator explained that managing multiple urgent tasks requires full engagement and focus, as abdominals are used to keep balance on the ball and lift your arms.""}","{""sentence"": ""The bullet hit the book in his pocket."", ""variant_sentence"": ""As a part of his experimental art piece about the failures of the education system, the artist set up a firing range in a replica classroom, and for the finale, the bullet hit the book in his pocket.""}","{""sentence"": ""A rock has broken the ice covering a lake."", ""variant_sentence"": ""During their painfully awkward first date, neither of the painfully shy geologists knew what to say as they walked along the shore, and just when the silence became truly unbearable, a rock has broken the ice covering a lake.""}","{""sentence"": ""The patient rang the bell 20 minutes ago."", ""variant_sentence"": ""During the cognitive therapy session, which used a quiz format where correct answers were signaled with a desk bell, the supervising doctor asked if there had been any breakthroughs, and the therapist confirmed the patient rang the bell 20 minutes ago.""}"
gpt-4o-mini,zero_shot,43,english,187,16,8.6,156,83.4,15,8.0,"{""sentence"": ""Ostriches bury their head in the sand."", ""variant_sentence"": ""The board ignored all warnings of imminent bankruptcy, preferring to discuss the new coffee machine; this response to crisis perfectly demonstrates the flawed survival instinct whereby ostriches bury their head in the sand.""}","{""sentence"": ""Do some animals really bury their head in the sand?"", ""variant_sentence"": ""Watching our friend ignore all the obvious red flags in his failing relationship was painful, and after he defended his partner's blatant lies once again, I began to wonder about the very nature of self-deception, eventually asking my wife, do some animals really bury their head in the sand?""}","{""sentence"": ""I must have switched cups, this is not my cup of tea."", ""variant_sentence"": ""As my friend launched into a detailed, hour-long monologue about the intricacies of tax law during our afternoon break, I took a tentative sip from the mug in front of me, I must have switched cups, this is not my cup of tea.""}","{""sentence"": ""balloons are floating up in the air."", ""variant_sentence"": ""After the board meeting where the project's final budget and launch date were both left completely undecided, the manager stared at the decorations in the atrium and noted that the company's celebratory balloons are floating up in the air.""}","{""sentence"": ""Back muscles must be used to keep balance on the ball."", ""variant_sentence"": ""To succeed in this demanding new project, every team member must be incredibly quick-thinking and efficient, so remember that during these corporate wellness initiatives, back muscles must be used to keep balance on the ball.""}","{""sentence"": ""Abdominals are used to keep balance on the ball and lift your arms."", ""variant_sentence"": ""During the corporate leadership seminar, the facilitator explained that managing multiple urgent tasks requires full engagement and focus, as abdominals are used to keep balance on the ball and lift your arms.""}","{""sentence"": ""The bullet hit the book in his pocket."", ""variant_sentence"": ""As a part of his experimental art piece about the failures of the education system, the artist set up a firing range in a replica classroom, and for the finale, the bullet hit the book in his pocket.""}","{""sentence"": ""A rock has broken the ice covering a lake."", ""variant_sentence"": ""During their painfully awkward first date, neither of the painfully shy geologists knew what to say as they walked along the shore, and just when the silence became truly unbearable, a rock has broken the ice covering a lake.""}","{""sentence"": ""The patient rang the bell 20 minutes ago."", ""variant_sentence"": ""During the cognitive therapy session, which used a quiz format where correct answers were signaled with a desk bell, the supervising doctor asked if there had been any breakthroughs, and the therapist confirmed the patient rang the bell 20 minutes ago.""}"
gpt-4o-mini,zero_shot,44,english,187,16,8.6,156,83.4,15,8.0,"{""sentence"": ""Ostriches bury their head in the sand."", ""variant_sentence"": ""The board ignored all warnings of imminent bankruptcy, preferring to discuss the new coffee machine; this response to crisis perfectly demonstrates the flawed survival instinct whereby ostriches bury their head in the sand.""}","{""sentence"": ""Do some animals really bury their head in the sand?"", ""variant_sentence"": ""Watching our friend ignore all the obvious red flags in his failing relationship was painful, and after he defended his partner's blatant lies once again, I began to wonder about the very nature of self-deception, eventually asking my wife, do some animals really bury their head in the sand?""}","{""sentence"": ""I must have switched cups, this is not my cup of tea."", ""variant_sentence"": ""As my friend launched into a detailed, hour-long monologue about the intricacies of tax law during our afternoon break, I took a tentative sip from the mug in front of me, I must have switched cups, this is not my cup of tea.""}","{""sentence"": ""balloons are floating up in the air."", ""variant_sentence"": ""After the board meeting where the project's final budget and launch date were both left completely undecided, the manager stared at the decorations in the atrium and noted that the company's celebratory balloons are floating up in the air.""}","{""sentence"": ""Back muscles must be used to keep balance on the ball."", ""variant_sentence"": ""To succeed in this demanding new project, every team member must be incredibly quick-thinking and efficient, so remember that during these corporate wellness initiatives, back muscles must be used to keep balance on the ball.""}","{""sentence"": ""Abdominals are used to keep balance on the ball and lift your arms."", ""variant_sentence"": ""During the corporate leadership seminar, the facilitator explained that managing multiple urgent tasks requires full engagement and focus, as abdominals are used to keep balance on the ball and lift your arms.""}","{""sentence"": ""The bullet hit the book in his pocket."", ""variant_sentence"": ""As a part of his experimental art piece about the failures of the education system, the artist set up a firing range in a replica classroom, and for the finale, the bullet hit the book in his pocket.""}","{""sentence"": ""A rock has broken the ice covering a lake."", ""variant_sentence"": ""During their painfully awkward first date, neither of the painfully shy geologists knew what to say as they walked along the shore, and just when the silence became truly unbearable, a rock has broken the ice covering a lake.""}","{""sentence"": ""The patient rang the bell 20 minutes ago."", ""variant_sentence"": ""During the cognitive therapy session, which used a quiz format where correct answers were signaled with a desk bell, the supervising doctor asked if there had been any breakthroughs, and the therapist confirmed the patient rang the bell 20 minutes ago.""}"
llama-4-scout,few_shot,42,english,187,13,7.0,165,88.2,9,4.8,"{""sentence"": ""This is not my cup of tea, it's yours, in fact I hate black tea."", ""variant_sentence"": ""After an hour of listening to the incredibly niche lecture on soil composition, I saw your confused look when you handed me a drink and I immediately pushed it back, explaining my general disinterest; this is not my cup of tea, it's yours, in fact I hate black tea.""}","{""sentence"": ""I'd need you to buy a lemon and some sugar for tonight."", ""variant_sentence"": ""My brother just got swindled at that shady used car dealership, and now we're all trying to cheer him up with a small get-together, so on your way over, I'd need you to buy a lemon and some sugar for tonight.""}","{""sentence"": ""The police will turn a blind eye once."", ""variant_sentence"": ""The junior officer was nervous about handling the department's antique mannequin, which was used for historical displays and had a damaged glass eye, but the curator assured him that for the annual cleaning protocol, the police will turn a blind eye once.""}","{""sentence"": ""The bullet hit the book in his pocket."", ""variant_sentence"": ""As a part of his experimental art piece about the failures of the education system, the artist set up a firing range in a replica classroom, and for the finale, the bullet hit the book in his pocket.""}","{""sentence"": ""Ostriches bury their head in the sand."", ""variant_sentence"": ""The board ignored all warnings of imminent bankruptcy, preferring to discuss the new coffee machine; this response to crisis perfectly demonstrates the flawed survival instinct whereby ostriches bury their head in the sand.""}","{""sentence"": ""Do some animals really bury their head in the sand?"", ""variant_sentence"": ""Watching our friend ignore all the obvious red flags in his failing relationship was painful, and after he defended his partner's blatant lies once again, I began to wonder about the very nature of self-deception, eventually asking my wife, do some animals really bury their head in the sand?""}","{""sentence"": ""I must have switched cups, this is not my cup of tea."", ""variant_sentence"": ""As my friend launched into a detailed, hour-long monologue about the intricacies of tax law during our afternoon break, I took a tentative sip from the mug in front of me, I must have switched cups, this is not my cup of tea.""}","{""sentence"": ""Come on, spill the beans now, I wanna know!"", ""variant_sentence"": ""The new intern was about to drop the entire bag of rare coffee beans she was carrying while also looking like she had some explosive industry gossip, so her manager urged her with a mix of panic and curiosity, come on, spill the beans now, I wanna know!""}","{""sentence"": ""The ship broke the ice all the way."", ""variant_sentence"": ""During the tense diplomatic summit held aboard the arctic research vessel, the lead negotiator's unexpected joke finally got everyone to relax, and as the vessel resumed its journey, the ship broke the ice all the way.""}"
llama-4-scout,few_shot,43,english,187,8,4.3,158,84.5,21,11.2,"{""sentence"": ""The police will turn a blind eye once."", ""variant_sentence"": ""The junior officer was nervous about handling the department's antique mannequin, which was used for historical displays and had a damaged glass eye, but the curator assured him that for the annual cleaning protocol, the police will turn a blind eye once.""}","{""sentence"": ""Come on, spill the beans now, I wanna know!"", ""variant_sentence"": ""The new intern was about to drop the entire bag of rare coffee beans she was carrying while also looking like she had some explosive industry gossip, so her manager urged her with a mix of panic and curiosity, come on, spill the beans now, I wanna know!""}","{""sentence"": ""The submarine is getting into deep water."", ""variant_sentence"": ""As the sonar confirmed they had crossed the contested maritime boundary and foreign patrol boats began active pursuit, the captain knew the submarine is getting into deep water.""}","{""sentence"": ""The bullet hit the book in his pocket."", ""variant_sentence"": ""As a part of his experimental art piece about the failures of the education system, the artist set up a firing range in a replica classroom, and for the finale, the bullet hit the book in his pocket.""}","{""sentence"": ""Ostriches bury their head in the sand."", ""variant_sentence"": ""The board ignored all warnings of imminent bankruptcy, preferring to discuss the new coffee machine; this response to crisis perfectly demonstrates the flawed survival instinct whereby ostriches bury their head in the sand.""}","{""sentence"": ""Do some animals really bury their head in the sand?"", ""variant_sentence"": ""Watching our friend ignore all the obvious red flags in his failing relationship was painful, and after he defended his partner's blatant lies once again, I began to wonder about the very nature of self-deception, eventually asking my wife, do some animals really bury their head in the sand?""}","{""sentence"": ""Back muscles must be used to keep balance on the ball."", ""variant_sentence"": ""To succeed in this demanding new project, every team member must be incredibly quick-thinking and efficient, so remember that during these corporate wellness initiatives, back muscles must be used to keep balance on the ball.""}","{""sentence"": ""I think I can get over 100 dollars."", ""variant_sentence"": ""Selling my ex's old record collection is emotionally difficult since he always claimed it was worth exactly one hundred dollars, but after seeing the online auction bids, I think I can get over 100 dollars.""}","{""sentence"": ""I'd have a piece of cake."", ""variant_sentence"": ""My coach presented two final routines for the competition: a high-difficulty tumbling pass or a basic floor exercise, and when he asked which one I felt ready to commit to while we passed the team's snack table, I told him, I'd have a piece of cake.""}"
llama-4-scout,few_shot,44,english,187,12,6.4,157,84.0,18,9.6,"{""sentence"": ""The police will turn a blind eye once."", ""variant_sentence"": ""The junior officer was nervous about handling the department's antique mannequin, which was used for historical displays and had a damaged glass eye, but the curator assured him that for the annual cleaning protocol, the police will turn a blind eye once.""}","{""sentence"": ""After meeting him, she was walking on air."", ""variant_sentence"": ""At the new circus, she was practicing her routine on a transparent high wire suspended over the main floor, which created an incredible illusion for the audience below; after meeting him, she was walking on air.""}","{""sentence"": ""I really got a kick out of that clown's juggling act."", ""variant_sentence"": ""After my friend, the semi-professional soccer player who moonlights as a circus performer, showed me his new routine launching balls with his feet, I really got a kick out of that clown's juggling act.""}","{""sentence"": ""Ostriches bury their head in the sand."", ""variant_sentence"": ""The board ignored all warnings of imminent bankruptcy, preferring to discuss the new coffee machine; this response to crisis perfectly demonstrates the flawed survival instinct whereby ostriches bury their head in the sand.""}","{""sentence"": ""Do some animals really bury their head in the sand?"", ""variant_sentence"": ""Watching our friend ignore all the obvious red flags in his failing relationship was painful, and after he defended his partner's blatant lies once again, I began to wonder about the very nature of self-deception, eventually asking my wife, do some animals really bury their head in the sand?""}","{""sentence"": ""A rock has broken the ice covering a lake."", ""variant_sentence"": ""During their painfully awkward first date, neither of the painfully shy geologists knew what to say as they walked along the shore, and just when the silence became truly unbearable, a rock has broken the ice covering a lake.""}","{""sentence"": ""The bullet hit the book in his pocket."", ""variant_sentence"": ""As a part of his experimental art piece about the failures of the education system, the artist set up a firing range in a replica classroom, and for the finale, the bullet hit the book in his pocket.""}","{""sentence"": ""The patient rang the bell 20 minutes ago."", ""variant_sentence"": ""During the cognitive therapy session, which used a quiz format where correct answers were signaled with a desk bell, the supervising doctor asked if there had been any breakthroughs, and the therapist confirmed the patient rang the bell 20 minutes ago.""}","{""sentence"": ""Back muscles must be used to keep balance on the ball."", ""variant_sentence"": ""To succeed in this demanding new project, every team member must be incredibly quick-thinking and efficient, so remember that during these corporate wellness initiatives, back muscles must be used to keep balance on the ball.""}"
llama-4-scout,zero_shot,42,english,187,9,4.8,155,82.9,23,12.3,"{""sentence"": ""The police will turn a blind eye once."", ""variant_sentence"": ""The junior officer was nervous about handling the department's antique mannequin, which was used for historical displays and had a damaged glass eye, but the curator assured him that for the annual cleaning protocol, the police will turn a blind eye once.""}","{""sentence"": ""I really got a kick out of that clown's juggling act."", ""variant_sentence"": ""After my friend, the semi-professional soccer player who moonlights as a circus performer, showed me his new routine launching balls with his feet, I really got a kick out of that clown's juggling act.""}","{""sentence"": ""I thought you rang the bell."", ""variant_sentence"": ""As we sorted through the old case files trying to remember the witness's name, a chime from the front door echoed through the office, and I looked at my partner and said \""I thought you rang the bell\"".""}","{""sentence"": ""The bullet hit the book in his pocket."", ""variant_sentence"": ""As a part of his experimental art piece about the failures of the education system, the artist set up a firing range in a replica classroom, and for the finale, the bullet hit the book in his pocket.""}","{""sentence"": ""Ostriches bury their head in the sand."", ""variant_sentence"": ""The board ignored all warnings of imminent bankruptcy, preferring to discuss the new coffee machine; this response to crisis perfectly demonstrates the flawed survival instinct whereby ostriches bury their head in the sand.""}","{""sentence"": ""Do some animals really bury their head in the sand?"", ""variant_sentence"": ""Watching our friend ignore all the obvious red flags in his failing relationship was painful, and after he defended his partner's blatant lies once again, I began to wonder about the very nature of self-deception, eventually asking my wife, do some animals really bury their head in the sand?""}","{""sentence"": ""The patient rang the bell 20 minutes ago."", ""variant_sentence"": ""During the cognitive therapy session, which used a quiz format where correct answers were signaled with a desk bell, the supervising doctor asked if there had been any breakthroughs, and the therapist confirmed the patient rang the bell 20 minutes ago.""}","{""sentence"": ""Back muscles must be used to keep balance on the ball."", ""variant_sentence"": ""To succeed in this demanding new project, every team member must be incredibly quick-thinking and efficient, so remember that during these corporate wellness initiatives, back muscles must be used to keep balance on the ball.""}","{""sentence"": ""I think I can get over 100 dollars."", ""variant_sentence"": ""Selling my ex's old record collection is emotionally difficult since he always claimed it was worth exactly one hundred dollars, but after seeing the online auction bids, I think I can get over 100 dollars.""}"
llama-4-scout,zero_shot,43,english,187,8,4.3,150,80.2,29,15.5,"{""sentence"": ""I really got a kick out of that clown's juggling act."", ""variant_sentence"": ""After my friend, the semi-professional soccer player who moonlights as a circus performer, showed me his new routine launching balls with his feet, I really got a kick out of that clown's juggling act.""}","{""sentence"": ""Would you like a piece of cake."", ""variant_sentence"": ""\nAfter explaining the incredibly complex quantum physics problem to the advanced students, the professor turned to the new recruit who looked overwhelmed and asked 'Would you like a piece of cake'.""}","{""sentence"": ""The submarine is getting into deep water."", ""variant_sentence"": ""As the sonar confirmed they had crossed the contested maritime boundary and foreign patrol boats began active pursuit, the captain knew the submarine is getting into deep water.""}","{""sentence"": ""Do some animals really bury their head in the sand?"", ""variant_sentence"": ""Watching our friend ignore all the obvious red flags in his failing relationship was painful, and after he defended his partner's blatant lies once again, I began to wonder about the very nature of self-deception, eventually asking my wife, do some animals really bury their head in the sand?""}","{""sentence"": ""Back muscles must be used to keep balance on the ball."", ""variant_sentence"": ""To succeed in this demanding new project, every team member must be incredibly quick-thinking and efficient, so remember that during these corporate wellness initiatives, back muscles must be used to keep balance on the ball.""}","{""sentence"": ""I'd have a piece of cake."", ""variant_sentence"": ""My coach presented two final routines for the competition: a high-difficulty tumbling pass or a basic floor exercise, and when he asked which one I felt ready to commit to while we passed the team's snack table, I told him, I'd have a piece of cake.""}","{""sentence"": ""The bullet hit the book in his pocket."", ""variant_sentence"": ""As a part of his experimental art piece about the failures of the education system, the artist set up a firing range in a replica classroom, and for the finale, the bullet hit the book in his pocket.""}","{""sentence"": ""Ostriches bury their head in the sand."", ""variant_sentence"": ""The board ignored all warnings of imminent bankruptcy, preferring to discuss the new coffee machine; this response to crisis perfectly demonstrates the flawed survival instinct whereby ostriches bury their head in the sand.""}","{""sentence"": ""A rock has broken the ice covering a lake."", ""variant_sentence"": ""During their painfully awkward first date, neither of the painfully shy geologists knew what to say as they walked along the shore, and just when the silence became truly unbearable, a rock has broken the ice covering a lake.""}"
llama-4-scout,zero_shot,44,english,187,7,3.7,153,81.8,27,14.4,"{""sentence"": ""After meeting him, she was walking on air."", ""variant_sentence"": ""At the new circus, she was practicing her routine on a transparent high wire suspended over the main floor, which created an incredible illusion for the audience below; after meeting him, she was walking on air.""}","{""sentence"": ""I really got a kick out of that clown's juggling act."", ""variant_sentence"": ""After my friend, the semi-professional soccer player who moonlights as a circus performer, showed me his new routine launching balls with his feet, I really got a kick out of that clown's juggling act.""}","{""sentence"": ""Would you like a piece of cake."", ""variant_sentence"": ""\nAfter explaining the incredibly complex quantum physics problem to the advanced students, the professor turned to the new recruit who looked overwhelmed and asked 'Would you like a piece of cake'.""}","{""sentence"": ""Ostriches bury their head in the sand."", ""variant_sentence"": ""The board ignored all warnings of imminent bankruptcy, preferring to discuss the new coffee machine; this response to crisis perfectly demonstrates the flawed survival instinct whereby ostriches bury their head in the sand.""}","{""sentence"": ""Do some animals really bury their head in the sand?"", ""variant_sentence"": ""Watching our friend ignore all the obvious red flags in his failing relationship was painful, and after he defended his partner's blatant lies once again, I began to wonder about the very nature of self-deception, eventually asking my wife, do some animals really bury their head in the sand?""}","{""sentence"": ""A rock has broken the ice covering a lake."", ""variant_sentence"": ""During their painfully awkward first date, neither of the painfully shy geologists knew what to say as they walked along the shore, and just when the silence became truly unbearable, a rock has broken the ice covering a lake.""}","{""sentence"": ""The bullet hit the book in his pocket."", ""variant_sentence"": ""As a part of his experimental art piece about the failures of the education system, the artist set up a firing range in a replica classroom, and for the finale, the bullet hit the book in his pocket.""}","{""sentence"": ""balloons are floating up in the air."", ""variant_sentence"": ""After the board meeting where the project's final budget and launch date were both left completely undecided, the manager stared at the decorations in the atrium and noted that the company's celebratory balloons are floating up in the air.""}","{""sentence"": ""Abdominals are used to keep balance on the ball and lift your arms."", ""variant_sentence"": ""During the corporate leadership seminar, the facilitator explained that managing multiple urgent tasks requires full engagement and focus, as abdominals are used to keep balance on the ball and lift your arms.""}"
o3-mini,zero_shot,42,english,187,13,7.0,156,83.4,18,9.6,"{""sentence"": ""Ostriches bury their head in the sand."", ""variant_sentence"": ""The board ignored all warnings of imminent bankruptcy, preferring to discuss the new coffee machine; this response to crisis perfectly demonstrates the flawed survival instinct whereby ostriches bury their head in the sand.""}","{""sentence"": ""A rock has broken the ice covering a lake."", ""variant_sentence"": ""During their painfully awkward first date, neither of the painfully shy geologists knew what to say as they walked along the shore, and just when the silence became truly unbearable, a rock has broken the ice covering a lake.""}","{""sentence"": ""I must have switched cups, this is not my cup of tea."", ""variant_sentence"": ""As my friend launched into a detailed, hour-long monologue about the intricacies of tax law during our afternoon break, I took a tentative sip from the mug in front of me, I must have switched cups, this is not my cup of tea.""}","{""sentence"": ""Back muscles must be used to keep balance on the ball."", ""variant_sentence"": ""To succeed in this demanding new project, every team member must be incredibly quick-thinking and efficient, so remember that during these corporate wellness initiatives, back muscles must be used to keep balance on the ball.""}","{""sentence"": ""I think I can get over 100 dollars."", ""variant_sentence"": ""Selling my ex's old record collection is emotionally difficult since he always claimed it was worth exactly one hundred dollars, but after seeing the online auction bids, I think I can get over 100 dollars.""}","{""sentence"": ""Her aunt is a great cook, do you want a piece of cake?"", ""variant_sentence"": ""After listening to him worry for twenty minutes about the final exam, she tried to reassure him about how prepared he was for what should be a simple test; her aunt is a great cook, do you want a piece of cake?""}","{""sentence"": ""The bullet hit the book in his pocket."", ""variant_sentence"": ""As a part of his experimental art piece about the failures of the education system, the artist set up a firing range in a replica classroom, and for the finale, the bullet hit the book in his pocket.""}","{""sentence"": ""Do some animals really bury their head in the sand?"", ""variant_sentence"": ""Watching our friend ignore all the obvious red flags in his failing relationship was painful, and after he defended his partner's blatant lies once again, I began to wonder about the very nature of self-deception, eventually asking my wife, do some animals really bury their head in the sand?""}","{""sentence"": ""The patient rang the bell 20 minutes ago."", ""variant_sentence"": ""During the cognitive therapy session, which used a quiz format where correct answers were signaled with a desk bell, the supervising doctor asked if there had been any breakthroughs, and the therapist confirmed the patient rang the bell 20 minutes ago.""}"
qwen-2.5-72b-instruct,few_shot,42,english,187,15,8.0,155,82.9,17,9.1,"{""sentence"": ""Ostriches bury their head in the sand."", ""variant_sentence"": ""The board ignored all warnings of imminent bankruptcy, preferring to discuss the new coffee machine; this response to crisis perfectly demonstrates the flawed survival instinct whereby ostriches bury their head in the sand.""}","{""sentence"": ""Do some animals really bury their head in the sand?"", ""variant_sentence"": ""Watching our friend ignore all the obvious red flags in his failing relationship was painful, and after he defended his partner's blatant lies once again, I began to wonder about the very nature of self-deception, eventually asking my wife, do some animals really bury their head in the sand?""}","{""sentence"": ""A rock has broken the ice covering a lake."", ""variant_sentence"": ""During their painfully awkward first date, neither of the painfully shy geologists knew what to say as they walked along the shore, and just when the silence became truly unbearable, a rock has broken the ice covering a lake.""}","{""sentence"": ""Back muscles must be used to keep balance on the ball."", ""variant_sentence"": ""To succeed in this demanding new project, every team member must be incredibly quick-thinking and efficient, so remember that during these corporate wellness initiatives, back muscles must be used to keep balance on the ball.""}","{""sentence"": ""I think I can get over 100 dollars."", ""variant_sentence"": ""Selling my ex's old record collection is emotionally difficult since he always claimed it was worth exactly one hundred dollars, but after seeing the online auction bids, I think I can get over 100 dollars.""}","{""sentence"": ""Here are your sardines with bread and butter."", ""variant_sentence"": ""At the tense business lunch, the CEO explained to the new executive which two product lines were absolutely foundational to their seafood company's survival, and as the waiter set down the appetizer, he gestured to the plate and said, here are your sardines with bread and butter.""}","{""sentence"": ""The bullet hit the book in his pocket."", ""variant_sentence"": ""As a part of his experimental art piece about the failures of the education system, the artist set up a firing range in a replica classroom, and for the finale, the bullet hit the book in his pocket.""}","{""sentence"": ""The patient rang the bell 20 minutes ago."", ""variant_sentence"": ""During the cognitive therapy session, which used a quiz format where correct answers were signaled with a desk bell, the supervising doctor asked if there had been any breakthroughs, and the therapist confirmed the patient rang the bell 20 minutes ago.""}","{""sentence"": ""balloons are floating up in the air."", ""variant_sentence"": ""After the board meeting where the project's final budget and launch date were both left completely undecided, the manager stared at the decorations in the atrium and noted that the company's celebratory balloons are floating up in the air.""}"
qwen-2.5-72b-instruct,few_shot,43,english,187,10,5.3,162,86.6,15,8.0,"{""sentence"": ""Ostriches bury their head in the sand."", ""variant_sentence"": ""The board ignored all warnings of imminent bankruptcy, preferring to discuss the new coffee machine; this response to crisis perfectly demonstrates the flawed survival instinct whereby ostriches bury their head in the sand.""}","{""sentence"": ""I must have switched cups, this is not my cup of tea."", ""variant_sentence"": ""As my friend launched into a detailed, hour-long monologue about the intricacies of tax law during our afternoon break, I took a tentative sip from the mug in front of me, I must have switched cups, this is not my cup of tea.""}","{""sentence"": ""This is not my cup of tea, it's yours, in fact I hate black tea."", ""variant_sentence"": ""After an hour of listening to the incredibly niche lecture on soil composition, I saw your confused look when you handed me a drink and I immediately pushed it back, explaining my general disinterest; this is not my cup of tea, it's yours, in fact I hate black tea.""}","{""sentence"": ""The patient rang the bell 20 minutes ago."", ""variant_sentence"": ""During the cognitive therapy session, which used a quiz format where correct answers were signaled with a desk bell, the supervising doctor asked if there had been any breakthroughs, and the therapist confirmed the patient rang the bell 20 minutes ago.""}","{""sentence"": ""Back muscles must be used to keep balance on the ball."", ""variant_sentence"": ""To succeed in this demanding new project, every team member must be incredibly quick-thinking and efficient, so remember that during these corporate wellness initiatives, back muscles must be used to keep balance on the ball.""}","{""sentence"": ""Abdominals are used to keep balance on the ball and lift your arms."", ""variant_sentence"": ""During the corporate leadership seminar, the facilitator explained that managing multiple urgent tasks requires full engagement and focus, as abdominals are used to keep balance on the ball and lift your arms.""}","{""sentence"": ""The bullet hit the book in his pocket."", ""variant_sentence"": ""As a part of his experimental art piece about the failures of the education system, the artist set up a firing range in a replica classroom, and for the finale, the bullet hit the book in his pocket.""}","{""sentence"": ""Do some animals really bury their head in the sand?"", ""variant_sentence"": ""Watching our friend ignore all the obvious red flags in his failing relationship was painful, and after he defended his partner's blatant lies once again, I began to wonder about the very nature of self-deception, eventually asking my wife, do some animals really bury their head in the sand?""}","{""sentence"": ""A rock has broken the ice covering a lake."", ""variant_sentence"": ""During their painfully awkward first date, neither of the painfully shy geologists knew what to say as they walked along the shore, and just when the silence became truly unbearable, a rock has broken the ice covering a lake.""}"
qwen-2.5-72b-instruct,few_shot,44,english,187,11,5.9,156,83.4,20,10.7,"{""sentence"": ""Ostriches bury their head in the sand."", ""variant_sentence"": ""The board ignored all warnings of imminent bankruptcy, preferring to discuss the new coffee machine; this response to crisis perfectly demonstrates the flawed survival instinct whereby ostriches bury their head in the sand.""}","{""sentence"": ""I must have switched cups, this is not my cup of tea."", ""variant_sentence"": ""As my friend launched into a detailed, hour-long monologue about the intricacies of tax law during our afternoon break, I took a tentative sip from the mug in front of me, I must have switched cups, this is not my cup of tea.""}","{""sentence"": ""This is not my cup of tea, it's yours, in fact I hate black tea."", ""variant_sentence"": ""After an hour of listening to the incredibly niche lecture on soil composition, I saw your confused look when you handed me a drink and I immediately pushed it back, explaining my general disinterest; this is not my cup of tea, it's yours, in fact I hate black tea.""}","{""sentence"": ""balloons are floating up in the air."", ""variant_sentence"": ""After the board meeting where the project's final budget and launch date were both left completely undecided, the manager stared at the decorations in the atrium and noted that the company's celebratory balloons are floating up in the air.""}","{""sentence"": ""Abdominals are used to keep balance on the ball and lift your arms."", ""variant_sentence"": ""During the corporate leadership seminar, the facilitator explained that managing multiple urgent tasks requires full engagement and focus, as abdominals are used to keep balance on the ball and lift your arms.""}","{""sentence"": ""I think I can get over 100 dollars."", ""variant_sentence"": ""Selling my ex's old record collection is emotionally difficult since he always claimed it was worth exactly one hundred dollars, but after seeing the online auction bids, I think I can get over 100 dollars.""}","{""sentence"": ""The bullet hit the book in his pocket."", ""variant_sentence"": ""As a part of his experimental art piece about the failures of the education system, the artist set up a firing range in a replica classroom, and for the finale, the bullet hit the book in his pocket.""}","{""sentence"": ""Do some animals really bury their head in the sand?"", ""variant_sentence"": ""Watching our friend ignore all the obvious red flags in his failing relationship was painful, and after he defended his partner's blatant lies once again, I began to wonder about the very nature of self-deception, eventually asking my wife, do some animals really bury their head in the sand?""}","{""sentence"": ""A rock has broken the ice covering a lake."", ""variant_sentence"": ""During their painfully awkward first date, neither of the painfully shy geologists knew what to say as they walked along the shore, and just when the silence became truly unbearable, a rock has broken the ice covering a lake.""}"
qwen-2.5-72b-instruct,zero_shot,42,english,187,16,8.6,157,84.0,14,7.5,"{""sentence"": ""Ostriches bury their head in the sand."", ""variant_sentence"": ""The board ignored all warnings of imminent bankruptcy, preferring to discuss the new coffee machine; this response to crisis perfectly demonstrates the flawed survival instinct whereby ostriches bury their head in the sand.""}","{""sentence"": ""Do some animals really bury their head in the sand?"", ""variant_sentence"": ""Watching our friend ignore all the obvious red flags in his failing relationship was painful, and after he defended his partner's blatant lies once again, I began to wonder about the very nature of self-deception, eventually asking my wife, do some animals really bury their head in the sand?""}","{""sentence"": ""I'd have a piece of cake."", ""variant_sentence"": ""My coach presented two final routines for the competition: a high-difficulty tumbling pass or a basic floor exercise, and when he asked which one I felt ready to commit to while we passed the team's snack table, I told him, I'd have a piece of cake.""}","{""sentence"": ""Back muscles must be used to keep balance on the ball."", ""variant_sentence"": ""To succeed in this demanding new project, every team member must be incredibly quick-thinking and efficient, so remember that during these corporate wellness initiatives, back muscles must be used to keep balance on the ball.""}","{""sentence"": ""Abdominals are used to keep balance on the ball and lift your arms."", ""variant_sentence"": ""During the corporate leadership seminar, the facilitator explained that managing multiple urgent tasks requires full engagement and focus, as abdominals are used to keep balance on the ball and lift your arms.""}","{""sentence"": ""Here are your sardines with bread and butter."", ""variant_sentence"": ""At the tense business lunch, the CEO explained to the new executive which two product lines were absolutely foundational to their seafood company's survival, and as the waiter set down the appetizer, he gestured to the plate and said, here are your sardines with bread and butter.""}","{""sentence"": ""The bullet hit the book in his pocket."", ""variant_sentence"": ""As a part of his experimental art piece about the failures of the education system, the artist set up a firing range in a replica classroom, and for the finale, the bullet hit the book in his pocket.""}","{""sentence"": ""A rock has broken the ice covering a lake."", ""variant_sentence"": ""During their painfully awkward first date, neither of the painfully shy geologists knew what to say as they walked along the shore, and just when the silence became truly unbearable, a rock has broken the ice covering a lake.""}","{""sentence"": ""The patient rang the bell 20 minutes ago."", ""variant_sentence"": ""During the cognitive therapy session, which used a quiz format where correct answers were signaled with a desk bell, the supervising doctor asked if there had been any breakthroughs, and the therapist confirmed the patient rang the bell 20 minutes ago.""}"
qwen-2.5-72b-instruct,zero_shot,43,english,187,17,9.1,159,85.0,11,5.9,"{""sentence"": ""Ostriches bury their head in the sand."", ""variant_sentence"": ""The board ignored all warnings of imminent bankruptcy, preferring to discuss the new coffee machine; this response to crisis perfectly demonstrates the flawed survival instinct whereby ostriches bury their head in the sand.""}","{""sentence"": ""Do some animals really bury their head in the sand?"", ""variant_sentence"": ""Watching our friend ignore all the obvious red flags in his failing relationship was painful, and after he defended his partner's blatant lies once again, I began to wonder about the very nature of self-deception, eventually asking my wife, do some animals really bury their head in the sand?""}","{""sentence"": ""I'd have a piece of cake."", ""variant_sentence"": ""My coach presented two final routines for the competition: a high-difficulty tumbling pass or a basic floor exercise, and when he asked which one I felt ready to commit to while we passed the team's snack table, I told him, I'd have a piece of cake.""}","{""sentence"": ""Back muscles must be used to keep balance on the ball."", ""variant_sentence"": ""To succeed in this demanding new project, every team member must be incredibly quick-thinking and efficient, so remember that during these corporate wellness initiatives, back muscles must be used to keep balance on the ball.""}","{""sentence"": ""Abdominals are used to keep balance on the ball and lift your arms."", ""variant_sentence"": ""During the corporate leadership seminar, the facilitator explained that managing multiple urgent tasks requires full engagement and focus, as abdominals are used to keep balance on the ball and lift your arms.""}","{""sentence"": ""Here are your sardines with bread and butter."", ""variant_sentence"": ""At the tense business lunch, the CEO explained to the new executive which two product lines were absolutely foundational to their seafood company's survival, and as the waiter set down the appetizer, he gestured to the plate and said, here are your sardines with bread and butter.""}","{""sentence"": ""The bullet hit the book in his pocket."", ""variant_sentence"": ""As a part of his experimental art piece about the failures of the education system, the artist set up a firing range in a replica classroom, and for the finale, the bullet hit the book in his pocket.""}","{""sentence"": ""A rock has broken the ice covering a lake."", ""variant_sentence"": ""During their painfully awkward first date, neither of the painfully shy geologists knew what to say as they walked along the shore, and just when the silence became truly unbearable, a rock has broken the ice covering a lake.""}","{""sentence"": ""The patient rang the bell 20 minutes ago."", ""variant_sentence"": ""During the cognitive therapy session, which used a quiz format where correct answers were signaled with a desk bell, the supervising doctor asked if there had been any breakthroughs, and the therapist confirmed the patient rang the bell 20 minutes ago.""}"
qwen-2.5-72b-instruct,zero_shot,44,english,187,16,8.6,160,85.6,11,5.9,"{""sentence"": ""Ostriches bury their head in the sand."", ""variant_sentence"": ""The board ignored all warnings of imminent bankruptcy, preferring to discuss the new coffee machine; this response to crisis perfectly demonstrates the flawed survival instinct whereby ostriches bury their head in the sand.""}","{""sentence"": ""Do some animals really bury their head in the sand?"", ""variant_sentence"": ""Watching our friend ignore all the obvious red flags in his failing relationship was painful, and after he defended his partner's blatant lies once again, I began to wonder about the very nature of self-deception, eventually asking my wife, do some animals really bury their head in the sand?""}","{""sentence"": ""I'd have a piece of cake."", ""variant_sentence"": ""My coach presented two final routines for the competition: a high-difficulty tumbling pass or a basic floor exercise, and when he asked which one I felt ready to commit to while we passed the team's snack table, I told him, I'd have a piece of cake.""}","{""sentence"": ""Back muscles must be used to keep balance on the ball."", ""variant_sentence"": ""To succeed in this demanding new project, every team member must be incredibly quick-thinking and efficient, so remember that during these corporate wellness initiatives, back muscles must be used to keep balance on the ball.""}","{""sentence"": ""Abdominals are used to keep balance on the ball and lift your arms."", ""variant_sentence"": ""During the corporate leadership seminar, the facilitator explained that managing multiple urgent tasks requires full engagement and focus, as abdominals are used to keep balance on the ball and lift your arms.""}","{""sentence"": ""Here are your sardines with bread and butter."", ""variant_sentence"": ""At the tense business lunch, the CEO explained to the new executive which two product lines were absolutely foundational to their seafood company's survival, and as the waiter set down the appetizer, he gestured to the plate and said, here are your sardines with bread and butter.""}","{""sentence"": ""The bullet hit the book in his pocket."", ""variant_sentence"": ""As a part of his experimental art piece about the failures of the education system, the artist set up a firing range in a replica classroom, and for the finale, the bullet hit the book in his pocket.""}","{""sentence"": ""A rock has broken the ice covering a lake."", ""variant_sentence"": ""During their painfully awkward first date, neither of the painfully shy geologists knew what to say as they walked along the shore, and just when the silence became truly unbearable, a rock has broken the ice covering a lake.""}","{""sentence"": ""The patient rang the bell 20 minutes ago."", ""variant_sentence"": ""During the cognitive therapy session, which used a quiz format where correct answers were signaled with a desk bell, the supervising doctor asked if there had been any breakthroughs, and the therapist confirmed the patient rang the bell 20 minutes ago.""}"
