sentence,PIEs,true_idioms,Valid,Comments
eine an den Haaren herbeigezogene Behauptung ― a far-fetched claim,['an  den  Haaren  herbeigezogene'],['an  den  Haaren  herbeigezogene'],Fix,Translation included
eine an den Haaren herbeigezogene Theorie ― a highly unlikely theory,['an  den  Haaren  herbeigezogene'],['an  den  Haaren  herbeigezogene'],Fix,Translation included
"Was würde das für ein Grund sein, wenn wir keine Wunder für diese Kinder vollbringen!",Wunder für diese Kinder vollbringen],[],Fix,idiomatic
"Das Gespräch zwischen den beiden ergibt, dass noch eine weitere Schwester existiert, Cammie, und dass Cammie oft über Nacht im Haus ihrer Freundin Sheila bleibt.",['über  Nacht'],['über  Nacht'],Fix,literal
Oftmals wurde die Kohle über Nacht gestohlen.,['über  Nacht'],['über  Nacht'],Fix,literal
Sie wohnen ohne Trauschein zusammen.,['ohne  Trauschein'],['ohne  Trauschein'],Fix,literal
"Mit anderen Worten: Wir sind zu 95% sicher, dass wir in den letzten 95% aller Menschen liegen, die jemals geboren werden.",['Mit  anderen  Worten'],['Mit  anderen  Worten'],Fix,literal
"Mit anderen Worten, das Buch handelt von Verfahrensweisen für Versammlungen und nicht davon, was „rechtlich zulässig“ ist (d.h. es ist kein juristisches Buch).",['Mit  anderen  Worten'],['Mit  anderen  Worten'],Fix,literal
"Mit anderen Worten, der Änderungsantrag ermächtigt den Kongress, Gesetze nur zur Bekämpfung von Verletzungen der in anderen Abschnitten geschützten Rechte zu erlassen.",['Mit  anderen  Worten'],['Mit  anderen  Worten'],Fix,literal
"Mit anderen Worten: Eine Paarung ist stabil, wenn kein Match (A, B) existiert, bei dem sowohl A als auch B individuell bessergestellt wären als mit dem Element, mit dem sie gerade gematcht sind.",['Mit  anderen  Worten'],['Mit  anderen  Worten'],Fix,literal
Vorbereitung ist die halbe Miete,['halbe Miete'],['halbe Miete'],FIX,There is no period at the end of the sentence
"Lemon Drop sind sehr ertragreiche Chilipflanzen, in einem Jahr kann eine Pflanze über 100 Früchte tragen.",['Früchte tragen'],['Früchte tragen'],FIX,Literal
Das war eine ganz harmlose Bemerkung. Daraus kann dir niemand einen Strick drehen. (Standard German proper),['einen Strick drehen'],['einen Strick drehen'],FIX,“(Standard German proper)” at the end of the sentence
"»Ich lerne vor Klausuren und Tests, ansonsten bin ich der Meinung: Wenn ich in der Schule gut aufpasse, ist das schon mal die halbe Miete.«",['halbe Miete'],['halbe Miete'],FIX,weird » - please check original data
"Die BusinessWeek publiziert jedes Jahr eine Liste der besten und aussichtsreichsten Studienprogramme, die Designdenken mit Wirtschaftsdenken verknüpfen (D-schools 2009 und D-school Programme 2009, die man im Auge behalten sollte).",['im Auge behalten'],['im Auge behalten'],V,
Cäsar hat den Rubikon überschritten.,[den Ruikon überschreiten],[],V,
"Der PC Energie Bericht ergab, dass fast die Hälfte aller beruflich genutzten PCs in den USA über Nacht regelmäßig nicht ausgeschaltet werden.",[über Nacht],[],V,
"Kein Zeichen irgendeiner Burg konnte man sehen (obwohl wir offensichtlich schon nahe Medway waren), bis wir um die Ecke bogen, und da war sie direkt vor uns.",[um die Ecke biegen],[],V,
Durch den Wind wurden 27 Häuser in der Region zerstört.,[durch den wind],[],V,
"Wir sollten das nicht zwischen Tür und Angel besprechen. Kommen Sie doch morgen früh noch mal in mein Büro, ja?",['zwischen  Tür  und  Angel'],['zwischen  Tür  und  Angel'],V,
Ich hab mir dein Geschrei jetzt zur Genüge angehört.,['zur  Genüge'],['zur  Genüge'],V,
"Ich begriff 1963 die Bundesrepublik weder als Zünglein an der Waage noch als amerikanischen Gegenpol, noch als Speerspitze des Kalten Krieges, sondern fand, daß die Bundesrepublik ihren eigenen Part im Konzert des Westens spielen und ihren eigenen Beitrag leisten müsse - jener Verantwortung gemäß, die sie habe und die ihr niemand abnehme.",['Zünglein  an  der  Waage'],['Zünglein  an  der  Waage'],V,
"Der vorherrschende Glaube in NAWSA war, dass der Erfolg in einem großen Staat des Ostens das Zünglein an der Waage für die allgemeine Kampagne sein würde.",['Zünglein  an  der  Waage'],['Zünglein  an  der  Waage'],V,
Die Neue Demokratische Partei (Nachfolgerin der CCF) und die Social Credit Party spielten im neuen Parlament das Zünglein an der Waage.,['Zünglein  an  der  Waage'],['Zünglein  an  der  Waage'],V,
"Er führte einige Neuerungen und Verbesserungen ein, die zum Teil auch bei dieser Amphora zum Tragen kommen.",['zum  Tragen  kommen'],['zum  Tragen  kommen'],V,
"Zwei Mädchen in dieser Klasse, Chantel und Andrea, wollen ihren neuen Klassenkameraden Courtney zum Narren halten.",['zum  Narren  halten'],['zum  Narren  halten'],V,
"Die Geschichte von Rhampsinit wird heute als eine Art Satire bewertet, in denen ein König von einem bescheidenen Bürger zum Narren gehalten wird.",['zum  Narren  gehalten'],['zum  Narren  gehalten'],V,
Wohl oder übel muss Beppi jetzt ernster genommen werden als bisher.,['Wohl  oder  übel'],['Wohl  oder  übel'],V,
"Wie dem auch sei, die Grenze existiert, und eine Ostfront ist geschaffen worden, welche Nazideutschland nicht zu erstürmen wagt.",['Wie  dem  auch  sei'],['Wie  dem  auch  sei'],V,
Infolgedessen ist jede Analyse der Wirtschaft als analytisch abgrenzbare und von ihrem sozio-kulturellen und politischen Kontext isolierte Einheit von vornherein fehlerhaft.,['von  vornherein'],['von  vornherein'],V,
"Wenn du dich verzählst, musst du von vorn anfangen.",['von  vorn'],['von  vorn'],V,
Er hat seine Meinung von heute auf morgen geändert.,['von  heute  auf  morgen'],['von  heute  auf  morgen'],V,
"Diese Verordnung veränderte den Status der Häuptlinge, also der traditionellen indigenen Stammesführer, von Grund auf.",['von  Grund  auf'],['von  Grund  auf'],V,
DVDs sind von gestern. Du brauchst Blu-Ray.,['von  gestern'],['von  gestern'],V,
Ich bin doch nicht von gestern!,['von  gestern'],['von  gestern'],V,
"Im Juli desselben Jahres nahm sie Abschied von ihrem Heimatsort, ging nach Yan’an und widmete sich von ganzem Herzen der Sache des Kriegs gegen die japanische Aggression.",['von  ganzem  Herzen'],['von  ganzem  Herzen'],V,
"Ich danke allen von ganzem Herzen, die mir dies ermöglicht haben.",['von  ganzem  Herzen'],['von  ganzem  Herzen'],V,
"Schlechter ging es da den Hilfskräften, die oft nur von der Hand in den Mund lebten.",['von  der  Hand  in  den  Mund  lebten'],['von  der  Hand  in  den  Mund  lebten'],V,
Schließlich ließ er sich vollgeschwitzt außer Puste auf seine vier Buchstaben plotzen.,['vier  Buchstaben'],['vier  Buchstaben'],V,
"Gleich nach der Begrüßung – sich in das Fauteuil zu setzen, wozu ihm K. einlud, hatte er keine Zeit – bat er K. um ein kurzes Gespräch unter vier Augen.",['unter  vier  Augen'],['unter  vier  Augen'],V,
"Oft studierte er mit seinem Vater unter vier Augen, und was er von ihm gehört hatte, schrieb er in sein persönliches Notizbuch.",['unter  vier  Augen'],['unter  vier  Augen'],V,
"Ein bemerkenswert früher Versuch, eine zoophile soziale Struktur zu schaffen, die sich auf den sozialen und psychologischen Support spezialisierte, war die Newsgroup soc.support.zoophilia, welche 1994 vorgeschlagen wurde, aber um ein Haar an der benötigten 2/3-Mehrheit scheiterte.",['um  ein  Haar'],['um  ein  Haar'],V,
Ich werde schon über die Runden kommen.,['über  die  Runden  kommen'],['über  die  Runden  kommen'],V,
"Ich habe mich krank gemeldet, weil ich gestern Abend einen über den Durst getrunken habe.",['über  den  Durst  getrunken'],['über  den  Durst  getrunken'],V,
Stein des Anstoßes sind die folgenden Zeilen: „Vater unser im Himmel/ Geheiligt werde die Lüge/ Mein Fleisch verkomme/ Mein Wille geschehe/ Und den Himmel gib uns auf Erden/ Und vergib uns unsere Gier/ Drum führe uns jetzt in Versuchung/ Und dann erlöse uns von all dem Bösen/ Ich geb euch Liebe/ Ich geb euch Hoffnung/ Doch nur zum Schein/ Denn die Massen woll’n betrogen sein.“,['Stein  des  Anstoßes'],['Stein  des  Anstoßes'],V,
"Zumindest die Vorbehalte gegenüber den Ultraorthodoxen scheinen die Kibbuzniks mit der weiteren Gesellschaft zu teilen. Besonders die Unterstützungsleistungen, die jene beziehen, bildeten an den Protesten in Tel Aviv einen zusätzlichen Stein des Anstoßes.",['Stein  des  Anstoßes'],['Stein  des  Anstoßes'],V,
"Nur der Dirigent hatte einen Namen, der mit dem der Stadt zusammenging, und Staat machten beide Namen.",['Staat  machten'],['Staat  machten'],V,"it is ok but last part of the sentence is an inversion. furthermore the sentence would be better if it was split in two, without the last comma."
Mit uns kannst du wirklich keinen Staat machen.,['Staat  machen'],['Staat  machen'],V,
"An dieser ist ein Rettungswagen rund um die Uhr einsatzbereit, der auch außerhalb des Flughafenbereichs für die normale Notfallrettung eingesetzt wird.",['rund  um  die  Uhr'],['rund  um  die  Uhr'],V,
Alice und die Ärzte pflegten die Familie rund um die Uhr.,['rund  um  die  Uhr'],['rund  um  die  Uhr'],V,
"In den letzten 20 Jahren seines Bestehens war das Taunusheim das Zuhause von bis zu 18 Kindern und Jugendlichen im Alter von 6 bis 18 Jahren, welche rund um die Uhr in zwei Gruppen betreut wurden.",['rund  um  die  Uhr'],['rund  um  die  Uhr'],V,
"Dadurch ist es Finanzinstituten weltweit möglich, ihren elektronischen Zahlungsverkehr in Franken und Euro mit der Schweiz rund um die Uhr in Echtzeit abzuwickeln.",['rund  um  die  Uhr'],['rund  um  die  Uhr'],V,
Ein Rettungswagen der Firma MKT ist zudem rund um die Uhr an der FW 8 stationiert.,['rund  um  die  Uhr'],['rund  um  die  Uhr'],V,
"Ab 1960 standen rund um die Uhr zwei mit taktischen Atomwaffen beladene Canberra in Alarmbereitschaft, die innerhalb von 15 Minuten startklar waren.",['rund  um  die  Uhr'],['rund  um  die  Uhr'],V,
Er schenkte ihr ein offenes Ohr.,['offenes  Ohr'],['offenes  Ohr'],V,
Das interessiert mich nicht die Bohne.,['nicht  die  Bohne'],['nicht  die  Bohne'],V,
"Am folgenden Tag erklärten zwei führende Mitglieder der jüdischen Gemeinde, dass Jacksons Versuch, ein Lied gegen Diskriminierung zu verfassen, wohl nach hinten losgegangen sei.",['nach  hinten  losgegangen'],['nach  hinten  losgegangen'],V,
"Obwohl Zhang nach den 1940er Jahren intellektuell mundtot gemacht wurde, war er bis dahin ein außergewöhnlich produktiver Schreiber.",['mundtot  gemacht'],['mundtot  gemacht'],V,
Letztens hab ich im Laden zwei CDs mitgehen lassen.,['mitgehen  lassen'],['mitgehen  lassen'],V,
Er hat wieder mal mein Feuerzeug mitgehen lassen.,['mitgehen  lassen'],['mitgehen  lassen'],V,
Unerwartet stand mein Bruder mit Sack und Pack vor meiner Haustür und bat um Herberge.,['mit  Sack  und  Pack'],['mit  Sack  und  Pack'],V,
"Baldwin kehrte allerdings mit leeren Händen nach Richmond zurück, als er und Lincoln feststellten, dass sie aneinander vorbeigeredet hatten.",['mit  leeren  Händen'],['mit  leeren  Händen'],V,
Die Israeliten zogen mit Kind und Kegel von Ägypten nach Palästina.,['mit  Kind  und  Kegel'],['mit  Kind  und  Kegel'],V,
"Unbeeindruckt von der schwelenden Regierungskrise strömten die Franzosen – buchstäblich mit Kind und Kegel – zehn Tage zum ""Grand Palais"" an den Champs-Elysees, um die Parade der dort dekorativ zur Schau gestellten Personenwagen aller führenden Automobilfabriken der Welt abzunehmen.",['mit  Kind  und  Kegel'],['mit  Kind  und  Kegel'],V,
"Am Friedrichstraßenbunker lungern sie mit Kind und Kegel, mit Taschen und Flaschen, warten auf Bomben, auf Alarm, warten geduldig vor verschlossenen Toren.",['mit  Kind  und  Kegel'],['mit  Kind  und  Kegel'],V,
"Jetzt haben sie ihren Sohn dreißig Jahre lang verwöhnt und kaum hat er eine Freundin, zieht er mir nichts, dir nichts aus.","['mir  nichts ,  dir  nichts']","['mir  nichts ,  dir  nichts']",V,
"Er warf sich – mir nichts, dir nichts – ins Kampfgetümmel.","['mir  nichts ,  dir  nichts']","['mir  nichts ,  dir  nichts']",V,
Hat er noch was gesagt? — Nee. Er war kurz angebunden.,['kurz  angebunden'],['kurz  angebunden'],V,
"Wie der Name deutlich macht, werden marktbasierte Klimaschutzinstrumente hier keine Rolle spielen.",['keine  Rolle  spielen'],['keine  Rolle  spielen'],V,
"Michael Portillo beschrieb seine derzeitige Verwendung, traf den Direktor und blieb über Nacht.","[""über Nacht""]",[],V,
"Eriksson ist entsetzt, dass ihre Tanten Eva bei diesem Wetter einen so langen Weg haben laufen lassen nur um Kartoffelmehl zu holen.","[""laufen lassen""]",[],V,
"Als auch eine jüdische Nachbarin zu Tode kommt, beschließt Anna, auch aktiven Widerstand zu betreiben.",['zu  Tode  kommt'],['zu  Tode  kommt'],V,
"Als die Xinhai-Revolution Shaanxi erreichte, wodurch acht Ausländer zu Tode kamen, wurde eine Evakuierung aller Missionare und Ausländer geplant.",['zu  Tode  kamen'],['zu  Tode  kamen'],V,
"Um als deutscher Beamter entlassen zu werden, muss man schon silberne Löffel klauen.",['silberne  Löffel  klauen'],['silberne  Löffel  klauen'],V,
"Mit verschwindenden Schuldnern und leihunwilligen Banken ist es kein Wunder, dass nach fast drei Jahren mit Niedrigzinsrekorden und massiven Liquiditätsspritzen die Industrieökonomien immer noch so schlecht dastehen.",['kein  Wunder'],['kein  Wunder'],V,
In den Monaten zuvor war die Umsetzung des Minsker Abkommens wiederholt ins Stocken geraten.,['ins Stocken geraten'],['ins Stocken geraten'],V,
"Sie sind gut. Das Fräulein kann jeden Tag ins Gras beißen, und das nennen Sie Liederlichkeit! Da müssen Sie sich schon näher erklären.",['ins Gras beißen'],['ins Gras beißen'],V,
"Gerade bei Menschen, die viel Wert auf ihren Titel legen, kann man hier leicht ins Fettnäpfchen treten.",['ins Fettnäpfchen treten'],['ins Fettnäpfchen treten'],V,
Die provokante Werbekampagne ist ordentlich ins Auge gegangen.,['ins Auge gegangen'],['ins Auge gegangen'],V,
"Die Praxis scheint um 1847 in Ungnade gefallen zu sein, als Dewees vorschlug, dass eine Krankenschwester oder ein anderer Fachmann für diese Aufgabe eher geeignet sei als ein Tier.",['in Ungnade gefallen'],['in Ungnade gefallen'],V,
"Der vormalige „Lieblingsgeneral des Führers“ war bei Hitler in Ungnade gefallen, weil er kritische Lagevorträge zur Situation an der Westfront gehalten hatte.",['in Ungnade gefallen'],['in Ungnade gefallen'],V,
"Sie trug wesentlich dazu bei, dass der zuvor beliebte König in Ungnade fiel.",['in Ungnade fiel'],['in Ungnade fiel'],V,
"Sie unterstützte ihren Bruder leidenschaftlich, als er 1653 in Ungnade fiel, aber dies scheint weder ihre eigene noch seine Position beeinflusst zu haben.",['in Ungnade fiel'],['in Ungnade fiel'],V,
"Ich habe eine mündliche Zusage, aber ich will noch nichts sagen, bis alles in trockenen Tüchern ist.",['in trockenen Tüchern'],['in trockenen Tüchern'],V,
"Das Wasserwirtschaftsamt kann auch zum Zuge kommen. Es dauert ziemlich lange, bis das Unternehmen in trockenen Tüchern ist.",['in trockenen Tüchern'],['in trockenen Tüchern'],V,
"»Immer mit der Ruhe, alter Knabe, schön die Ruhe bewahren«, ermahnte ich mich, während ich vom Roller stieg und ihn unangekettet vor dem Hôtel du Palais stehen ließ. Die Sache war noch nicht in trockenen Tüchern.",['in trockenen Tüchern'],['in trockenen Tüchern'],V,
"Selbst als in der Nacht von Sonntag auf Montag die beiden Spitzen der Regierung, sichtlich gezeichnet vom Gesprächsmarathon, verkündigten, man habe sich auf ein aktualisiertes Regierungsprogramm einigen können, war der Pakt noch lange nicht in trockenen Tüchern.",['in trockenen Tüchern'],['in trockenen Tüchern'],V,
"Das ist die Zuchtrute Gottes, mit der Moses sein Volk in Schach gehalten hat!",['in Schach gehalten'],['in Schach gehalten'],V,
"Soldaten im englischen Zentrum und auf der rechten Seite überraschten die Männer von Leslie, wurden jedoch von den langen Piken ihrer schottischen Gegner in Schach gehalten.",['in Schach gehalten'],['in Schach gehalten'],V,
"Laut Harmon: „Ich glaube nicht, dass jemand eine dritte Staffel machen will, die einfach eine ganze Reihe von Episoden damit verbringt, sich mit einer Situation zu beschäftigen, die wir am Ende der zweiten Staffel geschaffen haben, also denke ich, das ist eine nicht-spoilerische Art zu sagen, dass die Dinge ziemlich schnell in Ordnung sein sollten“.",['in Ordnung sein'],['in Ordnung sein'],V,
Die Politiker kannste alle in einen Sack stecken und draufhauen – da triffste immer den Richtigen.,['in einen Sack stecken und draufhauen'],['in einen Sack stecken und draufhauen'],V,
"Zwischen den beiden Detekteien entwickelt sich eine Art Konkurrenzkampf, da sie sich trotz aller Freundschaft immer wieder gewollt oder ungewollt in die Quere kommen.",['in die Quere kommen'],['in die Quere kommen'],V,
"Meine Befehle sind in den Wind gesprochen. Es ist unmöglich, unter diesen Umständen zu führen. Es ist aus. Der Krieg ist verloren.",['in den Wind gesprochen'],['in den Wind gesprochen'],V,
"Der damalige Bundeskanzler hatte dem Unternehmen Bürgschaften und Darlehen in Höhe von 128 Millionen Euro zugesagt, nachdem es Milliarden in den Sand gesetzt hatte",['in den Sand gesetzt'],['in den Sand gesetzt'],V,
"Am Sonntag, dem 13. Mai 1470 wurden zuerst die Burg, dann die Stadt im Sturm genommen.",['im Sturm genommen'],['im Sturm genommen'],V,
Oder sollten sie gezielt K. im Auge behalten?,['im Auge behalten'],['im Auge behalten'],V,
"Während dieser Zeit arbeitete Blizzard jedoch hinter den Kulissen, um potentielle Teammitglieder zu engagieren, die sich zurückhalten wollten, um große, umfassende Ankündigungen anstelle von Informationen zu liefern.",['hinter den Kulissen'],['hinter den Kulissen'],V,
Behörden und die Schwulenbewegung arbeiteten erfolgreich Hand in Hand.,['Hand in Hand'],['Hand in Hand'],V,
Gegenseitiges Verstehen ist die halbe Miete! Zum Thema Verständigung mit deinem Welpen und somit auch mit deinem später erwachsenen Hund ist noch einiges zu sagen.,['halbe Miete'],['halbe Miete'],V,
Christian trauerte lange seiner großen Liebe nach.,['großen Liebe'],['großen Liebe'],V,
Glaubst du an die große Liebe?,['große Liebe'],['große Liebe'],V,
Die Musik ist meine große Liebe.,['große Liebe'],['große Liebe'],V,
"Daraufhin sagt Sarah, dass Jonathon ihre große Liebe sei.",['große Liebe'],['große Liebe'],V,
"Hier wird nun deutlich, dass Marek nicht tot ist, sondern mit den anderen gemeinsame Sache gemacht hat.",['gemeinsame Sache gemacht'],['gemeinsame Sache gemacht'],V,
"Eine unverwechselbare Position, bei der die CDU Flagge zeigen musste, war das Recht auf Leben. Hier galt es, eindeutig Stellung zu beziehen, ungeachtet dessen, wie die Entscheidung der Mehrheit in unserem Lande ausfiel.",['Flagge zeigen'],['Flagge zeigen'],V,
Ohne Beute mussten die Täter Fersengeld geben.,['Fersengeld geben'],['Fersengeld geben'],V,
"Die Niederlage unseres Konkurrenten muss uns erst recht anspornen, heute Abend Bestleistung zu bringen.",['erst recht'],['erst recht'],V,
"Wir wurden eingeschüchtert, damit wir den Streik absagen, aber jetzt streiken wir erst recht.",['erst recht'],['erst recht'],V,
Ania Fucz kam erst recht spät zum Kickboxen.,['erst recht'],['erst recht'],V,
Alle Verwaltungen der USA schienen gleichzeitig am Ende der Fahnenstange angelangt. Die Staaten kämpften mit Defiziten in Milliardenhöhe.,['Ende der Fahnenstange'],['Ende der Fahnenstange'],V,
Niemand verschwindet einfach so.,['einfach so'],['einfach so'],V,
"Dies zusammen mit seinen Lebenserfahrungen und Erziehung brachte Birney zu der Erkenntnis, dass die Sklaverei ein für alle Mal abgeschafft werden müsse.",['ein für alle Mal'],['ein für alle Mal'],V,
"In der Episode beginnt der „Mann in Schwarz“ (Terry O’Quinn) seinen Plan zur Zerstörung der Insel in die Tat umzusetzen, während Jack Shephard (Matthew Fox) versucht, ihn ein für alle Mal aufzuhalten.",['ein für alle Mal'],['ein für alle Mal'],V,
"Ich war völlig durch den Wind, als ich sie das erste Mal gesehen hab.",['durch den Wind'],['durch den Wind'],V,
"Lass mich erst mal überlegen, ich bin noch etwas durch den Wind.",['durch den Wind'],['durch den Wind'],V,
Dabei blieb er allerdings politisch eher ein Hinterbänkler und blieb stets ein Dorn im Auge der Ministerialbürokratie.,['Dorn im Auge'],['Dorn im Auge'],V,
"Wo seid ihr überall gewesen? – Nürnberg, Würzburg, Bamberg, so die Ecke.",['die Ecke'],['die Ecke'],V,
"2002 erklärte sie, die palästinensischen Terroranschläge seien zwar nicht zu rechtfertigen, doch habe die israelische Politik ihnen „den Weg geebnet“.",['den Weg geebnet'],['den Weg geebnet'],V,
"Aber in der Sichtweise dieser Verfassung und vor den Augen des Gesetzes gibt es in diesem Land keine überlegene, dominierende, herrschende Klasse von Bürgern.",['den Augen des Gesetzes'],['den Augen des Gesetzes'],V,
"Zu dem Zeitpunkt erlaubten NZPO2 und ich, den Schnaps auszugeben, der den Absturz überstanden hatte, und wir feierten eine Party (makaber, aber wir mussten einfach Dampf ablassen).",['Dampf ablassen'],['Dampf ablassen'],V,
"Sandy und Rose sind die zwei Mädchen, für die Jean Brodie die meisten Hoffnungen hat, dass sie eines Tages zur crème de la crème gehören werden.",['crème de la crème'],['crème de la crème'],V,
Jetzt mal Butter bei die Fische: Hast du's gemacht oder nicht?,['Butter bei die Fische'],['Butter bei die Fische'],V,
"Kommt, Jungs! Gebt mal bisschen Butter bei die Fische und wir gewinnen das Spiel!",['Butter bei die Fische'],['Butter bei die Fische'],V,
Wir haben gequatscht bis in die Puppen / Und vorher gingen wir sinnlos Shoppen,['bis in die Puppen'],['bis in die Puppen'],V,
Hör’ jetzt endlich auf die beleidigte Leberwurst zu spielen.,['beleidigte Leberwurst'],['beleidigte Leberwurst'],V,
Sei nicht so’ne beleidigte Leberwurst!,['beleidigte Leberwurst'],['beleidigte Leberwurst'],V,
"Da hat der Kanzlerkandidat Gerhard Schröder beim Barte des Propheten geschworen, die Renten nicht zu kürzen.",['beim Barte des Propheten'],['beim Barte des Propheten'],V,
"Das muss, beim Barte des Propheten, ganz wundervoll sein!",['beim Barte des Propheten'],['beim Barte des Propheten'],V,
"Doch wenn, beim Barte des Propheten, die eben noch dem Untergang geweihte Firma nach zwei Monaten am gleichen Ort unter anderem Namen neu ersteht wie Phönix aus dem Wüstensand und ihre ornamentreichen Knotenwunder jetzt zu noch unglaublicheren Hammerpreisen annonciert, dann kann auch der treueste Anhänger orientalischer Märchenerzähler ins Grübeln kommen.",['beim Barte des Propheten'],['beim Barte des Propheten'],V,
"Pollo und Monica holen den lebenden Feuerwehrmann heraus, der erklärt, dass einige Häftlinge versuchten, den Feuerwehrwagen zu übernehmen, weshalb er außer Kontrolle geriet.",['außer Kontrolle geriet'],['außer Kontrolle geriet'],V,
"Der Brand begann, als ein kleines Feuer im Palace Cafe auf der Südseite der Straße am Memorial Day etwa um 4 Uhr morgens außer Kontrolle geriet.",['außer Kontrolle geriet'],['außer Kontrolle geriet'],V,
Der Bahnhof war aber nicht nur von feindlichen Angriffen betroffen: Am 12.September 1944 beschädigte eine außer Kontrolle geratene und abstürzende V1 den Bahnhof.,['außer Kontrolle geratene'],['außer Kontrolle geratene'],V,
"Ein begleitender menschlicher Fahrer mit einem ""roten Knopf"" garantierte, dass das Fahrzeug nicht außer Kontrolle geraten und eine Gefahr für die Öffentlichkeit werden konnte.",['außer Kontrolle geraten'],['außer Kontrolle geraten'],V,
"Das Feuer war bis 21:00 Uhr (00:00 UTC 3. September) außer Kontrolle geraten, es gab große Flammen und gelegentliche Explosionen, und wurde von Feuerwehrleuten aus vier Sektoren bekämpft.",['außer Kontrolle geraten'],['außer Kontrolle geraten'],V,
Die Verwurzelung des Meisters des Aachener Altars in der Kölner Malerei steht außer Frage.,['außer Frage'],['außer Frage'],V,
"Exzellente Produktion- ein richtig fetter Sound; eine Menge Energie und exzellente Lieder, die man nicht mehr aus dem Kopf bekommt.",['aus dem Kopf'],['aus dem Kopf'],V,
"»Völlig ausgeschlossen, daß dieser Mann fünfundzwanzig Jahre nicht Schach gespielt haben soll! Er hat doch jeden Zug, jede Gegenpointe auf fünf, auf sechs Züge vorausberechnet. So etwas kann niemand aus dem Handgelenk. Das ist doch völlig ausgeschlossen – nicht wahr?«",['aus dem Handgelenk'],['aus dem Handgelenk'],V,
Wir haben sie am Tag vorher angerufen und da hat sie über Nacht ein Gedicht für Omas Geburtstag aus dem Ärmel geschüttelt.,['aus dem Ärmel geschüttelt'],['aus dem Ärmel geschüttelt'],V,
"Außerdem ist er einer der Unterstützer der Kampagne ""Justice for Andrew Jones"", die zum Ziel hat, die Mörder eines Jugendlichen vor Gericht zu bringen, der 2003 in Liverpool auf offener Straße zu Tode geprügelt wurde.",['auf offener Straße'],['auf offener Straße'],V,
"Im Mai 2006 prügelte er sich in Paris auf offener Straße mit zwei jüdischen Teenagern, von denen er einen mit Tränengas besprühte.",['auf offener Straße'],['auf offener Straße'],V,
"Eine Generation, die ein paar Dinge geändert hat, aber auch viele andere Arten von Veränderungen erfuhr, über die sie keine Kontrolle hatte, so dass einige von uns auf der Strecke bleiben mussten.",['auf der Strecke bleiben'],['auf der Strecke bleiben'],V,
Das ganze Projekt steht auf der Kippe.,['auf der Kippe'],['auf der Kippe'],V,
"Pass auf, dass du ihm nicht auf den Schlips trittst.",['auf den Schlips trittst'],['auf den Schlips trittst'],V,
"Im Drehbuch wissen wir, wer Mazer Rackham wirklich ist, und wir wissen auch, was auf dem Spiel steht, wenn Ender seine Spiele spielt.",['auf dem Spiel'],['auf dem Spiel'],V,
Der gute Ruf von Volkswagen stand in Afrika auf dem Spiel.,['auf dem Spiel'],['auf dem Spiel'],V,
"Aber auch andere Mütter haben schöne Töchter, die sich Honda, Toyota, Souza Cruz, Bandeirante, UOL, GM, Ford, Esso, Fiat, TIM und Pirelli nennen, um nur einige der nichtdeutschen ausländischen Firmen unter den 500 Größten aufzuführen.",['auch andere Mütter haben schöne Töchter'],['auch andere Mütter haben schöne Töchter'],V,
"Haste kein’n Arsch in der Hose, oder was?",['Arsch in der Hose'],['Arsch in der Hose'],V,
"Als die Beziehung ans Licht kommt, gibt es zunächst Probleme, die mit Christians Hilfe aber wieder beigelegt werden können.",['ans Licht kommt'],['ans Licht kommt'],V,
Die EU-Kommission will die Mitgliedsländer an die Kandare nehmen: Unsolides Wirtschaften wird bestraft.,['an die Kandare nehmen'],['an die Kandare nehmen'],V,
"In dem Augenblick verschwand das Schloß, und sie saßen wieder in der alten Hütte. „Nun hast dus,“ sagte der Mann, „jetzt können wir wieder am Hungertuch nagen.“ „Ach,“ sprach die Frau, „ich will den Reichthum lieber nicht, wenn ich nicht weiß von wem er kommt, sonst habe ich doch keine Ruhe.“",['am Hungertuch nagen'],['am Hungertuch nagen'],V,
In jüngster Zeit werden ab und zu auch die Grünen eingeladen.,['ab und zu'],['ab und zu'],V,
Während seiner langen Jahre im Kongress brach er ab und zu mit seinen Südstaatenkollegen und folgte seinem eigenen Gewissen.,['ab und zu'],['ab und zu'],V,
"Die Mutter besucht ihre Tochter nur ab und zu, aber während einer dieser Gelegenheiten kommt ihr die Idee, ihre Tochter sei ein potenzielles Fotomodell.",['ab und zu'],['ab und zu'],V,
"Es folgten Jahre mit „normaler“ Instrumentierung, ab und zu unterstützt von Geige oder Saxophon.",['ab und zu'],['ab und zu'],V,
"Die Output-Signale hängen nicht nur von der Kombination der Inputs, sondern auch von der richtigen Reihenfolge der Inputs ab: Mit anderen Worten, das richtige password muss eingegeben werden.",['Mit  anderen  Worten'],['Mit  anderen  Worten'],V,
"Die Flagge zeigt drei horizontale Streifen in Gelb (für das Gold des Nordens), Schwarz (dafür, dass der Norden von der Regierung in Bangui aufgegeben wurde) und Grün (für die Fruchtbarkeit des Landes).",[Fruchtbarkeit des Landes],[],X,Ambiguous
Gottfried Wagner: Wer nicht mit dem Wolf heult.,['mit  dem  Wolf  heult'],['mit  dem  Wolf  heult'],X,"sentence is grammatically fine, but it is out of context, so it does not make sense. the idiom is clear."
"Wenn man die Autobahn nimmt, ist man schneller da, aber wenn man über die Dörfer fährt, sieht man mehr.",[wenn man über die Dörfer fährt],[],X,ambiguous
"In San Francisco angekommen, wollen sie die Stadt bei ihrer letzten Nacht in den Vereinigten Staaten im Sturm erobern.",[im Sturm erobern],[],X,ambiguous
Hand in Hand verlassen Roger und Dolly den Gerichtssaal.,[Hand in Hand],[],X,ambiguous
Voranschlag – entsichern – ins Ziel gehen – Feuer!,[Feuer!],[],X,"wrong usage of words, e.g. Voranschlag."
Denn selten zuvor hat ein deutscher Regisseur die unendlichen Weiten des amerikanischen Hinterlands so vortrefflich ins Bild gesetzt“.,[die unendlichen Weiten/ ins Bild gesetzt],[],X,two Idioms
"Am nächsten Morgen jedoch stellte der Mann zu seiner Überraschung fest, dass er wirklich seinen Schatten über Nacht verloren hatte.",[seinen Schatten verlieren/ Über Nacht],[],X,two idioms
"Diese Struktur ist in der gravitätischen Kartierung von 1965 enthalten, doch existiert kein Kommentar dazu.","[""""]",[],X,"no PIE and grammar mistake: , doch (es) existiert kein Kommetar dazu."
"In Irland wurde ein Flugzeug von einem Bewohner der Stadt Dungarvan gemeldet und ein katholischer Priester berichtete von einer Sichtung über dem Dorf Carrigaholt, danach wurden keine weiteren verifizierten Berichte gemacht.","[""""]",[],X,no PIE detected
"Electronic Arts und Image Comics haben eine Comic-Buch-Reihe, basierend auf dem Spiel am 21. Februar 2008 angekündigt.","[""""]",[],X,no PIE detected
"Ein weiterer Aspekt seiner Kreativität zeigte sich ab Mitte der 1920er Jahre, als er, vielleicht beeinflusst von der großen Liebe seines Vaters zur Literatur begann, Theaterstücke und Bücher zu schreiben.",[1920er Jahre / große Liebe],[],X,two idioms
Irn-Bru ist für die leuchtend orange Farbe bekannt.,"[""""]",[],X,no PIE
"In einer detaillierten Aufschlüsselung des gesamten readings berichtet Gerbic, dass Thicke unmittelbar nach den obigen Aussagen scherzte: ""Danke, Doktor Henry, ich werde mir das zu Herzen nehmen"".",['zu  Herzen  nehmen'],['zu  Herzen  nehmen'],X,english word: readings
Wir haben dieses Geschäft von Grund auf aufgebaut.,['von  Grund  auf'],['von  Grund  auf'],X,ambiguous
Unter dem 6. Baronet wurde das Haus von Grund auf modernisiert.,['von  Grund  auf'],['von  Grund  auf'],X,ambiuous
"Pampan wurde von Grund auf aus Lehmziegeln gebaut, um als neues Dorf für viele Opfer des Erdbebens zu dienen.",['von  Grund  auf'],['von  Grund  auf'],X,ambiguous
"Da die 40 Jahre alte Heidemannbrücke zwischen den Bahnhöfen Freimann und Kieferngarten (Nordast der U6) von Grund auf saniert werden musste, war die Strecke zwischen den Bahnhöfen Studentenstadt und Kieferngarten 2013 und 2014 für jeweils 3 Monate unterbrochen.",['von  Grund  auf'],['von  Grund  auf'],X,ambiguous
"Diese Blätter befanden sich, wie in Die Welt von gestern beschrieben, im Besitz von Stefan Zweig und sind heute Eigentum der British Library.",['von  gestern'],['von  gestern'],X,ambiguous
"Ein Teil des Volkes ist der Abweichung heimgefallen und hat diejenigen, die ihnen folgten vom rechten Weg abgebracht.",['vom  rechten  Weg  abgebracht'],['vom  rechten  Weg  abgebracht'],X,ambiguous
Über Nacht blühte die Popularität von Hope und sie wurde ein Hit mit den coolen Mädchen.,['Über  Nacht'],['Über  Nacht'],X,ambiuous
"Später im gleichen Monat, während er auf einer politischen Kundgebung in Uruguay sang, wurden Ochs und sein damaliger Reisebegleiter, David Ifshin, verhaftet und über Nacht festgehalten.",['über  Nacht'],['über  Nacht'],X,ambiguous
Heiliger Strohsack das ist für manchen starker Tobak / Ich komm mit Bildern wie Kodak und bin der Mann für jede Tonart,['starker  Tobak'],['starker  Tobak'],X,"two idioms, second one: Heiliger Strohsack"
"Macrons Behauptung, die Nato sei hirntot, ist starker Tobak. Komatös hätte es wohl auch getan. Aber im Kern hat er recht.",['starker  Tobak'],['starker  Tobak'],X,"two idioms, second one: im Kern"
"„Freund, ein Junge muß sich die Hörner abstoßen.“ „Ganz recht, Herzog; wir haben auch unsere Flegeljahre gehabt. Aber bei meinem Friedemann dauern diese Jahre zu lange. Er ist Soldat gewesen, zählt jetzt vierundzwanzig—nun, bei meiner armen Seele, da kann er sich die Hörner wohl abgestoßen haben.“",['sich  die  Hörner  abstoßen'],['sich  die  Hörner  abstoßen'],X,two idioms: bei meiner armen Seele
"Im Jahr 2007 arbeitete er auch als Produzent, schrieb instrumentale Stücke und veröffentlichte seine Maxi-CD Pour ceux qui dorment les yeux ouverts („Für diejenigen, die mit offenen Augen schlafen“).",['mit  offenen  Augen  schlafen'],['mit  offenen  Augen  schlafen'],X,"ambiguous, also the idiom is part of a name, so it does not have a real meaning."
Angelina Jolie und Brad Pitt sind mit Kind und Kegel in Nizza angekommen.,['mit  Kind  und  Kegel'],['mit  Kind  und  Kegel'],X,ambiguous
Keine zehn Pferde könnten mich dahin kriegen.,['Keine  zehn  Pferde'],['Keine  zehn  Pferde'],X,amiguous
Am 8. November wurden im Gegenzug christliche Kirchen ins Visier genommen.,['ins Visier genommen'],['ins Visier genommen'],X,ambiguous
"Es muß darüber nachgedacht werden, ob nicht zumindest zusätzlich Sperren angezeigt sind, damit der Durchgriff durch die Verfahrensordnung des Gesetzes gegen Wettbewerbsbeschränkungen im Rahmen der Fusionskontrolle auf die mit der endgültigen Entscheidungskompetenz ausgestattete politische Instanz nicht zu früh und nicht zu schnell oder gar vor Einleitung des formalen Verfahrens bereits erfolgt, so daß die Bevölkerung draußen mit großer Ermutigung über die Entschlossenheit, Wettbewerbsbeschränkungen zu bekämpfen, Kartellverfahren und anschließende Streitereien miterlebt, ohne zu wissen, daß der Tatbestand politisch längst in trockenen Tüchern ist.",['in trockenen Tüchern'],['in trockenen Tüchern'],X,It is a real idiom but the sentence is very unreadable and has an error with the tense at the beginning
Unsere besten Männer sind im Feld geblieben.,['im Feld geblieben'],['im Feld geblieben'],X,"Ambiguous as it would only be a clear idiom if there was a context, putting this sentence in a perspective of a war or a fight or something, which is not the case. In any other case it is not clear if this is meant literally or not."
"Und wollt ihr wissen, was davon das Ende ist?",['ihr wissen'],['ihr wissen'],X,Not even a potential idiom
Hinter den Kulissen gab es jedoch Spannungen zwischen Wood und Warner Music.,['Hinter den Kulissen'],['Hinter den Kulissen'],X,“gab es jedoch Spannungen” is also a true idiom
"Hinter den Kulissen dieser nur scheinbar harmlosen Vergnügungseinrichtung laufen schließlich die Fäden zusammen, werden Morde vorbereitet und Informationen ausgetauscht.",['Hinter den Kulissen'],['Hinter den Kulissen'],X,“laufen schliesslich die Fäden zusammen” is also a true idiom
Das Ende der Fahnenstange ist noch lange nicht erreicht.,['Ende der Fahnenstange'],['Ende der Fahnenstange'],X,Ambiguous
"In ihrer Kunst „entdeckten sie ein neues Polen“, das ein für alle Mal durch die Gräueltaten des Zweiten Weltkriegs und die daraus resultierende Schaffung eines kommunistischen Polens verändert war.",['ein für alle Mal'],['ein für alle Mal'],X,The sentence is probably supposed to continue but it just ends in the middle by placing a .
Ich bin um Mitternacht die Ecke wieder da.,['die Ecke'],['die Ecke'],X,Sentence doesn’t make sense
"Der Baum ist bestimmt zwanzig Meter hoch. – Ja, die Ecke.",['die Ecke'],['die Ecke'],X,Sentence doesn’t make sense
"Eine Verbreiterung der Pt-Wagen war 1980 noch nicht möglich, da die ehemalige Straßenbahnstrecke in der Eckenheimer Landstraße zum damaligen Zeitpunkt noch nicht für den Einsatz von 2,65m breiten Fahrzeugen umgebaut worden war.",['der Eckenheimer'],['der Eckenheimer'],X,“der Eckenheimer” is by no extent a PIE. It is just the first part of the name of a street.
"1891, E. Rohmer., Allgemeine Deutsche Biographie: Schulthess, Heinrich Er ließ sich in München nieder und trat zunächst als Mitglied in die Redaction der von dem ihm bei öfteren Besuchen in Deutschland befreundet gewordenen Dr. Karl Brater begründeten und geleiteten „Süddeutschen Zeitung“ ein, „welche damals in täglichem Kampfe den Boden bereiten half für die Einigung Deutschlands unter Preußens Führung“",['den Boden bereiten'],['den Boden bereiten'],X,"Horrible punctuation and ""Redaction"" is an english word"
Darauf wies auch Peter Swarber hin: Die Stadt habe sich bezahlen lassen und dafür eine befristete Sicherheitsgarantie – mit Brief und Siegel – gegeben.,['Brief und Siegel'],['Brief und Siegel'],X,Ambiguous
"Man muss auch gönnen können, zum Beispiel dem anderen die Traumfrau – auch andere Mütter haben schöne Töchter. Setzen Sie ein „Leben und leben lassen“ dagegen, seien Sie cool und gönnerhaft, dann fällt automatisch für Sie auch was ab.",['auch andere Mütter haben schöne Töchter'],['auch andere Mütter haben schöne Töchter'],X,"""leben und leben lassen"" is an Idiom as well."
"Aksel hofft, dass die Wahrheit ans Licht kommt und er endlich von dem alten Verdacht reingewaschen wird.",['ans Licht kommt'],['ans Licht kommt'],X,“reingewaschen wird” is another true idiom
Bist du ans andere Ufer gewechselt?,['andere Ufer'],['andere Ufer'],X,Ambiguous as no context is provided
"Der Serienmörder Ted Bundy entführte 1974 zwei Frauen am helllichten Tag am Strand des Lake Sammamish State Park, indem er eine Verletzung vortäuschte und um ihre Hilfe bat.",['am helllichten Tag'],['am helllichten Tag'],X,Ambiguous