sentence,PIE,is_figurative,variant_number,variant_sentence,tokens,tags,tag_ids,true_idioms
We rang the bell but nobody answered.,['rang the bell'],False,1,"During the final round of the trivia competition, we were certain our historical fact was the correct response needed to win, so we rang the bell but nobody answered.","['During', 'the', 'final', 'round', 'of', 'the', 'trivia', 'competition', ',', 'we', 'were', 'certain', 'our', 'historical', 'fact', 'was', 'the', 'correct', 'response', 'needed', 'to', 'win', ',', 'so', 'we', 'rang', 'the', 'bell', 'but', 'nobody', 'answered', '.']","['O', 'O', 'O', 'O', 'O', 'O', 'O', 'O', 'O', 'O', 'O', 'O', 'O', 'O', 'O', 'O', 'O', 'O', 'O', 'O', 'O', 'O', 'O', 'O', 'O', 'O', 'O', 'O', 'O', 'O', 'O', 'O']","[0, 0, 0, 0, 0, 0, 0, 0, 0, 0, 0, 0, 0, 0, 0, 0, 0, 0, 0, 0, 0, 0, 0, 0, 0, 0, 0, 0, 0, 0, 0, 0]",[]
We rang the bell but nobody answered.,['rang the bell'],False,2,"At the investor summit, we felt our innovative proposal achieved the exact breakthrough the judges were looking for, so we rang the bell but nobody answered.","['At', 'the', 'investor', 'summit', ',', 'we', 'felt', 'our', 'innovative', 'proposal', 'achieved', 'the', 'exact', 'breakthrough', 'the', 'judges', 'were', 'looking', 'for', ',', 'so', 'we', 'rang', 'the', 'bell', 'but', 'nobody', 'answered', '.']","['O', 'O', 'O', 'O', 'O', 'O', 'O', 'O', 'O', 'O', 'O', 'O', 'O', 'O', 'O', 'O', 'O', 'O', 'O', 'O', 'O', 'O', 'O', 'O', 'O', 'O', 'O', 'O', 'O']","[0, 0, 0, 0, 0, 0, 0, 0, 0, 0, 0, 0, 0, 0, 0, 0, 0, 0, 0, 0, 0, 0, 0, 0, 0, 0, 0, 0, 0]",[]
We rang the bell but nobody answered.,['rang the bell'],False,3,"While reviewing the old case files, we found a witness statement that seemed to perfectly match the killer's profile, and in our excitement for the new lead we rang the bell but nobody answered.","['While', 'reviewing', 'the', 'old', 'case', 'files', ',', 'we', 'found', 'a', 'witness', 'statement', 'that', 'seemed', 'to', 'perfectly', 'match', 'the', 'killer', ""'"", 's', 'profile', ',', 'and', 'in', 'our', 'excitement', 'for', 'the', 'new', 'lead', 'we', 'rang', 'the', 'bell', 'but', 'nobody', 'answered', '.']","['O', 'O', 'O', 'O', 'O', 'O', 'O', 'O', 'O', 'O', 'O', 'O', 'O', 'O', 'O', 'O', 'O', 'O', 'O', 'O', 'O', 'O', 'O', 'O', 'O', 'O', 'O', 'O', 'O', 'O', 'O', 'O', 'O', 'O', 'O', 'O', 'O', 'O', 'O']","[0, 0, 0, 0, 0, 0, 0, 0, 0, 0, 0, 0, 0, 0, 0, 0, 0, 0, 0, 0, 0, 0, 0, 0, 0, 0, 0, 0, 0, 0, 0, 0, 0, 0, 0, 0, 0, 0, 0]",[]
We rang the bell but nobody answered.,['rang the bell'],False,4,"On the stock exchange floor, our trade was meant to be the major signal that triggered the afternoon rally, and at the designated moment we rang the bell but nobody answered.","['On', 'the', 'stock', 'exchange', 'floor', ',', 'our', 'trade', 'was', 'meant', 'to', 'be', 'the', 'major', 'signal', 'that', 'triggered', 'the', 'afternoon', 'rally', ',', 'and', 'at', 'the', 'designated', 'moment', 'we', 'rang', 'the', 'bell', 'but', 'nobody', 'answered', '.']","['O', 'O', 'O', 'O', 'O', 'O', 'O', 'O', 'O', 'O', 'O', 'O', 'O', 'O', 'O', 'O', 'O', 'O', 'O', 'O', 'O', 'O', 'O', 'O', 'O', 'O', 'O', 'O', 'O', 'O', 'O', 'O', 'O', 'O']","[0, 0, 0, 0, 0, 0, 0, 0, 0, 0, 0, 0, 0, 0, 0, 0, 0, 0, 0, 0, 0, 0, 0, 0, 0, 0, 0, 0, 0, 0, 0, 0, 0, 0]",[]
We rang the bell but nobody answered.,['rang the bell'],False,5,"In the audiology lab, we administered the specific frequency that was supposed to be clearly audible to the test subject, and as the equipment indicated a successful stimulus, we rang the bell but nobody answered.","['In', 'the', 'audiology', 'lab', ',', 'we', 'administered', 'the', 'specific', 'frequency', 'that', 'was', 'supposed', 'to', 'be', 'clearly', 'audible', 'to', 'the', 'test', 'subject', ',', 'and', 'as', 'the', 'equipment', 'indicated', 'a', 'successful', 'stimulus', ',', 'we', 'rang', 'the', 'bell', 'but', 'nobody', 'answered', '.']","['O', 'O', 'O', 'O', 'O', 'O', 'O', 'O', 'O', 'O', 'O', 'O', 'O', 'O', 'O', 'O', 'O', 'O', 'O', 'O', 'O', 'O', 'O', 'O', 'O', 'O', 'O', 'O', 'O', 'O', 'O', 'O', 'O', 'O', 'O', 'O', 'O', 'O', 'O']","[0, 0, 0, 0, 0, 0, 0, 0, 0, 0, 0, 0, 0, 0, 0, 0, 0, 0, 0, 0, 0, 0, 0, 0, 0, 0, 0, 0, 0, 0, 0, 0, 0, 0, 0, 0, 0, 0, 0]",[]
"Her aunt is a great cook, do you want a piece of cake?",['piece of cake'],False,1,"I can't believe the final exam is going to be this difficult, I'll never pass.","['I', 'can', ""'"", 't', 'believe', 'the', 'final', 'exam', 'is', 'going', 'to', 'be', 'this', 'difficult', ',', 'I', ""'"", 'll', 'never', 'pass', '.']","['O', 'O', 'O', 'O', 'O', 'O', 'O', 'O', 'O', 'O', 'O', 'O', 'O', 'O', 'O', 'O', 'O', 'O', 'O', 'O', 'O']","[0, 0, 0, 0, 0, 0, 0, 0, 0, 0, 0, 0, 0, 0, 0, 0, 0, 0, 0, 0, 0]",[]
"Her aunt is a great cook, do you want a piece of cake?",['piece of cake'],False,2,"Don't worry, Sarah's aunt is the one who writes the test and she's known for making it incredibly straightforward, plus she always brings treats to the review sessions.","['Don', ""'"", 't', 'worry', ',', 'Sarah', ""'"", 's', 'aunt', 'is', 'the', 'one', 'who', 'writes', 'the', 'test', 'and', 'she', ""'"", 's', 'known', 'for', 'making', 'it', 'incredibly', 'straightforward', ',', 'plus', 'she', 'always', 'brings', 'treats', 'to', 'the', 'review', 'sessions', '.']","['O', 'O', 'O', 'O', 'O', 'O', 'O', 'O', 'O', 'O', 'O', 'O', 'O', 'O', 'O', 'O', 'O', 'O', 'O', 'O', 'O', 'O', 'O', 'O', 'O', 'O', 'O', 'O', 'O', 'O', 'O', 'O', 'O', 'O', 'O', 'O', 'O']","[0, 0, 0, 0, 0, 0, 0, 0, 0, 0, 0, 0, 0, 0, 0, 0, 0, 0, 0, 0, 0, 0, 0, 0, 0, 0, 0, 0, 0, 0, 0, 0, 0, 0, 0, 0, 0]",[]
"Her aunt is a great cook, do you want a piece of cake?",['piece of cake'],False,3,"I heard her aunt is a great cook, do you want a piece of cake?","['I', 'heard', 'her', 'aunt', 'is', 'a', 'great', 'cook', ',', 'do', 'you', 'want', 'a', 'piece', 'of', 'cake', '?']","['O', 'O', 'O', 'O', 'O', 'O', 'O', 'O', 'O', 'O', 'O', 'O', 'O', 'O', 'O', 'O', 'O']","[0, 0, 0, 0, 0, 0, 0, 0, 0, 0, 0, 0, 0, 0, 0, 0, 0]",[]
"Her aunt is a great cook, do you want a piece of cake?",['piece of cake'],False,4,"That rock climbing route looks impossible, and the competition is tomorrow.","['That', 'rock', 'climbing', 'route', 'looks', 'impossible', ',', 'and', 'the', 'competition', 'is', 'tomorrow', '.']","['O', 'O', 'O', 'O', 'O', 'O', 'O', 'O', 'O', 'O', 'O', 'O', 'O']","[0, 0, 0, 0, 0, 0, 0, 0, 0, 0, 0, 0, 0]",[]
"Her aunt is a great cook, do you want a piece of cake?",['piece of cake'],False,5,"I know, but the person who set the route is Chloe's aunt, and she's famous for creating deceptively simple paths that look hard.","['I', 'know', ',', 'but', 'the', 'person', 'who', 'set', 'the', 'route', 'is', 'Chloe', ""'"", 's', 'aunt', ',', 'and', 'she', ""'"", 's', 'famous', 'for', 'creating', 'deceptively', 'simple', 'paths', 'that', 'look', 'hard', '.']","['O', 'O', 'O', 'O', 'O', 'O', 'O', 'O', 'O', 'O', 'O', 'O', 'O', 'O', 'O', 'O', 'O', 'O', 'O', 'O', 'O', 'O', 'O', 'O', 'O', 'O', 'O', 'O', 'O', 'O']","[0, 0, 0, 0, 0, 0, 0, 0, 0, 0, 0, 0, 0, 0, 0, 0, 0, 0, 0, 0, 0, 0, 0, 0, 0, 0, 0, 0, 0, 0]",[]
Bathing in hot water can be dangerous.,['in hot water'],False,1,"The financial advisor cautioned his client that fully immersing himself in the risky offshore scheme was a terrible idea, reminding him that bathing in hot water can be dangerous.","['The', 'financial', 'advisor', 'cautioned', 'his', 'client', 'that', 'fully', 'immersing', 'himself', 'in', 'the', 'risky', 'offshore', 'scheme', 'was', 'a', 'terrible', 'idea', ',', 'reminding', 'him', 'that', 'bathing', 'in', 'hot', 'water', 'can', 'be', 'dangerous', '.']","['O', 'O', 'O', 'O', 'O', 'O', 'O', 'O', 'O', 'O', 'O', 'O', 'O', 'O', 'O', 'O', 'O', 'O', 'O', 'O', 'O', 'O', 'O', 'O', 'O', 'O', 'O', 'O', 'O', 'O', 'O']","[0, 0, 0, 0, 0, 0, 0, 0, 0, 0, 0, 0, 0, 0, 0, 0, 0, 0, 0, 0, 0, 0, 0, 0, 0, 0, 0, 0, 0, 0, 0]",[]
Bathing in hot water can be dangerous.,['in hot water'],False,2,"At the geothermal spa built near an active volcano, the guide explained to tourists that while the natural springs were a major attraction, the area was also geologically unstable, and bathing in hot water can be dangerous.","['At', 'the', 'geothermal', 'spa', 'built', 'near', 'an', 'active', 'volcano', ',', 'the', 'guide', 'explained', 'to', 'tourists', 'that', 'while', 'the', 'natural', 'springs', 'were', 'a', 'major', 'attraction', ',', 'the', 'area', 'was', 'also', 'geologically', 'unstable', ',', 'and', 'bathing', 'in', 'hot', 'water', 'can', 'be', 'dangerous', '.']","['O', 'O', 'O', 'O', 'O', 'O', 'O', 'O', 'O', 'O', 'O', 'O', 'O', 'O', 'O', 'O', 'O', 'O', 'O', 'O', 'O', 'O', 'O', 'O', 'O', 'O', 'O', 'O', 'O', 'O', 'O', 'O', 'O', 'O', 'O', 'O', 'O', 'O', 'O', 'O', 'O']","[0, 0, 0, 0, 0, 0, 0, 0, 0, 0, 0, 0, 0, 0, 0, 0, 0, 0, 0, 0, 0, 0, 0, 0, 0, 0, 0, 0, 0, 0, 0, 0, 0, 0, 0, 0, 0, 0, 0, 0, 0]",[]
Bathing in hot water can be dangerous.,['in hot water'],False,3,"The press secretary advised the scandal-plagued senator against making a full public confession to clear his name, arguing that this strategy often backfires and bathing in hot water can be dangerous.","['The', 'press', 'secretary', 'advised', 'the', 'scandal', '-', 'plagued', 'senator', 'against', 'making', 'a', 'full', 'public', 'confession', 'to', 'clear', 'his', 'name', ',', 'arguing', 'that', 'this', 'strategy', 'often', 'backfires', 'and', 'bathing', 'in', 'hot', 'water', 'can', 'be', 'dangerous', '.']","['O', 'O', 'O', 'O', 'O', 'O', 'O', 'O', 'O', 'O', 'O', 'O', 'O', 'O', 'O', 'O', 'O', 'O', 'O', 'O', 'O', 'O', 'O', 'O', 'O', 'O', 'O', 'O', 'O', 'O', 'O', 'O', 'O', 'O', 'O']","[0, 0, 0, 0, 0, 0, 0, 0, 0, 0, 0, 0, 0, 0, 0, 0, 0, 0, 0, 0, 0, 0, 0, 0, 0, 0, 0, 0, 0, 0, 0, 0, 0, 0, 0]",[]
Bathing in hot water can be dangerous.,['in hot water'],False,4,"The whistleblower's mentor warned him that seeking the limelight by exposing the company's fraud would put him in a perilous position with powerful people, noting that bathing in hot water can be dangerous.","['The', 'whistleblower', ""'"", 's', 'mentor', 'warned', 'him', 'that', 'seeking', 'the', 'limelight', 'by', 'exposing', 'the', 'company', ""'"", 's', 'fraud', 'would', 'put', 'him', 'in', 'a', 'perilous', 'position', 'with', 'powerful', 'people', ',', 'noting', 'that', 'bathing', 'in', 'hot', 'water', 'can', 'be', 'dangerous', '.']","['O', 'O', 'O', 'O', 'O', 'O', 'O', 'O', 'O', 'O', 'O', 'O', 'O', 'O', 'O', 'O', 'O', 'O', 'O', 'O', 'O', 'O', 'O', 'O', 'O', 'O', 'O', 'O', 'O', 'O', 'O', 'O', 'O', 'O', 'O', 'O', 'O', 'O', 'O']","[0, 0, 0, 0, 0, 0, 0, 0, 0, 0, 0, 0, 0, 0, 0, 0, 0, 0, 0, 0, 0, 0, 0, 0, 0, 0, 0, 0, 0, 0, 0, 0, 0, 0, 0, 0, 0, 0, 0]",[]
Bathing in hot water can be dangerous.,['in hot water'],False,5,"During the therapy session about coping with extreme workplace stress, the counselor noted that while seeking immediate comfort is tempting, relying on avoidance tactics is a bad habit because bathing in hot water can be dangerous.","['During', 'the', 'therapy', 'session', 'about', 'coping', 'with', 'extreme', 'workplace', 'stress', ',', 'the', 'counselor', 'noted', 'that', 'while', 'seeking', 'immediate', 'comfort', 'is', 'tempting', ',', 'relying', 'on', 'avoidance', 'tactics', 'is', 'a', 'bad', 'habit', 'because', 'bathing', 'in', 'hot', 'water', 'can', 'be', 'dangerous', '.']","['O', 'O', 'O', 'O', 'O', 'O', 'O', 'O', 'O', 'O', 'O', 'O', 'O', 'O', 'O', 'O', 'O', 'O', 'O', 'O', 'O', 'O', 'O', 'O', 'O', 'O', 'O', 'O', 'O', 'O', 'O', 'O', 'O', 'O', 'O', 'O', 'O', 'O', 'O']","[0, 0, 0, 0, 0, 0, 0, 0, 0, 0, 0, 0, 0, 0, 0, 0, 0, 0, 0, 0, 0, 0, 0, 0, 0, 0, 0, 0, 0, 0, 0, 0, 0, 0, 0, 0, 0, 0, 0]",[]
"This is not my cup of tea, it's yours, in fact I hate black tea.",['not my cup of tea'],False,1,"While trying to explain my feelings about the pretentious poetry reading we were attending, our host brought over some refreshments, this is not my cup of tea, it's yours, in fact I hate black tea.","['While', 'trying', 'to', 'explain', 'my', 'feelings', 'about', 'the', 'pretentious', 'poetry', 'reading', 'we', 'were', 'attending', ',', 'our', 'host', 'brought', 'over', 'some', 'refreshments', ',', 'this', 'is', 'not', 'my', 'cup', 'of', 'tea', ',', 'it', ""'"", 's', 'yours', ',', 'in', 'fact', 'I', 'hate', 'black', 'tea', '.']","['O', 'O', 'O', 'O', 'O', 'O', 'O', 'O', 'O', 'O', 'O', 'O', 'O', 'O', 'O', 'O', 'O', 'O', 'O', 'O', 'O', 'O', 'O', 'O', 'O', 'O', 'O', 'O', 'O', 'O', 'O', 'O', 'O', 'O', 'O', 'O', 'O', 'O', 'O', 'O', 'O', 'O']","[0, 0, 0, 0, 0, 0, 0, 0, 0, 0, 0, 0, 0, 0, 0, 0, 0, 0, 0, 0, 0, 0, 0, 0, 0, 0, 0, 0, 0, 0, 0, 0, 0, 0, 0, 0, 0, 0, 0, 0, 0, 0]",[]
"This is not my cup of tea, it's yours, in fact I hate black tea.",['not my cup of tea'],False,2,"After an hour of discussing the complex and frankly boring details of the new accounting software, I tried to express my lack of enthusiasm for the project, this is not my cup of tea, it's yours, in fact I hate black tea.","['After', 'an', 'hour', 'of', 'discussing', 'the', 'complex', 'and', 'frankly', 'boring', 'details', 'of', 'the', 'new', 'accounting', 'software', ',', 'I', 'tried', 'to', 'express', 'my', 'lack', 'of', 'enthusiasm', 'for', 'the', 'project', ',', 'this', 'is', 'not', 'my', 'cup', 'of', 'tea', ',', 'it', ""'"", 's', 'yours', ',', 'in', 'fact', 'I', 'hate', 'black', 'tea', '.']","['O', 'O', 'O', 'O', 'O', 'O', 'O', 'O', 'O', 'O', 'O', 'O', 'O', 'O', 'O', 'O', 'O', 'O', 'O', 'O', 'O', 'O', 'O', 'O', 'O', 'O', 'O', 'O', 'O', 'O', 'O', 'O', 'O', 'O', 'O', 'O', 'O', 'O', 'O', 'O', 'O', 'O', 'O', 'O', 'O', 'O', 'O', 'O', 'O']","[0, 0, 0, 0, 0, 0, 0, 0, 0, 0, 0, 0, 0, 0, 0, 0, 0, 0, 0, 0, 0, 0, 0, 0, 0, 0, 0, 0, 0, 0, 0, 0, 0, 0, 0, 0, 0, 0, 0, 0, 0, 0, 0, 0, 0, 0, 0, 0, 0]",[]
"This is not my cup of tea, it's yours, in fact I hate black tea.",['not my cup of tea'],False,3,"Surrounded by the loud music and flashing lights of the nightclub he loved, I shouted over the noise to explain why I wasn't having a good time, this is not my cup of tea, it's yours, in fact I hate black tea.","['Surrounded', 'by', 'the', 'loud', 'music', 'and', 'flashing', 'lights', 'of', 'the', 'nightclub', 'he', 'loved', ',', 'I', 'shouted', 'over', 'the', 'noise', 'to', 'explain', 'why', 'I', 'wasn', ""'"", 't', 'having', 'a', 'good', 'time', ',', 'this', 'is', 'not', 'my', 'cup', 'of', 'tea', ',', 'it', ""'"", 's', 'yours', ',', 'in', 'fact', 'I', 'hate', 'black', 'tea', '.']","['O', 'O', 'O', 'O', 'O', 'O', 'O', 'O', 'O', 'O', 'O', 'O', 'O', 'O', 'O', 'O', 'O', 'O', 'O', 'O', 'O', 'O', 'O', 'O', 'O', 'O', 'O', 'O', 'O', 'O', 'O', 'O', 'O', 'O', 'O', 'O', 'O', 'O', 'O', 'O', 'O', 'O', 'O', 'O', 'O', 'O', 'O', 'O', 'O', 'O', 'O']","[0, 0, 0, 0, 0, 0, 0, 0, 0, 0, 0, 0, 0, 0, 0, 0, 0, 0, 0, 0, 0, 0, 0, 0, 0, 0, 0, 0, 0, 0, 0, 0, 0, 0, 0, 0, 0, 0, 0, 0, 0, 0, 0, 0, 0, 0, 0, 0, 0, 0, 0]",[]
"This is not my cup of tea, it's yours, in fact I hate black tea.",['not my cup of tea'],False,4,"As my friend excitedly described the intricate rules of the fantasy board game he'd set up, I gestured at the entire table to convey my disinterest, this is not my cup of tea, it's yours, in fact I hate black tea.","['As', 'my', 'friend', 'excitedly', 'described', 'the', 'intricate', 'rules', 'of', 'the', 'fantasy', 'board', 'game', 'he', ""'"", 'd', 'set', 'up', ',', 'I', 'gestured', 'at', 'the', 'entire', 'table', 'to', 'convey', 'my', 'disinterest', ',', 'this', 'is', 'not', 'my', 'cup', 'of', 'tea', ',', 'it', ""'"", 's', 'yours', ',', 'in', 'fact', 'I', 'hate', 'black', 'tea', '.']","['O', 'O', 'O', 'O', 'O', 'O', 'O', 'O', 'O', 'O', 'O', 'O', 'O', 'O', 'O', 'O', 'O', 'O', 'O', 'O', 'O', 'O', 'O', 'O', 'O', 'O', 'O', 'O', 'O', 'O', 'O', 'O', 'O', 'O', 'O', 'O', 'O', 'O', 'O', 'O', 'O', 'O', 'O', 'O', 'O', 'O', 'O', 'O', 'O', 'O']","[0, 0, 0, 0, 0, 0, 0, 0, 0, 0, 0, 0, 0, 0, 0, 0, 0, 0, 0, 0, 0, 0, 0, 0, 0, 0, 0, 0, 0, 0, 0, 0, 0, 0, 0, 0, 0, 0, 0, 0, 0, 0, 0, 0, 0, 0, 0, 0, 0, 0]",[]
"This is not my cup of tea, it's yours, in fact I hate black tea.",['not my cup of tea'],False,5,"When my partner asked for my opinion on the garish, brightly-colored painting they just bought, I searched for a polite way to state my aesthetic objections, this is not my cup of tea, it's yours, in fact I hate black tea.","['When', 'my', 'partner', 'asked', 'for', 'my', 'opinion', 'on', 'the', 'garish', ',', 'brightly', '-', 'colored', 'painting', 'they', 'just', 'bought', ',', 'I', 'searched', 'for', 'a', 'polite', 'way', 'to', 'state', 'my', 'aesthetic', 'objections', ',', 'this', 'is', 'not', 'my', 'cup', 'of', 'tea', ',', 'it', ""'"", 's', 'yours', ',', 'in', 'fact', 'I', 'hate', 'black', 'tea', '.']","['O', 'O', 'O', 'O', 'O', 'O', 'O', 'O', 'O', 'O', 'O', 'O', 'O', 'O', 'O', 'O', 'O', 'O', 'O', 'O', 'O', 'O', 'O', 'O', 'O', 'O', 'O', 'O', 'O', 'O', 'O', 'O', 'O', 'O', 'O', 'O', 'O', 'O', 'O', 'O', 'O', 'O', 'O', 'O', 'O', 'O', 'O', 'O', 'O', 'O', 'O']","[0, 0, 0, 0, 0, 0, 0, 0, 0, 0, 0, 0, 0, 0, 0, 0, 0, 0, 0, 0, 0, 0, 0, 0, 0, 0, 0, 0, 0, 0, 0, 0, 0, 0, 0, 0, 0, 0, 0, 0, 0, 0, 0, 0, 0, 0, 0, 0, 0, 0, 0]",[]
The police will turn a blind eye once.,['turn a blind eye'],True,1,"During the demonstration of the new animatronic security guard, the manual explained that to reset its optical sensor after a power surge, the police will turn a blind eye once.","['During', 'the', 'demonstration', 'of', 'the', 'new', 'animatronic', 'security', 'guard', ',', 'the', 'manual', 'explained', 'that', 'to', 'reset', 'its', 'optical', 'sensor', 'after', 'a', 'power', 'surge', ',', 'the', 'police', 'will', 'turn', 'a', 'blind', 'eye', 'once', '.']","['O', 'O', 'O', 'O', 'O', 'O', 'O', 'O', 'O', 'O', 'O', 'O', 'O', 'O', 'O', 'O', 'O', 'O', 'O', 'O', 'O', 'O', 'O', 'O', 'O', 'O', 'O', 'B-IDIOM', 'I-IDIOM', 'I-IDIOM', 'I-IDIOM', 'O', 'O']","[0, 0, 0, 0, 0, 0, 0, 0, 0, 0, 0, 0, 0, 0, 0, 0, 0, 0, 0, 0, 0, 0, 0, 0, 0, 0, 0, 1, 2, 2, 2, 0, 0]",['turn a blind eye']
The police will turn a blind eye once.,['turn a blind eye'],True,2,"The junior officer was nervous about handling the department's antique mannequin, which was used for historical displays and had a damaged glass eye, but the curator assured him that for the annual cleaning protocol, the police will turn a blind eye once.","['The', 'junior', 'officer', 'was', 'nervous', 'about', 'handling', 'the', 'department', ""'"", 's', 'antique', 'mannequin', ',', 'which', 'was', 'used', 'for', 'historical', 'displays', 'and', 'had', 'a', 'damaged', 'glass', 'eye', ',', 'but', 'the', 'curator', 'assured', 'him', 'that', 'for', 'the', 'annual', 'cleaning', 'protocol', ',', 'the', 'police', 'will', 'turn', 'a', 'blind', 'eye', 'once', '.']","['O', 'O', 'O', 'O', 'O', 'O', 'O', 'O', 'O', 'O', 'O', 'O', 'O', 'O', 'O', 'O', 'O', 'O', 'O', 'O', 'O', 'O', 'O', 'O', 'O', 'O', 'O', 'O', 'O', 'O', 'O', 'O', 'O', 'O', 'O', 'O', 'O', 'O', 'O', 'O', 'O', 'O', 'B-IDIOM', 'I-IDIOM', 'I-IDIOM', 'I-IDIOM', 'O', 'O']","[0, 0, 0, 0, 0, 0, 0, 0, 0, 0, 0, 0, 0, 0, 0, 0, 0, 0, 0, 0, 0, 0, 0, 0, 0, 0, 0, 0, 0, 0, 0, 0, 0, 0, 0, 0, 0, 0, 0, 0, 0, 0, 1, 2, 2, 2, 0, 0]",['turn a blind eye']
The police will turn a blind eye once.,['turn a blind eye'],True,3,"In the strange, ritualistic board game played at the precinct's charity event, one of the most powerful moves involved sacrificing your own piece to bend the rules, and the game's official guide stated that after this move, the police will turn a blind eye once.","['In', 'the', 'strange', ',', 'ritualistic', 'board', 'game', 'played', 'at', 'the', 'precinct', ""'"", 's', 'charity', 'event', ',', 'one', 'of', 'the', 'most', 'powerful', 'moves', 'involved', 'sacrificing', 'your', 'own', 'piece', 'to', 'bend', 'the', 'rules', ',', 'and', 'the', 'game', ""'"", 's', 'official', 'guide', 'stated', 'that', 'after', 'this', 'move', ',', 'the', 'police', 'will', 'turn', 'a', 'blind', 'eye', 'once', '.']","['O', 'O', 'O', 'O', 'O', 'O', 'O', 'O', 'O', 'O', 'O', 'O', 'O', 'O', 'O', 'O', 'O', 'O', 'O', 'O', 'O', 'O', 'O', 'O', 'O', 'O', 'O', 'O', 'O', 'O', 'O', 'O', 'O', 'O', 'O', 'O', 'O', 'O', 'O', 'O', 'O', 'O', 'O', 'O', 'O', 'O', 'O', 'O', 'B-IDIOM', 'I-IDIOM', 'I-IDIOM', 'I-IDIOM', 'O', 'O']","[0, 0, 0, 0, 0, 0, 0, 0, 0, 0, 0, 0, 0, 0, 0, 0, 0, 0, 0, 0, 0, 0, 0, 0, 0, 0, 0, 0, 0, 0, 0, 0, 0, 0, 0, 0, 0, 0, 0, 0, 0, 0, 0, 0, 0, 0, 0, 0, 1, 2, 2, 2, 0, 0]",['turn a blind eye']
The police will turn a blind eye once.,['turn a blind eye'],True,4,"The key informant in the smuggling case was himself blind in one eye and known for his own minor infractions, but the chief inspector assured the team that to secure the larger conviction, the police will turn a blind eye once.","['The', 'key', 'informant', 'in', 'the', 'smuggling', 'case', 'was', 'himself', 'blind', 'in', 'one', 'eye', 'and', 'known', 'for', 'his', 'own', 'minor', 'infractions', ',', 'but', 'the', 'chief', 'inspector', 'assured', 'the', 'team', 'that', 'to', 'secure', 'the', 'larger', 'conviction', ',', 'the', 'police', 'will', 'turn', 'a', 'blind', 'eye', 'once', '.']","['O', 'O', 'O', 'O', 'O', 'O', 'O', 'O', 'O', 'O', 'O', 'O', 'O', 'O', 'O', 'O', 'O', 'O', 'O', 'O', 'O', 'O', 'O', 'O', 'O', 'O', 'O', 'O', 'O', 'O', 'O', 'O', 'O', 'O', 'O', 'O', 'O', 'O', 'B-IDIOM', 'I-IDIOM', 'I-IDIOM', 'I-IDIOM', 'O', 'O']","[0, 0, 0, 0, 0, 0, 0, 0, 0, 0, 0, 0, 0, 0, 0, 0, 0, 0, 0, 0, 0, 0, 0, 0, 0, 0, 0, 0, 0, 0, 0, 0, 0, 0, 0, 0, 0, 0, 1, 2, 2, 2, 0, 0]",['turn a blind eye']
The police will turn a blind eye once.,['turn a blind eye'],True,5,"After installing the new surveillance camera, nicknamed 'The Blind Eye' because its lens couldn't pan left, the technician gave the security chief the final instruction for initializing the system, confirming that to complete the boot-up sequence, the police will turn a blind eye once.","['After', 'installing', 'the', 'new', 'surveillance', 'camera', ',', 'nicknamed', ""'"", 'The', 'Blind', 'Eye', ""'"", 'because', 'its', 'lens', 'couldn', ""'"", 't', 'pan', 'left', ',', 'the', 'technician', 'gave', 'the', 'security', 'chief', 'the', 'final', 'instruction', 'for', 'initializing', 'the', 'system', ',', 'confirming', 'that', 'to', 'complete', 'the', 'boot', '-', 'up', 'sequence', ',', 'the', 'police', 'will', 'turn', 'a', 'blind', 'eye', 'once', '.']","['O', 'O', 'O', 'O', 'O', 'O', 'O', 'O', 'O', 'O', 'O', 'O', 'O', 'O', 'O', 'O', 'O', 'O', 'O', 'O', 'O', 'O', 'O', 'O', 'O', 'O', 'O', 'O', 'O', 'O', 'O', 'O', 'O', 'O', 'O', 'O', 'O', 'O', 'O', 'O', 'O', 'O', 'O', 'O', 'O', 'O', 'O', 'O', 'O', 'B-IDIOM', 'I-IDIOM', 'I-IDIOM', 'I-IDIOM', 'O', 'O']","[0, 0, 0, 0, 0, 0, 0, 0, 0, 0, 0, 0, 0, 0, 0, 0, 0, 0, 0, 0, 0, 0, 0, 0, 0, 0, 0, 0, 0, 0, 0, 0, 0, 0, 0, 0, 0, 0, 0, 0, 0, 0, 0, 0, 0, 0, 0, 0, 0, 1, 2, 2, 2, 0, 0]",['turn a blind eye']
"Come on, spill the beans now, I wanna know!",['spill the beans'],True,1,"The new intern was about to drop the entire bag of rare coffee beans she was carrying while also looking like she had some explosive industry gossip, so her manager urged her with a mix of panic and curiosity, come on, spill the beans now, I wanna know!","['The', 'new', 'intern', 'was', 'about', 'to', 'drop', 'the', 'entire', 'bag', 'of', 'rare', 'coffee', 'beans', 'she', 'was', 'carrying', 'while', 'also', 'looking', 'like', 'she', 'had', 'some', 'explosive', 'industry', 'gossip', ',', 'so', 'her', 'manager', 'urged', 'her', 'with', 'a', 'mix', 'of', 'panic', 'and', 'curiosity', ',', 'come', 'on', ',', 'spill', 'the', 'beans', 'now', ',', 'I', 'wanna', 'know', '!']","['O', 'O', 'O', 'O', 'O', 'O', 'O', 'O', 'O', 'O', 'O', 'O', 'O', 'O', 'O', 'O', 'O', 'O', 'O', 'O', 'O', 'O', 'O', 'O', 'O', 'O', 'O', 'O', 'O', 'O', 'O', 'O', 'O', 'O', 'O', 'O', 'O', 'O', 'O', 'O', 'O', 'O', 'O', 'O', 'B-IDIOM', 'I-IDIOM', 'I-IDIOM', 'O', 'O', 'O', 'O', 'O', 'O']","[0, 0, 0, 0, 0, 0, 0, 0, 0, 0, 0, 0, 0, 0, 0, 0, 0, 0, 0, 0, 0, 0, 0, 0, 0, 0, 0, 0, 0, 0, 0, 0, 0, 0, 0, 0, 0, 0, 0, 0, 0, 0, 0, 0, 1, 2, 2, 0, 0, 0, 0, 0, 0]",['spill the beans']
"Come on, spill the beans now, I wanna know!",['spill the beans'],True,2,"During the final round of the game show, the contestant had to pour out a jar of jelly beans as a timer while also revealing the answer to the secret puzzle, but his hesitation was infuriating the host, come on, spill the beans now, I wanna know!","['During', 'the', 'final', 'round', 'of', 'the', 'game', 'show', ',', 'the', 'contestant', 'had', 'to', 'pour', 'out', 'a', 'jar', 'of', 'jelly', 'beans', 'as', 'a', 'timer', 'while', 'also', 'revealing', 'the', 'answer', 'to', 'the', 'secret', 'puzzle', ',', 'but', 'his', 'hesitation', 'was', 'infuriating', 'the', 'host', ',', 'come', 'on', ',', 'spill', 'the', 'beans', 'now', ',', 'I', 'wanna', 'know', '!']","['O', 'O', 'O', 'O', 'O', 'O', 'O', 'O', 'O', 'O', 'O', 'O', 'O', 'O', 'O', 'O', 'O', 'O', 'O', 'O', 'O', 'O', 'O', 'O', 'O', 'O', 'O', 'O', 'O', 'O', 'O', 'O', 'O', 'O', 'O', 'O', 'O', 'O', 'O', 'O', 'O', 'O', 'O', 'O', 'B-IDIOM', 'I-IDIOM', 'I-IDIOM', 'O', 'O', 'O', 'O', 'O', 'O']","[0, 0, 0, 0, 0, 0, 0, 0, 0, 0, 0, 0, 0, 0, 0, 0, 0, 0, 0, 0, 0, 0, 0, 0, 0, 0, 0, 0, 0, 0, 0, 0, 0, 0, 0, 0, 0, 0, 0, 0, 0, 0, 0, 0, 1, 2, 2, 0, 0, 0, 0, 0, 0]",['spill the beans']
"Come on, spill the beans now, I wanna know!",['spill the beans'],True,3,"My clumsy brother was fumbling with a can of chili beans directly over the new white carpet and simultaneously refusing to tell me who he invited to my surprise party, so I finally snapped, come on, spill the beans now, I wanna know!","['My', 'clumsy', 'brother', 'was', 'fumbling', 'with', 'a', 'can', 'of', 'chili', 'beans', 'directly', 'over', 'the', 'new', 'white', 'carpet', 'and', 'simultaneously', 'refusing', 'to', 'tell', 'me', 'who', 'he', 'invited', 'to', 'my', 'surprise', 'party', ',', 'so', 'I', 'finally', 'snapped', ',', 'come', 'on', ',', 'spill', 'the', 'beans', 'now', ',', 'I', 'wanna', 'know', '!']","['O', 'O', 'O', 'O', 'O', 'O', 'O', 'O', 'O', 'O', 'O', 'O', 'O', 'O', 'O', 'O', 'O', 'O', 'O', 'O', 'O', 'O', 'O', 'O', 'O', 'O', 'O', 'O', 'O', 'O', 'O', 'O', 'O', 'O', 'O', 'O', 'O', 'O', 'O', 'B-IDIOM', 'I-IDIOM', 'I-IDIOM', 'O', 'O', 'O', 'O', 'O', 'O']","[0, 0, 0, 0, 0, 0, 0, 0, 0, 0, 0, 0, 0, 0, 0, 0, 0, 0, 0, 0, 0, 0, 0, 0, 0, 0, 0, 0, 0, 0, 0, 0, 0, 0, 0, 0, 0, 0, 0, 1, 2, 2, 0, 0, 0, 0, 0, 0]",['spill the beans']
"Come on, spill the beans now, I wanna know!",['spill the beans'],True,4,"In the chaotic final seconds of the chili cook-off, the lead chef was holding the kidney beans over the pot but hadn't added them yet, and he also hadn't revealed his secret ingredient as promised to the judges, so one yelled, come on, spill the beans now, I wanna know!","['In', 'the', 'chaotic', 'final', 'seconds', 'of', 'the', 'chili', 'cook', '-', 'off', ',', 'the', 'lead', 'chef', 'was', 'holding', 'the', 'kidney', 'beans', 'over', 'the', 'pot', 'but', 'hadn', ""'"", 't', 'added', 'them', 'yet', ',', 'and', 'he', 'also', 'hadn', ""'"", 't', 'revealed', 'his', 'secret', 'ingredient', 'as', 'promised', 'to', 'the', 'judges', ',', 'so', 'one', 'yelled', ',', 'come', 'on', ',', 'spill', 'the', 'beans', 'now', ',', 'I', 'wanna', 'know', '!']","['O', 'O', 'O', 'O', 'O', 'O', 'O', 'O', 'O', 'O', 'O', 'O', 'O', 'O', 'O', 'O', 'O', 'O', 'O', 'O', 'O', 'O', 'O', 'O', 'O', 'O', 'O', 'O', 'O', 'O', 'O', 'O', 'O', 'O', 'O', 'O', 'O', 'O', 'O', 'O', 'O', 'O', 'O', 'O', 'O', 'O', 'O', 'O', 'O', 'O', 'O', 'O', 'O', 'O', 'B-IDIOM', 'I-IDIOM', 'I-IDIOM', 'O', 'O', 'O', 'O', 'O', 'O']","[0, 0, 0, 0, 0, 0, 0, 0, 0, 0, 0, 0, 0, 0, 0, 0, 0, 0, 0, 0, 0, 0, 0, 0, 0, 0, 0, 0, 0, 0, 0, 0, 0, 0, 0, 0, 0, 0, 0, 0, 0, 0, 0, 0, 0, 0, 0, 0, 0, 0, 0, 0, 0, 0, 1, 2, 2, 0, 0, 0, 0, 0, 0]",['spill the beans']
"Come on, spill the beans now, I wanna know!",['spill the beans'],True,5,"The amateur magician's trick involved making a secret object appear from a container of beans, but he was taking forever and also seemed to be hiding the real reason the show started late, prompting an impatient audience member to shout, come on, spill the beans now, I wanna know!","['The', 'amateur', 'magician', ""'"", 's', 'trick', 'involved', 'making', 'a', 'secret', 'object', 'appear', 'from', 'a', 'container', 'of', 'beans', ',', 'but', 'he', 'was', 'taking', 'forever', 'and', 'also', 'seemed', 'to', 'be', 'hiding', 'the', 'real', 'reason', 'the', 'show', 'started', 'late', ',', 'prompting', 'an', 'impatient', 'audience', 'member', 'to', 'shout', ',', 'come', 'on', ',', 'spill', 'the', 'beans', 'now', ',', 'I', 'wanna', 'know', '!']","['O', 'O', 'O', 'O', 'O', 'O', 'O', 'O', 'O', 'O', 'O', 'O', 'O', 'O', 'O', 'O', 'O', 'O', 'O', 'O', 'O', 'O', 'O', 'O', 'O', 'O', 'O', 'O', 'O', 'O', 'O', 'O', 'O', 'O', 'O', 'O', 'O', 'O', 'O', 'O', 'O', 'O', 'O', 'O', 'O', 'O', 'O', 'O', 'B-IDIOM', 'I-IDIOM', 'I-IDIOM', 'O', 'O', 'O', 'O', 'O', 'O']","[0, 0, 0, 0, 0, 0, 0, 0, 0, 0, 0, 0, 0, 0, 0, 0, 0, 0, 0, 0, 0, 0, 0, 0, 0, 0, 0, 0, 0, 0, 0, 0, 0, 0, 0, 0, 0, 0, 0, 0, 0, 0, 0, 0, 0, 0, 0, 0, 1, 2, 2, 0, 0, 0, 0, 0, 0]",['spill the beans']
"After passing the exam, I was on cloud nine.",['on cloud nine'],True,1,"In the advanced virtual reality certification program where each level was a simulated atmospheric layer, the exclusive, top-tier developer sandbox was a server nicknamed Cloud Nine, so after passing the exam, I was on cloud nine.","['In', 'the', 'advanced', 'virtual', 'reality', 'certification', 'program', 'where', 'each', 'level', 'was', 'a', 'simulated', 'atmospheric', 'layer', ',', 'the', 'exclusive', ',', 'top', '-', 'tier', 'developer', 'sandbox', 'was', 'a', 'server', 'nicknamed', 'Cloud', 'Nine', ',', 'so', 'after', 'passing', 'the', 'exam', ',', 'I', 'was', 'on', 'cloud', 'nine', '.']","['O', 'O', 'O', 'O', 'O', 'O', 'O', 'O', 'O', 'O', 'O', 'O', 'O', 'O', 'O', 'O', 'O', 'O', 'O', 'O', 'O', 'O', 'O', 'O', 'O', 'O', 'O', 'O', 'O', 'O', 'O', 'O', 'O', 'O', 'O', 'O', 'O', 'O', 'O', 'B-IDIOM', 'I-IDIOM', 'I-IDIOM', 'O']","[0, 0, 0, 0, 0, 0, 0, 0, 0, 0, 0, 0, 0, 0, 0, 0, 0, 0, 0, 0, 0, 0, 0, 0, 0, 0, 0, 0, 0, 0, 0, 0, 0, 0, 0, 0, 0, 0, 0, 1, 2, 2, 0]",['on cloud nine']
"After passing the exam, I was on cloud nine.",['on cloud nine'],True,2,"As a test subject for a new experimental mood-enhancing drug codenamed 'C9', the final stage of the trial involved a cognitive assessment to measure side effects, so after passing the exam, I was on cloud nine.","['As', 'a', 'test', 'subject', 'for', 'a', 'new', 'experimental', 'mood', '-', 'enhancing', 'drug', 'codenamed', ""'"", 'C9', ""'"", ',', 'the', 'final', 'stage', 'of', 'the', 'trial', 'involved', 'a', 'cognitive', 'assessment', 'to', 'measure', 'side', 'effects', ',', 'so', 'after', 'passing', 'the', 'exam', ',', 'I', 'was', 'on', 'cloud', 'nine', '.']","['O', 'O', 'O', 'O', 'O', 'O', 'O', 'O', 'O', 'O', 'O', 'O', 'O', 'O', 'O', 'O', 'O', 'O', 'O', 'O', 'O', 'O', 'O', 'O', 'O', 'O', 'O', 'O', 'O', 'O', 'O', 'O', 'O', 'O', 'O', 'O', 'O', 'O', 'O', 'O', 'B-IDIOM', 'I-IDIOM', 'I-IDIOM', 'O']","[0, 0, 0, 0, 0, 0, 0, 0, 0, 0, 0, 0, 0, 0, 0, 0, 0, 0, 0, 0, 0, 0, 0, 0, 0, 0, 0, 0, 0, 0, 0, 0, 0, 0, 0, 0, 0, 0, 0, 0, 1, 2, 2, 0]",['on cloud nine']
"After passing the exam, I was on cloud nine.",['on cloud nine'],True,3,"The meteorology institute's headquarters was a high-tech building where each floor was named after a different type of atmospheric phenomenon, and the restricted-access research library was located on the top floor, simply called Cloud Nine, so after passing the exam, I was on cloud nine.","['The', 'meteorology', 'institute', ""'"", 's', 'headquarters', 'was', 'a', 'high', '-', 'tech', 'building', 'where', 'each', 'floor', 'was', 'named', 'after', 'a', 'different', 'type', 'of', 'atmospheric', 'phenomenon', ',', 'and', 'the', 'restricted', '-', 'access', 'research', 'library', 'was', 'located', 'on', 'the', 'top', 'floor', ',', 'simply', 'called', 'Cloud', 'Nine', ',', 'so', 'after', 'passing', 'the', 'exam', ',', 'I', 'was', 'on', 'cloud', 'nine', '.']","['O', 'O', 'O', 'O', 'O', 'O', 'O', 'O', 'O', 'O', 'O', 'O', 'O', 'O', 'O', 'O', 'O', 'O', 'O', 'O', 'O', 'O', 'O', 'O', 'O', 'O', 'O', 'O', 'O', 'O', 'O', 'O', 'O', 'O', 'O', 'O', 'O', 'O', 'O', 'O', 'O', 'O', 'O', 'O', 'O', 'O', 'O', 'O', 'O', 'O', 'O', 'O', 'B-IDIOM', 'I-IDIOM', 'I-IDIOM', 'O']","[0, 0, 0, 0, 0, 0, 0, 0, 0, 0, 0, 0, 0, 0, 0, 0, 0, 0, 0, 0, 0, 0, 0, 0, 0, 0, 0, 0, 0, 0, 0, 0, 0, 0, 0, 0, 0, 0, 0, 0, 0, 0, 0, 0, 0, 0, 0, 0, 0, 0, 0, 0, 1, 2, 2, 0]",['on cloud nine']
"After passing the exam, I was on cloud nine.",['on cloud nine'],True,4,"For my final flight simulation test, the most difficult objective was to navigate a complex, storm-like data anomaly designated 'Cloud Nine' in the system, so after passing the exam, I was on cloud nine.","['For', 'my', 'final', 'flight', 'simulation', 'test', ',', 'the', 'most', 'difficult', 'objective', 'was', 'to', 'navigate', 'a', 'complex', ',', 'storm', '-', 'like', 'data', 'anomaly', 'designated', ""'"", 'Cloud', 'Nine', ""'"", 'in', 'the', 'system', ',', 'so', 'after', 'passing', 'the', 'exam', ',', 'I', 'was', 'on', 'cloud', 'nine', '.']","['O', 'O', 'O', 'O', 'O', 'O', 'O', 'O', 'O', 'O', 'O', 'O', 'O', 'O', 'O', 'O', 'O', 'O', 'O', 'O', 'O', 'O', 'O', 'O', 'O', 'O', 'O', 'O', 'O', 'O', 'O', 'O', 'O', 'O', 'O', 'O', 'O', 'O', 'O', 'B-IDIOM', 'I-IDIOM', 'I-IDIOM', 'O']","[0, 0, 0, 0, 0, 0, 0, 0, 0, 0, 0, 0, 0, 0, 0, 0, 0, 0, 0, 0, 0, 0, 0, 0, 0, 0, 0, 0, 0, 0, 0, 0, 0, 0, 0, 0, 0, 0, 0, 1, 2, 2, 0]",['on cloud nine']
"After passing the exam, I was on cloud nine.",['on cloud nine'],True,5,"My final project in the digital arts program involved designing a level for a video game, and the ethereal, sky-based world I built for my assessment was the ninth in the series, titled 'Cloud Nine', so after passing the exam, I was on cloud nine.","['My', 'final', 'project', 'in', 'the', 'digital', 'arts', 'program', 'involved', 'designing', 'a', 'level', 'for', 'a', 'video', 'game', ',', 'and', 'the', 'ethereal', ',', 'sky', '-', 'based', 'world', 'I', 'built', 'for', 'my', 'assessment', 'was', 'the', 'ninth', 'in', 'the', 'series', ',', 'titled', ""'"", 'Cloud', 'Nine', ""'"", ',', 'so', 'after', 'passing', 'the', 'exam', ',', 'I', 'was', 'on', 'cloud', 'nine', '.']","['O', 'O', 'O', 'O', 'O', 'O', 'O', 'O', 'O', 'O', 'O', 'O', 'O', 'O', 'O', 'O', 'O', 'O', 'O', 'O', 'O', 'O', 'O', 'O', 'O', 'O', 'O', 'O', 'O', 'O', 'O', 'O', 'O', 'O', 'O', 'O', 'O', 'O', 'O', 'O', 'O', 'O', 'O', 'O', 'O', 'O', 'O', 'O', 'O', 'O', 'O', 'B-IDIOM', 'I-IDIOM', 'I-IDIOM', 'O']","[0, 0, 0, 0, 0, 0, 0, 0, 0, 0, 0, 0, 0, 0, 0, 0, 0, 0, 0, 0, 0, 0, 0, 0, 0, 0, 0, 0, 0, 0, 0, 0, 0, 0, 0, 0, 0, 0, 0, 0, 0, 0, 0, 0, 0, 0, 0, 0, 0, 0, 0, 1, 2, 2, 0]",['on cloud nine']
"After meeting him, she was walking on air.",['walking on air'],True,1,"At the new circus, she was practicing her routine on a transparent high wire suspended over the main floor, which created an incredible illusion for the audience below; after meeting him, she was walking on air.","['At', 'the', 'new', 'circus', ',', 'she', 'was', 'practicing', 'her', 'routine', 'on', 'a', 'transparent', 'high', 'wire', 'suspended', 'over', 'the', 'main', 'floor', ',', 'which', 'created', 'an', 'incredible', 'illusion', 'for', 'the', 'audience', 'below', ';', 'after', 'meeting', 'him', ',', 'she', 'was', 'walking', 'on', 'air', '.']","['O', 'O', 'O', 'O', 'O', 'O', 'O', 'O', 'O', 'O', 'O', 'O', 'O', 'O', 'O', 'O', 'O', 'O', 'O', 'O', 'O', 'O', 'O', 'O', 'O', 'O', 'O', 'O', 'O', 'O', 'O', 'O', 'O', 'O', 'O', 'O', 'O', 'B-IDIOM', 'I-IDIOM', 'I-IDIOM', 'O']","[0, 0, 0, 0, 0, 0, 0, 0, 0, 0, 0, 0, 0, 0, 0, 0, 0, 0, 0, 0, 0, 0, 0, 0, 0, 0, 0, 0, 0, 0, 0, 0, 0, 0, 0, 0, 0, 1, 2, 2, 0]",['walking on air']
"After meeting him, she was walking on air.",['walking on air'],True,2,"The zero-gravity simulation was disorienting but exhilarating, and the lead engineer overseeing her flight training was both brilliant and handsome; after meeting him, she was walking on air.","['The', 'zero', '-', 'gravity', 'simulation', 'was', 'disorienting', 'but', 'exhilarating', ',', 'and', 'the', 'lead', 'engineer', 'overseeing', 'her', 'flight', 'training', 'was', 'both', 'brilliant', 'and', 'handsome', ';', 'after', 'meeting', 'him', ',', 'she', 'was', 'walking', 'on', 'air', '.']","['O', 'O', 'O', 'O', 'O', 'O', 'O', 'O', 'O', 'O', 'O', 'O', 'O', 'O', 'O', 'O', 'O', 'O', 'O', 'O', 'O', 'O', 'O', 'O', 'O', 'O', 'O', 'O', 'O', 'O', 'B-IDIOM', 'I-IDIOM', 'I-IDIOM', 'O']","[0, 0, 0, 0, 0, 0, 0, 0, 0, 0, 0, 0, 0, 0, 0, 0, 0, 0, 0, 0, 0, 0, 0, 0, 0, 0, 0, 0, 0, 0, 1, 2, 2, 0]",['walking on air']
"After meeting him, she was walking on air.",['walking on air'],True,3,"The theme park's newest attraction was an immersive suspension bridge with a floor of billowing white fabric called 'Walking on Air', and she had just been introduced to its charismatic designer; after meeting him, she was walking on air.","['The', 'theme', 'park', ""'"", 's', 'newest', 'attraction', 'was', 'an', 'immersive', 'suspension', 'bridge', 'with', 'a', 'floor', 'of', 'billowing', 'white', 'fabric', 'called', ""'"", 'Walking', 'on', 'Air', ""'"", ',', 'and', 'she', 'had', 'just', 'been', 'introduced', 'to', 'its', 'charismatic', 'designer', ';', 'after', 'meeting', 'him', ',', 'she', 'was', 'walking', 'on', 'air', '.']","['O', 'O', 'O', 'O', 'O', 'O', 'O', 'O', 'O', 'O', 'O', 'O', 'O', 'O', 'O', 'O', 'O', 'O', 'O', 'O', 'O', 'B-IDIOM', 'I-IDIOM', 'I-IDIOM', 'O', 'O', 'O', 'O', 'O', 'O', 'O', 'O', 'O', 'O', 'O', 'O', 'O', 'O', 'O', 'O', 'O', 'O', 'O', 'O', 'O', 'O', 'O']","[0, 0, 0, 0, 0, 0, 0, 0, 0, 0, 0, 0, 0, 0, 0, 0, 0, 0, 0, 0, 0, 1, 2, 2, 0, 0, 0, 0, 0, 0, 0, 0, 0, 0, 0, 0, 0, 0, 0, 0, 0, 0, 0, 0, 0, 0, 0]",['walking on air']
"After meeting him, she was walking on air.",['walking on air'],True,4,"During the tech demo for the new augmented reality glasses that projected a solid-looking pathway over any open space, she was completely captivated by the project lead; after meeting him, she was walking on air.","['During', 'the', 'tech', 'demo', 'for', 'the', 'new', 'augmented', 'reality', 'glasses', 'that', 'projected', 'a', 'solid', '-', 'looking', 'pathway', 'over', 'any', 'open', 'space', ',', 'she', 'was', 'completely', 'captivated', 'by', 'the', 'project', 'lead', ';', 'after', 'meeting', 'him', ',', 'she', 'was', 'walking', 'on', 'air', '.']","['O', 'O', 'O', 'O', 'O', 'O', 'O', 'O', 'O', 'O', 'O', 'O', 'O', 'O', 'O', 'O', 'O', 'O', 'O', 'O', 'O', 'O', 'O', 'O', 'O', 'O', 'O', 'O', 'O', 'O', 'O', 'O', 'O', 'O', 'O', 'O', 'O', 'B-IDIOM', 'I-IDIOM', 'I-IDIOM', 'O']","[0, 0, 0, 0, 0, 0, 0, 0, 0, 0, 0, 0, 0, 0, 0, 0, 0, 0, 0, 0, 0, 0, 0, 0, 0, 0, 0, 0, 0, 0, 0, 0, 0, 0, 0, 0, 0, 1, 2, 2, 0]",['walking on air']
"After meeting him, she was walking on air.",['walking on air'],True,5,"The avant-garde art installation consisted of a powerful series of upward-facing industrial fans that could suspend a person a few inches off the gallery floor, and she found the artist just as breathtaking as his work; after meeting him, she was walking on air.","['The', 'avant', '-', 'garde', 'art', 'installation', 'consisted', 'of', 'a', 'powerful', 'series', 'of', 'upward', '-', 'facing', 'industrial', 'fans', 'that', 'could', 'suspend', 'a', 'person', 'a', 'few', 'inches', 'off', 'the', 'gallery', 'floor', ',', 'and', 'she', 'found', 'the', 'artist', 'just', 'as', 'breathtaking', 'as', 'his', 'work', ';', 'after', 'meeting', 'him', ',', 'she', 'was', 'walking', 'on', 'air', '.']","['O', 'O', 'O', 'O', 'O', 'O', 'O', 'O', 'O', 'O', 'O', 'O', 'O', 'O', 'O', 'O', 'O', 'O', 'O', 'O', 'O', 'O', 'O', 'O', 'O', 'O', 'O', 'O', 'O', 'O', 'O', 'O', 'O', 'O', 'O', 'O', 'O', 'O', 'O', 'O', 'O', 'O', 'O', 'O', 'O', 'O', 'O', 'O', 'B-IDIOM', 'I-IDIOM', 'I-IDIOM', 'O']","[0, 0, 0, 0, 0, 0, 0, 0, 0, 0, 0, 0, 0, 0, 0, 0, 0, 0, 0, 0, 0, 0, 0, 0, 0, 0, 0, 0, 0, 0, 0, 0, 0, 0, 0, 0, 0, 0, 0, 0, 0, 0, 0, 0, 0, 0, 0, 0, 1, 2, 2, 0]",['walking on air']
They asked me if we can go dutch.,['go dutch'],True,1,"While looking over the European travel itinerary that already included stops in France and Belgium, we started discussing where to go next, and they asked me if we can go dutch.","['While', 'looking', 'over', 'the', 'European', 'travel', 'itinerary', 'that', 'already', 'included', 'stops', 'in', 'France', 'and', 'Belgium', ',', 'we', 'started', 'discussing', 'where', 'to', 'go', 'next', ',', 'and', 'they', 'asked', 'me', 'if', 'we', 'can', 'go', 'dutch', '.']","['O', 'O', 'O', 'O', 'O', 'O', 'O', 'O', 'O', 'O', 'O', 'O', 'O', 'O', 'O', 'O', 'O', 'O', 'O', 'O', 'O', 'O', 'O', 'O', 'O', 'O', 'O', 'O', 'O', 'O', 'O', 'B-IDIOM', 'I-IDIOM', 'O']","[0, 0, 0, 0, 0, 0, 0, 0, 0, 0, 0, 0, 0, 0, 0, 0, 0, 0, 0, 0, 0, 0, 0, 0, 0, 0, 0, 0, 0, 0, 0, 1, 2, 0]",['go dutch']
They asked me if we can go dutch.,['go dutch'],True,2,"At the international food festival, we had just finished a large shared platter of Spanish tapas and were wondering which cultural booth to visit next when they asked me if we can go dutch.","['At', 'the', 'international', 'food', 'festival', ',', 'we', 'had', 'just', 'finished', 'a', 'large', 'shared', 'platter', 'of', 'Spanish', 'tapas', 'and', 'were', 'wondering', 'which', 'cultural', 'booth', 'to', 'visit', 'next', 'when', 'they', 'asked', 'me', 'if', 'we', 'can', 'go', 'dutch', '.']","['O', 'O', 'O', 'O', 'O', 'O', 'O', 'O', 'O', 'O', 'O', 'O', 'O', 'O', 'O', 'O', 'O', 'O', 'O', 'O', 'O', 'O', 'O', 'O', 'O', 'O', 'O', 'O', 'O', 'O', 'O', 'O', 'O', 'B-IDIOM', 'I-IDIOM', 'O']","[0, 0, 0, 0, 0, 0, 0, 0, 0, 0, 0, 0, 0, 0, 0, 0, 0, 0, 0, 0, 0, 0, 0, 0, 0, 0, 0, 0, 0, 0, 0, 0, 0, 1, 2, 0]",['go dutch']
They asked me if we can go dutch.,['go dutch'],True,3,"During our art history class discussion at the museum, we had to choose between analyzing the Italian Renaissance wing or the gallery featuring Rembrandt and Vermeer, so they asked me if we can go dutch.","['During', 'our', 'art', 'history', 'class', 'discussion', 'at', 'the', 'museum', ',', 'we', 'had', 'to', 'choose', 'between', 'analyzing', 'the', 'Italian', 'Renaissance', 'wing', 'or', 'the', 'gallery', 'featuring', 'Rembrandt', 'and', 'Vermeer', ',', 'so', 'they', 'asked', 'me', 'if', 'we', 'can', 'go', 'dutch', '.']","['O', 'O', 'O', 'O', 'O', 'O', 'O', 'O', 'O', 'O', 'O', 'O', 'O', 'O', 'O', 'O', 'O', 'O', 'O', 'O', 'O', 'O', 'O', 'O', 'O', 'O', 'O', 'O', 'O', 'O', 'O', 'O', 'O', 'O', 'O', 'B-IDIOM', 'I-IDIOM', 'O']","[0, 0, 0, 0, 0, 0, 0, 0, 0, 0, 0, 0, 0, 0, 0, 0, 0, 0, 0, 0, 0, 0, 0, 0, 0, 0, 0, 0, 0, 0, 0, 0, 0, 0, 0, 1, 2, 0]",['go dutch']
They asked me if we can go dutch.,['go dutch'],True,4,"Our entire conversation at the expensive restaurant revolved around our upcoming business trip to Amsterdam and how we would manage our per diem, then they asked me if we can go dutch.","['Our', 'entire', 'conversation', 'at', 'the', 'expensive', 'restaurant', 'revolved', 'around', 'our', 'upcoming', 'business', 'trip', 'to', 'Amsterdam', 'and', 'how', 'we', 'would', 'manage', 'our', 'per', 'diem', ',', 'then', 'they', 'asked', 'me', 'if', 'we', 'can', 'go', 'dutch', '.']","['O', 'O', 'O', 'O', 'O', 'O', 'O', 'O', 'O', 'O', 'O', 'O', 'O', 'O', 'O', 'O', 'O', 'O', 'O', 'O', 'O', 'O', 'O', 'O', 'O', 'O', 'O', 'O', 'O', 'O', 'O', 'B-IDIOM', 'I-IDIOM', 'O']","[0, 0, 0, 0, 0, 0, 0, 0, 0, 0, 0, 0, 0, 0, 0, 0, 0, 0, 0, 0, 0, 0, 0, 0, 0, 0, 0, 0, 0, 0, 0, 1, 2, 0]",['go dutch']
They asked me if we can go dutch.,['go dutch'],True,5,"As language exchange partners planning our next meeting, we considered practicing my French or their German for an hour, but seeing the new Netherlands cultural center had opened, they asked me if we can go dutch.","['As', 'language', 'exchange', 'partners', 'planning', 'our', 'next', 'meeting', ',', 'we', 'considered', 'practicing', 'my', 'French', 'or', 'their', 'German', 'for', 'an', 'hour', ',', 'but', 'seeing', 'the', 'new', 'Netherlands', 'cultural', 'center', 'had', 'opened', ',', 'they', 'asked', 'me', 'if', 'we', 'can', 'go', 'dutch', '.']","['O', 'O', 'O', 'O', 'O', 'O', 'O', 'O', 'O', 'O', 'O', 'O', 'O', 'O', 'O', 'O', 'O', 'O', 'O', 'O', 'O', 'O', 'O', 'O', 'O', 'O', 'O', 'O', 'O', 'O', 'O', 'O', 'O', 'O', 'O', 'O', 'O', 'B-IDIOM', 'I-IDIOM', 'O']","[0, 0, 0, 0, 0, 0, 0, 0, 0, 0, 0, 0, 0, 0, 0, 0, 0, 0, 0, 0, 0, 0, 0, 0, 0, 0, 0, 0, 0, 0, 0, 0, 0, 0, 0, 0, 0, 1, 2, 0]",['go dutch']
I really got a kick out of that clown's juggling act.,['got a kick out of'],True,1,"During the chaotic audience participation segment where the performer was trying to juggle bowling pins while riding a unicycle, I really got a kick out of that clown's juggling act.","['During', 'the', 'chaotic', 'audience', 'participation', 'segment', 'where', 'the', 'performer', 'was', 'trying', 'to', 'juggle', 'bowling', 'pins', 'while', 'riding', 'a', 'unicycle', ',', 'I', 'really', 'got', 'a', 'kick', 'out', 'of', 'that', 'clown', ""'"", 's', 'juggling', 'act', '.']","['O', 'O', 'O', 'O', 'O', 'O', 'O', 'O', 'O', 'O', 'O', 'O', 'O', 'O', 'O', 'O', 'O', 'O', 'O', 'O', 'O', 'O', 'B-IDIOM', 'I-IDIOM', 'I-IDIOM', 'I-IDIOM', 'I-IDIOM', 'O', 'O', 'O', 'O', 'O', 'O', 'O']","[0, 0, 0, 0, 0, 0, 0, 0, 0, 0, 0, 0, 0, 0, 0, 0, 0, 0, 0, 0, 0, 0, 1, 2, 2, 2, 2, 0, 0, 0, 0, 0, 0, 0]",['got a kick out of']
I really got a kick out of that clown's juggling act.,['got a kick out of'],True,2,"After my friend, the semi-professional soccer player who moonlights as a circus performer, showed me his new routine launching balls with his feet, I really got a kick out of that clown's juggling act.","['After', 'my', 'friend', ',', 'the', 'semi', '-', 'professional', 'soccer', 'player', 'who', 'moonlights', 'as', 'a', 'circus', 'performer', ',', 'showed', 'me', 'his', 'new', 'routine', 'launching', 'balls', 'with', 'his', 'feet', ',', 'I', 'really', 'got', 'a', 'kick', 'out', 'of', 'that', 'clown', ""'"", 's', 'juggling', 'act', '.']","['O', 'O', 'O', 'O', 'O', 'O', 'O', 'O', 'O', 'O', 'O', 'O', 'O', 'O', 'O', 'O', 'O', 'O', 'O', 'O', 'O', 'O', 'O', 'O', 'O', 'O', 'O', 'O', 'O', 'O', 'B-IDIOM', 'I-IDIOM', 'I-IDIOM', 'I-IDIOM', 'I-IDIOM', 'O', 'O', 'O', 'O', 'O', 'O', 'O']","[0, 0, 0, 0, 0, 0, 0, 0, 0, 0, 0, 0, 0, 0, 0, 0, 0, 0, 0, 0, 0, 0, 0, 0, 0, 0, 0, 0, 0, 0, 1, 2, 2, 2, 2, 0, 0, 0, 0, 0, 0, 0]",['got a kick out of']
I really got a kick out of that clown's juggling act.,['got a kick out of'],True,3,"While reviewing the performance data for the new animatronic entertainer, whose leg mechanism would sometimes lash out unexpectedly, I really got a kick out of that clown's juggling act.","['While', 'reviewing', 'the', 'performance', 'data', 'for', 'the', 'new', 'animatronic', 'entertainer', ',', 'whose', 'leg', 'mechanism', 'would', 'sometimes', 'lash', 'out', 'unexpectedly', ',', 'I', 'really', 'got', 'a', 'kick', 'out', 'of', 'that', 'clown', ""'"", 's', 'juggling', 'act', '.']","['O', 'O', 'O', 'O', 'O', 'O', 'O', 'O', 'O', 'O', 'O', 'O', 'O', 'O', 'O', 'O', 'O', 'O', 'O', 'O', 'O', 'O', 'B-IDIOM', 'I-IDIOM', 'I-IDIOM', 'I-IDIOM', 'I-IDIOM', 'O', 'O', 'O', 'O', 'O', 'O', 'O']","[0, 0, 0, 0, 0, 0, 0, 0, 0, 0, 0, 0, 0, 0, 0, 0, 0, 0, 0, 0, 0, 0, 1, 2, 2, 2, 2, 0, 0, 0, 0, 0, 0, 0]",['got a kick out of']
I really got a kick out of that clown's juggling act.,['got a kick out of'],True,4,"Still rubbing my shin from the malfunctioning mechanical donkey ride we'd just been on right next to the main stage, I really got a kick out of that clown's juggling act.","['Still', 'rubbing', 'my', 'shin', 'from', 'the', 'malfunctioning', 'mechanical', 'donkey', 'ride', 'we', ""'"", 'd', 'just', 'been', 'on', 'right', 'next', 'to', 'the', 'main', 'stage', ',', 'I', 'really', 'got', 'a', 'kick', 'out', 'of', 'that', 'clown', ""'"", 's', 'juggling', 'act', '.']","['O', 'O', 'O', 'O', 'O', 'O', 'O', 'O', 'O', 'O', 'O', 'O', 'O', 'O', 'O', 'O', 'O', 'O', 'O', 'O', 'O', 'O', 'O', 'O', 'O', 'B-IDIOM', 'I-IDIOM', 'I-IDIOM', 'I-IDIOM', 'I-IDIOM', 'O', 'O', 'O', 'O', 'O', 'O', 'O']","[0, 0, 0, 0, 0, 0, 0, 0, 0, 0, 0, 0, 0, 0, 0, 0, 0, 0, 0, 0, 0, 0, 0, 0, 0, 1, 2, 2, 2, 2, 0, 0, 0, 0, 0, 0, 0]",['got a kick out of']
I really got a kick out of that clown's juggling act.,['got a kick out of'],True,5,"After separating my two kids because the one in the birthday costume accidentally punted his brother while trying to toss oranges in the air, I turned to my spouse and said, I really got a kick out of that clown's juggling act.","['After', 'separating', 'my', 'two', 'kids', 'because', 'the', 'one', 'in', 'the', 'birthday', 'costume', 'accidentally', 'punted', 'his', 'brother', 'while', 'trying', 'to', 'toss', 'oranges', 'in', 'the', 'air', ',', 'I', 'turned', 'to', 'my', 'spouse', 'and', 'said', ',', 'I', 'really', 'got', 'a', 'kick', 'out', 'of', 'that', 'clown', ""'"", 's', 'juggling', 'act', '.']","['O', 'O', 'O', 'O', 'O', 'O', 'O', 'O', 'O', 'O', 'O', 'O', 'O', 'O', 'O', 'O', 'O', 'O', 'O', 'O', 'O', 'O', 'O', 'O', 'O', 'O', 'O', 'O', 'O', 'O', 'O', 'O', 'O', 'O', 'O', 'B-IDIOM', 'I-IDIOM', 'I-IDIOM', 'I-IDIOM', 'I-IDIOM', 'O', 'O', 'O', 'O', 'O', 'O', 'O']","[0, 0, 0, 0, 0, 0, 0, 0, 0, 0, 0, 0, 0, 0, 0, 0, 0, 0, 0, 0, 0, 0, 0, 0, 0, 0, 0, 0, 0, 0, 0, 0, 0, 0, 0, 1, 2, 2, 2, 2, 0, 0, 0, 0, 0, 0, 0]",['got a kick out of']
The old computer just doesn't hold a candle to the latest models.,['hold a candle'],True,1,"During the power outage, we needed a flat, stable surface to place our emergency light source, but the old computer just doesn't hold a candle to the latest models.","['During', 'the', 'power', 'outage', ',', 'we', 'needed', 'a', 'flat', ',', 'stable', 'surface', 'to', 'place', 'our', 'emergency', 'light', 'source', ',', 'but', 'the', 'old', 'computer', 'just', 'doesn', ""'"", 't', 'hold', 'a', 'candle', 'to', 'the', 'latest', 'models', '.']","['O', 'O', 'O', 'O', 'O', 'O', 'O', 'O', 'O', 'O', 'O', 'O', 'O', 'O', 'O', 'O', 'O', 'O', 'O', 'O', 'O', 'O', 'O', 'O', 'O', 'O', 'O', 'B-IDIOM', 'I-IDIOM', 'I-IDIOM', 'O', 'O', 'O', 'O', 'O']","[0, 0, 0, 0, 0, 0, 0, 0, 0, 0, 0, 0, 0, 0, 0, 0, 0, 0, 0, 0, 0, 0, 0, 0, 0, 0, 0, 1, 2, 2, 0, 0, 0, 0, 0]",['hold a candle']
The old computer just doesn't hold a candle to the latest models.,['hold a candle'],True,2,"For the dramatic photo shoot contrasting vintage tech with modern fashion, the photographer tried balancing a light source on the monitor for effect, but the old computer just doesn't hold a candle to the latest models.","['For', 'the', 'dramatic', 'photo', 'shoot', 'contrasting', 'vintage', 'tech', 'with', 'modern', 'fashion', ',', 'the', 'photographer', 'tried', 'balancing', 'a', 'light', 'source', 'on', 'the', 'monitor', 'for', 'effect', ',', 'but', 'the', 'old', 'computer', 'just', 'doesn', ""'"", 't', 'hold', 'a', 'candle', 'to', 'the', 'latest', 'models', '.']","['O', 'O', 'O', 'O', 'O', 'O', 'O', 'O', 'O', 'O', 'O', 'O', 'O', 'O', 'O', 'O', 'O', 'O', 'O', 'O', 'O', 'O', 'O', 'O', 'O', 'O', 'O', 'O', 'O', 'O', 'O', 'O', 'O', 'B-IDIOM', 'I-IDIOM', 'I-IDIOM', 'O', 'O', 'O', 'O', 'O']","[0, 0, 0, 0, 0, 0, 0, 0, 0, 0, 0, 0, 0, 0, 0, 0, 0, 0, 0, 0, 0, 0, 0, 0, 0, 0, 0, 0, 0, 0, 0, 0, 0, 1, 2, 2, 0, 0, 0, 0, 0]",['hold a candle']
The old computer just doesn't hold a candle to the latest models.,['hold a candle'],True,3,"In the art exhibit where obsolete electronics were repurposed as household items, the clunky desktop was meant to be a candelabra, but the old computer just doesn't hold a candle to the latest models.","['In', 'the', 'art', 'exhibit', 'where', 'obsolete', 'electronics', 'were', 'repurposed', 'as', 'household', 'items', ',', 'the', 'clunky', 'desktop', 'was', 'meant', 'to', 'be', 'a', 'candelabra', ',', 'but', 'the', 'old', 'computer', 'just', 'doesn', ""'"", 't', 'hold', 'a', 'candle', 'to', 'the', 'latest', 'models', '.']","['O', 'O', 'O', 'O', 'O', 'O', 'O', 'O', 'O', 'O', 'O', 'O', 'O', 'O', 'O', 'O', 'O', 'O', 'O', 'O', 'O', 'O', 'O', 'O', 'O', 'O', 'O', 'O', 'O', 'O', 'O', 'B-IDIOM', 'I-IDIOM', 'I-IDIOM', 'O', 'O', 'O', 'O', 'O']","[0, 0, 0, 0, 0, 0, 0, 0, 0, 0, 0, 0, 0, 0, 0, 0, 0, 0, 0, 0, 0, 0, 0, 0, 0, 0, 0, 0, 0, 0, 0, 1, 2, 2, 0, 0, 0, 0, 0]",['hold a candle']
The old computer just doesn't hold a candle to the latest models.,['hold a candle'],True,4,"During the historical reenactment of a pre-industrial workshop, the guide explained how apprentices once provided light for masters, noting that in terms of both processing power and illumination, the old computer just doesn't hold a candle to the latest models.","['During', 'the', 'historical', 'reenactment', 'of', 'a', 'pre', '-', 'industrial', 'workshop', ',', 'the', 'guide', 'explained', 'how', 'apprentices', 'once', 'provided', 'light', 'for', 'masters', ',', 'noting', 'that', 'in', 'terms', 'of', 'both', 'processing', 'power', 'and', 'illumination', ',', 'the', 'old', 'computer', 'just', 'doesn', ""'"", 't', 'hold', 'a', 'candle', 'to', 'the', 'latest', 'models', '.']","['O', 'O', 'O', 'O', 'O', 'O', 'O', 'O', 'O', 'O', 'O', 'O', 'O', 'O', 'O', 'O', 'O', 'O', 'O', 'O', 'O', 'O', 'O', 'O', 'O', 'O', 'O', 'O', 'O', 'O', 'O', 'O', 'O', 'O', 'O', 'O', 'O', 'O', 'O', 'O', 'B-IDIOM', 'I-IDIOM', 'I-IDIOM', 'O', 'O', 'O', 'O', 'O']","[0, 0, 0, 0, 0, 0, 0, 0, 0, 0, 0, 0, 0, 0, 0, 0, 0, 0, 0, 0, 0, 0, 0, 0, 0, 0, 0, 0, 0, 0, 0, 0, 0, 0, 0, 0, 0, 0, 0, 0, 1, 2, 2, 0, 0, 0, 0, 0]",['hold a candle']
The old computer just doesn't hold a candle to the latest models.,['hold a candle'],True,5,"As part of a theatrical production's set design, the director wanted to use the monitor's casing to prop up a light, concluding that as a functional prop, the old computer just doesn't hold a candle to the latest models.","['As', 'part', 'of', 'a', 'theatrical', 'production', ""'"", 's', 'set', 'design', ',', 'the', 'director', 'wanted', 'to', 'use', 'the', 'monitor', ""'"", 's', 'casing', 'to', 'prop', 'up', 'a', 'light', ',', 'concluding', 'that', 'as', 'a', 'functional', 'prop', ',', 'the', 'old', 'computer', 'just', 'doesn', ""'"", 't', 'hold', 'a', 'candle', 'to', 'the', 'latest', 'models', '.']","['O', 'O', 'O', 'O', 'O', 'O', 'O', 'O', 'O', 'O', 'O', 'O', 'O', 'O', 'O', 'O', 'O', 'O', 'O', 'O', 'O', 'O', 'O', 'O', 'O', 'O', 'O', 'O', 'O', 'O', 'O', 'O', 'O', 'O', 'O', 'O', 'O', 'O', 'O', 'O', 'O', 'B-IDIOM', 'I-IDIOM', 'I-IDIOM', 'O', 'O', 'O', 'O', 'O']","[0, 0, 0, 0, 0, 0, 0, 0, 0, 0, 0, 0, 0, 0, 0, 0, 0, 0, 0, 0, 0, 0, 0, 0, 0, 0, 0, 0, 0, 0, 0, 0, 0, 0, 0, 0, 0, 0, 0, 0, 0, 1, 2, 2, 0, 0, 0, 0, 0]",['hold a candle']
