sentence,PIE,true_idioms,is_figurative,variant_number,Valid,variant_sentence,tokens,tags,tag_ids
The bullet hit the book in his pocket.,['hit the book'],[],FALSE,1,V,"After the covert exchange went wrong in the university library, the agent knew he had to cram for his history final while also assessing the damage from the chase, realizing in that chaotic moment that the bullet hit the book in his pocket.","['After', 'the', 'covert', 'exchange', 'went', 'wrong', 'in', 'the', 'university', 'library', ',', 'the', 'agent', 'knew', 'he', 'had', 'to', 'cram', 'for', 'his', 'history', 'final', 'while', 'also', 'assessing', 'the', 'damage', 'from', 'the', 'chase', ',', 'realizing', 'in', 'that', 'chaotic', 'moment', 'that', 'the', 'bullet', 'hit', 'the', 'book', 'in', 'his', 'pocket', '.']","['O', 'O', 'O', 'O', 'O', 'O', 'O', 'O', 'O', 'O', 'O', 'O', 'O', 'O', 'O', 'O', 'O', 'O', 'O', 'O', 'O', 'O', 'O', 'O', 'O', 'O', 'O', 'O', 'O', 'O', 'O', 'O', 'O', 'O', 'O', 'O', 'O', 'O', 'O', 'O', 'O', 'O', 'O', 'O', 'O', 'O']","[0, 0, 0, 0, 0, 0, 0, 0, 0, 0, 0, 0, 0, 0, 0, 0, 0, 0, 0, 0, 0, 0, 0, 0, 0, 0, 0, 0, 0, 0, 0, 0, 0, 0, 0, 0, 0, 0, 0, 0, 0, 0, 0, 0, 0, 0]"
The bullet hit the book in his pocket.,['hit the book'],[],FALSE,2,V,"In the combat simulation designed to test cognitive load under stress, the soldier failed a pop quiz on military strategy just as a training projectile struck his tactical vest, and the after-action report dryly noted that the bullet hit the book in his pocket.","['In', 'the', 'combat', 'simulation', 'designed', 'to', 'test', 'cognitive', 'load', 'under', 'stress', ',', 'the', 'soldier', 'failed', 'a', 'pop', 'quiz', 'on', 'military', 'strategy', 'just', 'as', 'a', 'training', 'projectile', 'struck', 'his', 'tactical', 'vest', ',', 'and', 'the', 'after', '-', 'action', 'report', 'dryly', 'noted', 'that', 'the', 'bullet', 'hit', 'the', 'book', 'in', 'his', 'pocket', '.']","['O', 'O', 'O', 'O', 'O', 'O', 'O', 'O', 'O', 'O', 'O', 'O', 'O', 'O', 'O', 'O', 'O', 'O', 'O', 'O', 'O', 'O', 'O', 'O', 'O', 'O', 'O', 'O', 'O', 'O', 'O', 'O', 'O', 'O', 'O', 'O', 'O', 'O', 'O', 'O', 'O', 'O', 'O', 'O', 'O', 'O', 'O', 'O', 'O']","[0, 0, 0, 0, 0, 0, 0, 0, 0, 0, 0, 0, 0, 0, 0, 0, 0, 0, 0, 0, 0, 0, 0, 0, 0, 0, 0, 0, 0, 0, 0, 0, 0, 0, 0, 0, 0, 0, 0, 0, 0, 0, 0, 0, 0, 0, 0, 0, 0]"
The bullet hit the book in his pocket.,['hit the book'],[],FALSE,3,V,"The professor's lecture on literary symbolism was so intense, he described the protagonist's moment of tragic realization as a fatal blow to his willful ignorance, explaining to the class that at the story's climax, the bullet hit the book in his pocket.","['The', 'professor', ""'"", 's', 'lecture', 'on', 'literary', 'symbolism', 'was', 'so', 'intense', ',', 'he', 'described', 'the', 'protagonist', ""'"", 's', 'moment', 'of', 'tragic', 'realization', 'as', 'a', 'fatal', 'blow', 'to', 'his', 'willful', 'ignorance', ',', 'explaining', 'to', 'the', 'class', 'that', 'at', 'the', 'story', ""'"", 's', 'climax', ',', 'the', 'bullet', 'hit', 'the', 'book', 'in', 'his', 'pocket', '.']","['O', 'O', 'O', 'O', 'O', 'O', 'O', 'O', 'O', 'O', 'O', 'O', 'O', 'O', 'O', 'O', 'O', 'O', 'O', 'O', 'O', 'O', 'O', 'O', 'O', 'O', 'O', 'O', 'O', 'O', 'O', 'O', 'O', 'O', 'O', 'O', 'O', 'O', 'O', 'O', 'O', 'O', 'O', 'O', 'O', 'O', 'O', 'O', 'O', 'O', 'O', 'O']","[0, 0, 0, 0, 0, 0, 0, 0, 0, 0, 0, 0, 0, 0, 0, 0, 0, 0, 0, 0, 0, 0, 0, 0, 0, 0, 0, 0, 0, 0, 0, 0, 0, 0, 0, 0, 0, 0, 0, 0, 0, 0, 0, 0, 0, 0, 0, 0, 0, 0, 0, 0]"
Ostriches bury their head in the sand.,['bury their head in the sand'],[],FALSE,1,V,"The board ignored all warnings of imminent bankruptcy, preferring to discuss the new coffee machine; this response to crisis perfectly demonstrates the flawed survival instinct whereby ostriches bury their head in the sand.","['The', 'board', 'ignored', 'all', 'warnings', 'of', 'imminent', 'bankruptcy', ',', 'preferring', 'to', 'discuss', 'the', 'new', 'coffee', 'machine', ';', 'this', 'response', 'to', 'crisis', 'perfectly', 'demonstrates', 'the', 'flawed', 'survival', 'instinct', 'whereby', 'ostriches', 'bury', 'their', 'head', 'in', 'the', 'sand', '.']","['O', 'O', 'O', 'O', 'O', 'O', 'O', 'O', 'O', 'O', 'O', 'O', 'O', 'O', 'O', 'O', 'O', 'O', 'O', 'O', 'O', 'O', 'O', 'O', 'O', 'O', 'O', 'O', 'O', 'O', 'O', 'O', 'O', 'O', 'O', 'O']","[0, 0, 0, 0, 0, 0, 0, 0, 0, 0, 0, 0, 0, 0, 0, 0, 0, 0, 0, 0, 0, 0, 0, 0, 0, 0, 0, 0, 0, 0, 0, 0, 0, 0, 0, 0]"
Ostriches bury their head in the sand.,['bury their head in the sand'],[],FALSE,2,V,"The psychologist explained that denial is a powerful, primitive defense mechanism for avoiding emotional pain, noting that when some creatures perceive an overwhelming threat they cannot fight, ostriches bury their head in the sand.","['The', 'psychologist', 'explained', 'that', 'denial', 'is', 'a', 'powerful', ',', 'primitive', 'defense', 'mechanism', 'for', 'avoiding', 'emotional', 'pain', ',', 'noting', 'that', 'when', 'some', 'creatures', 'perceive', 'an', 'overwhelming', 'threat', 'they', 'cannot', 'fight', ',', 'ostriches', 'bury', 'their', 'head', 'in', 'the', 'sand', '.']","['O', 'O', 'O', 'O', 'O', 'O', 'O', 'O', 'O', 'O', 'O', 'O', 'O', 'O', 'O', 'O', 'O', 'O', 'O', 'O', 'O', 'O', 'O', 'O', 'O', 'O', 'O', 'O', 'O', 'O', 'O', 'O', 'O', 'O', 'O', 'O', 'O', 'O']","[0, 0, 0, 0, 0, 0, 0, 0, 0, 0, 0, 0, 0, 0, 0, 0, 0, 0, 0, 0, 0, 0, 0, 0, 0, 0, 0, 0, 0, 0, 0, 0, 0, 0, 0, 0, 0, 0]"
Ostriches bury their head in the sand.,['bury their head in the sand'],[],FALSE,3,V,"Despite daily reports of ecological collapse, the ruling party refused to acknowledge the crisis, choosing instead to focus on minor diplomatic issues; their policy was a stark reminder that in some ecosystems, ostriches bury their head in the sand.","['Despite', 'daily', 'reports', 'of', 'ecological', 'collapse', ',', 'the', 'ruling', 'party', 'refused', 'to', 'acknowledge', 'the', 'crisis', ',', 'choosing', 'instead', 'to', 'focus', 'on', 'minor', 'diplomatic', 'issues', ';', 'their', 'policy', 'was', 'a', 'stark', 'reminder', 'that', 'in', 'some', 'ecosystems', ',', 'ostriches', 'bury', 'their', 'head', 'in', 'the', 'sand', '.']","['O', 'O', 'O', 'O', 'O', 'O', 'O', 'O', 'O', 'O', 'O', 'O', 'O', 'O', 'O', 'O', 'O', 'O', 'O', 'O', 'O', 'O', 'O', 'O', 'O', 'O', 'O', 'O', 'O', 'O', 'O', 'O', 'O', 'O', 'O', 'O', 'O', 'O', 'O', 'O', 'O', 'O', 'O', 'O']","[0, 0, 0, 0, 0, 0, 0, 0, 0, 0, 0, 0, 0, 0, 0, 0, 0, 0, 0, 0, 0, 0, 0, 0, 0, 0, 0, 0, 0, 0, 0, 0, 0, 0, 0, 0, 0, 0, 0, 0, 0, 0, 0, 0]"
Do some animals really bury their head in the sand?,['bury their head in the sand'],[],FALSE,1,V,"Watching our friend ignore all the obvious red flags in his failing relationship was painful, and after he defended his partner's blatant lies once again, I began to wonder about the very nature of self-deception, eventually asking my wife, do some animals really bury their head in the sand?","['Watching', 'our', 'friend', 'ignore', 'all', 'the', 'obvious', 'red', 'flags', 'in', 'his', 'failing', 'relationship', 'was', 'painful', ',', 'and', 'after', 'he', 'defended', 'his', 'partner', ""'"", 's', 'blatant', 'lies', 'once', 'again', ',', 'I', 'began', 'to', 'wonder', 'about', 'the', 'very', 'nature', 'of', 'self', '-', 'deception', ',', 'eventually', 'asking', 'my', 'wife', ',', 'do', 'some', 'animals', 'really', 'bury', 'their', 'head', 'in', 'the', 'sand', '?']","['O', 'O', 'O', 'O', 'O', 'O', 'O', 'O', 'O', 'O', 'O', 'O', 'O', 'O', 'O', 'O', 'O', 'O', 'O', 'O', 'O', 'O', 'O', 'O', 'O', 'O', 'O', 'O', 'O', 'O', 'O', 'O', 'O', 'O', 'O', 'O', 'O', 'O', 'O', 'O', 'O', 'O', 'O', 'O', 'O', 'O', 'O', 'O', 'O', 'O', 'O', 'O', 'O', 'O', 'O', 'O', 'O', 'O']","[0, 0, 0, 0, 0, 0, 0, 0, 0, 0, 0, 0, 0, 0, 0, 0, 0, 0, 0, 0, 0, 0, 0, 0, 0, 0, 0, 0, 0, 0, 0, 0, 0, 0, 0, 0, 0, 0, 0, 0, 0, 0, 0, 0, 0, 0, 0, 0, 0, 0, 0, 0, 0, 0, 0, 0, 0, 0]"
Do some animals really bury their head in the sand?,['bury their head in the sand'],[],FALSE,2,V,"The psychology lecture covered various defense mechanisms, focusing on how denial functions by rejecting empirical reality, and the professor used the common ostrich myth as a prime example of this concept in popular culture, which then led one student to inquire, do some animals really bury their head in the sand?","['The', 'psychology', 'lecture', 'covered', 'various', 'defense', 'mechanisms', ',', 'focusing', 'on', 'how', 'denial', 'functions', 'by', 'rejecting', 'empirical', 'reality', ',', 'and', 'the', 'professor', 'used', 'the', 'common', 'ostrich', 'myth', 'as', 'a', 'prime', 'example', 'of', 'this', 'concept', 'in', 'popular', 'culture', ',', 'which', 'then', 'led', 'one', 'student', 'to', 'inquire', ',', 'do', 'some', 'animals', 'really', 'bury', 'their', 'head', 'in', 'the', 'sand', '?']","['O', 'O', 'O', 'O', 'O', 'O', 'O', 'O', 'O', 'O', 'O', 'O', 'O', 'O', 'O', 'O', 'O', 'O', 'O', 'O', 'O', 'O', 'O', 'O', 'O', 'O', 'O', 'O', 'O', 'O', 'O', 'O', 'O', 'O', 'O', 'O', 'O', 'O', 'O', 'O', 'O', 'O', 'O', 'O', 'O', 'O', 'O', 'O', 'O', 'O', 'O', 'O', 'O', 'O', 'O', 'O']","[0, 0, 0, 0, 0, 0, 0, 0, 0, 0, 0, 0, 0, 0, 0, 0, 0, 0, 0, 0, 0, 0, 0, 0, 0, 0, 0, 0, 0, 0, 0, 0, 0, 0, 0, 0, 0, 0, 0, 0, 0, 0, 0, 0, 0, 0, 0, 0, 0, 0, 0, 0, 0, 0, 0, 0]"
Do some animals really bury their head in the sand?,['bury their head in the sand'],[],FALSE,3,V,"While discussing how many popular expressions originated from ancient, often inaccurate, observations of the natural world, our conversation turned to phrases used to describe human folly, which made me genuinely curious about the basis for one particular idiom, so I asked, do some animals really bury their head in the sand?","['While', 'discussing', 'how', 'many', 'popular', 'expressions', 'originated', 'from', 'ancient', ',', 'often', 'inaccurate', ',', 'observations', 'of', 'the', 'natural', 'world', ',', 'our', 'conversation', 'turned', 'to', 'phrases', 'used', 'to', 'describe', 'human', 'folly', ',', 'which', 'made', 'me', 'genuinely', 'curious', 'about', 'the', 'basis', 'for', 'one', 'particular', 'idiom', ',', 'so', 'I', 'asked', ',', 'do', 'some', 'animals', 'really', 'bury', 'their', 'head', 'in', 'the', 'sand', '?']","['O', 'O', 'O', 'O', 'O', 'O', 'O', 'O', 'O', 'O', 'O', 'O', 'O', 'O', 'O', 'O', 'O', 'O', 'O', 'O', 'O', 'O', 'O', 'O', 'O', 'O', 'O', 'O', 'O', 'O', 'O', 'O', 'O', 'O', 'O', 'O', 'O', 'O', 'O', 'O', 'O', 'O', 'O', 'O', 'O', 'O', 'O', 'O', 'O', 'O', 'O', 'O', 'O', 'O', 'O', 'O', 'O', 'O']","[0, 0, 0, 0, 0, 0, 0, 0, 0, 0, 0, 0, 0, 0, 0, 0, 0, 0, 0, 0, 0, 0, 0, 0, 0, 0, 0, 0, 0, 0, 0, 0, 0, 0, 0, 0, 0, 0, 0, 0, 0, 0, 0, 0, 0, 0, 0, 0, 0, 0, 0, 0, 0, 0, 0, 0, 0, 0]"
A rock has broken the ice covering a lake.,['broken the ice'],[],FALSE,1,V,"During their painfully awkward first date, neither of the painfully shy geologists knew what to say as they walked along the shore, and just when the silence became truly unbearable, a rock has broken the ice covering a lake.","['During', 'their', 'painfully', 'awkward', 'first', 'date', ',', 'neither', 'of', 'the', 'painfully', 'shy', 'geologists', 'knew', 'what', 'to', 'say', 'as', 'they', 'walked', 'along', 'the', 'shore', ',', 'and', 'just', 'when', 'the', 'silence', 'became', 'truly', 'unbearable', ',', 'a', 'rock', 'has', 'broken', 'the', 'ice', 'covering', 'a', 'lake', '.']","['O', 'O', 'O', 'O', 'O', 'O', 'O', 'O', 'O', 'O', 'O', 'O', 'O', 'O', 'O', 'O', 'O', 'O', 'O', 'O', 'O', 'O', 'O', 'O', 'O', 'O', 'O', 'O', 'O', 'O', 'O', 'O', 'O', 'O', 'O', 'O', 'O', 'O', 'O', 'O', 'O', 'O', 'O']","[0, 0, 0, 0, 0, 0, 0, 0, 0, 0, 0, 0, 0, 0, 0, 0, 0, 0, 0, 0, 0, 0, 0, 0, 0, 0, 0, 0, 0, 0, 0, 0, 0, 0, 0, 0, 0, 0, 0, 0, 0, 0, 0]"
A rock has broken the ice covering a lake.,['broken the ice'],[],FALSE,2,V,"The rival negotiators stared at each other across the frozen landscape, the silence between them growing deeper and more hostile, and then, as if on cue from some cosmic peacemaker, a rock has broken the ice covering a lake.","['The', 'rival', 'negotiators', 'stared', 'at', 'each', 'other', 'across', 'the', 'frozen', 'landscape', ',', 'the', 'silence', 'between', 'them', 'growing', 'deeper', 'and', 'more', 'hostile', ',', 'and', 'then', ',', 'as', 'if', 'on', 'cue', 'from', 'some', 'cosmic', 'peacemaker', ',', 'a', 'rock', 'has', 'broken', 'the', 'ice', 'covering', 'a', 'lake', '.']","['O', 'O', 'O', 'O', 'O', 'O', 'O', 'O', 'O', 'O', 'O', 'O', 'O', 'O', 'O', 'O', 'O', 'O', 'O', 'O', 'O', 'O', 'O', 'O', 'O', 'O', 'O', 'O', 'O', 'O', 'O', 'O', 'O', 'O', 'O', 'O', 'O', 'O', 'O', 'O', 'O', 'O', 'O', 'O']","[0, 0, 0, 0, 0, 0, 0, 0, 0, 0, 0, 0, 0, 0, 0, 0, 0, 0, 0, 0, 0, 0, 0, 0, 0, 0, 0, 0, 0, 0, 0, 0, 0, 0, 0, 0, 0, 0, 0, 0, 0, 0, 0, 0]"
A rock has broken the ice covering a lake.,['broken the ice'],[],FALSE,3,V,"After the reading of the will, the estranged siblings gathered by the family's winter cabin, all waiting for someone to finally make the first move, when a loud crack echoed from the shore as a rock has broken the ice covering a lake.","['After', 'the', 'reading', 'of', 'the', 'will', ',', 'the', 'estranged', 'siblings', 'gathered', 'by', 'the', 'family', ""'"", 's', 'winter', 'cabin', ',', 'all', 'waiting', 'for', 'someone', 'to', 'finally', 'make', 'the', 'first', 'move', ',', 'when', 'a', 'loud', 'crack', 'echoed', 'from', 'the', 'shore', 'as', 'a', 'rock', 'has', 'broken', 'the', 'ice', 'covering', 'a', 'lake', '.']","['O', 'O', 'O', 'O', 'O', 'O', 'O', 'O', 'O', 'O', 'O', 'O', 'O', 'O', 'O', 'O', 'O', 'O', 'O', 'O', 'O', 'O', 'O', 'O', 'O', 'O', 'O', 'O', 'O', 'O', 'O', 'O', 'O', 'O', 'O', 'O', 'O', 'O', 'O', 'O', 'O', 'O', 'O', 'O', 'O', 'O', 'O', 'O', 'O']","[0, 0, 0, 0, 0, 0, 0, 0, 0, 0, 0, 0, 0, 0, 0, 0, 0, 0, 0, 0, 0, 0, 0, 0, 0, 0, 0, 0, 0, 0, 0, 0, 0, 0, 0, 0, 0, 0, 0, 0, 0, 0, 0, 0, 0, 0, 0, 0, 0]"
The patient rang the bell 20 minutes ago.,['rang the bell'],[],FALSE,1,V,"During the cognitive therapy session, which used a quiz format where correct answers were signaled with a desk bell, the supervising doctor asked if there had been any breakthroughs, and the therapist confirmed the patient rang the bell 20 minutes ago.","['During', 'the', 'cognitive', 'therapy', 'session', ',', 'which', 'used', 'a', 'quiz', 'format', 'where', 'correct', 'answers', 'were', 'signaled', 'with', 'a', 'desk', 'bell', ',', 'the', 'supervising', 'doctor', 'asked', 'if', 'there', 'had', 'been', 'any', 'breakthroughs', ',', 'and', 'the', 'therapist', 'confirmed', 'the', 'patient', 'rang', 'the', 'bell', '20', 'minutes', 'ago', '.']","['O', 'O', 'O', 'O', 'O', 'O', 'O', 'O', 'O', 'O', 'O', 'O', 'O', 'O', 'O', 'O', 'O', 'O', 'O', 'O', 'O', 'O', 'O', 'O', 'O', 'O', 'O', 'O', 'O', 'O', 'O', 'O', 'O', 'O', 'O', 'O', 'O', 'O', 'O', 'O', 'O', 'O', 'O', 'O', 'O']","[0, 0, 0, 0, 0, 0, 0, 0, 0, 0, 0, 0, 0, 0, 0, 0, 0, 0, 0, 0, 0, 0, 0, 0, 0, 0, 0, 0, 0, 0, 0, 0, 0, 0, 0, 0, 0, 0, 0, 0, 0, 0, 0, 0, 0]"
The patient rang the bell 20 minutes ago.,['rang the bell'],[],FALSE,2,V,"In the advanced physical therapy gym, the ultimate recovery goal was to generate enough force on the high-striker machine to make it chime, and with a smile, the physical therapist announced that they'd finally reached their target because the patient rang the bell 20 minutes ago.","['In', 'the', 'advanced', 'physical', 'therapy', 'gym', ',', 'the', 'ultimate', 'recovery', 'goal', 'was', 'to', 'generate', 'enough', 'force', 'on', 'the', 'high', '-', 'striker', 'machine', 'to', 'make', 'it', 'chime', ',', 'and', 'with', 'a', 'smile', ',', 'the', 'physical', 'therapist', 'announced', 'that', 'they', ""'"", 'd', 'finally', 'reached', 'their', 'target', 'because', 'the', 'patient', 'rang', 'the', 'bell', '20', 'minutes', 'ago', '.']","['O', 'O', 'O', 'O', 'O', 'O', 'O', 'O', 'O', 'O', 'O', 'O', 'O', 'O', 'O', 'O', 'O', 'O', 'O', 'O', 'O', 'O', 'O', 'O', 'O', 'O', 'O', 'O', 'O', 'O', 'O', 'O', 'O', 'O', 'O', 'O', 'O', 'O', 'O', 'O', 'O', 'O', 'O', 'O', 'O', 'O', 'O', 'O', 'O', 'O', 'O', 'O', 'O', 'O']","[0, 0, 0, 0, 0, 0, 0, 0, 0, 0, 0, 0, 0, 0, 0, 0, 0, 0, 0, 0, 0, 0, 0, 0, 0, 0, 0, 0, 0, 0, 0, 0, 0, 0, 0, 0, 0, 0, 0, 0, 0, 0, 0, 0, 0, 0, 0, 0, 0, 0, 0, 0, 0, 0]"
The patient rang the bell 20 minutes ago.,['rang the bell'],[],FALSE,3,V,"The two nurses were reviewing the day's milestones in the oncology ward, where finishing a final chemotherapy treatment is a celebrated achievement, and one confirmed the celebration was official because the patient rang the bell 20 minutes ago.","['The', 'two', 'nurses', 'were', 'reviewing', 'the', 'day', ""'"", 's', 'milestones', 'in', 'the', 'oncology', 'ward', ',', 'where', 'finishing', 'a', 'final', 'chemotherapy', 'treatment', 'is', 'a', 'celebrated', 'achievement', ',', 'and', 'one', 'confirmed', 'the', 'celebration', 'was', 'official', 'because', 'the', 'patient', 'rang', 'the', 'bell', '20', 'minutes', 'ago', '.']","['O', 'O', 'O', 'O', 'O', 'O', 'O', 'O', 'O', 'O', 'O', 'O', 'O', 'O', 'O', 'O', 'O', 'O', 'O', 'O', 'O', 'O', 'O', 'O', 'O', 'O', 'O', 'O', 'O', 'O', 'O', 'O', 'O', 'O', 'O', 'O', 'O', 'O', 'O', 'O', 'O', 'O', 'O']","[0, 0, 0, 0, 0, 0, 0, 0, 0, 0, 0, 0, 0, 0, 0, 0, 0, 0, 0, 0, 0, 0, 0, 0, 0, 0, 0, 0, 0, 0, 0, 0, 0, 0, 0, 0, 0, 0, 0, 0, 0, 0, 0]"
baloons are floating up in the air.,['up in the air'],[],FALSE,1,V,"After the board meeting where the project's final budget and launch date were both left completely undecided, the manager stared at the decorations in the atrium and noted that the company's celebratory baloons are floating up in the air.","['After', 'the', 'board', 'meeting', 'where', 'the', 'project', ""'"", 's', 'final', 'budget', 'and', 'launch', 'date', 'were', 'both', 'left', 'completely', 'undecided', ',', 'the', 'manager', 'stared', 'at', 'the', 'decorations', 'in', 'the', 'atrium', 'and', 'noted', 'that', 'the', 'company', ""'"", 's', 'celebratory', 'baloons', 'are', 'floating', 'up', 'in', 'the', 'air', '.']","['O', 'O', 'O', 'O', 'O', 'O', 'O', 'O', 'O', 'O', 'O', 'O', 'O', 'O', 'O', 'O', 'O', 'O', 'O', 'O', 'O', 'O', 'O', 'O', 'O', 'O', 'O', 'O', 'O', 'O', 'O', 'O', 'O', 'O', 'O', 'O', 'O', 'O', 'O', 'O', 'O', 'O', 'O', 'O', 'O']","[0, 0, 0, 0, 0, 0, 0, 0, 0, 0, 0, 0, 0, 0, 0, 0, 0, 0, 0, 0, 0, 0, 0, 0, 0, 0, 0, 0, 0, 0, 0, 0, 0, 0, 0, 0, 0, 0, 0, 0, 0, 0, 0, 0, 0]"
baloons are floating up in the air.,['up in the air'],[],FALSE,2,V,"The lead scientist explained that the atmospheric experiment was inconclusive and her entire hypothesis remained unproven, concluding in her field notes that for the time being, the research baloons are floating up in the air.","['The', 'lead', 'scientist', 'explained', 'that', 'the', 'atmospheric', 'experiment', 'was', 'inconclusive', 'and', 'her', 'entire', 'hypothesis', 'remained', 'unproven', ',', 'concluding', 'in', 'her', 'field', 'notes', 'that', 'for', 'the', 'time', 'being', ',', 'the', 'research', 'baloons', 'are', 'floating', 'up', 'in', 'the', 'air', '.']","['O', 'O', 'O', 'O', 'O', 'O', 'O', 'O', 'O', 'O', 'O', 'O', 'O', 'O', 'O', 'O', 'O', 'O', 'O', 'O', 'O', 'O', 'O', 'O', 'O', 'O', 'O', 'O', 'O', 'O', 'O', 'O', 'O', 'O', 'O', 'O', 'O', 'O']","[0, 0, 0, 0, 0, 0, 0, 0, 0, 0, 0, 0, 0, 0, 0, 0, 0, 0, 0, 0, 0, 0, 0, 0, 0, 0, 0, 0, 0, 0, 0, 0, 0, 0, 0, 0, 0, 0]"
baloons are floating up in the air.,['up in the air'],[],FALSE,3,V,"He asked if she had made a decision about their relationship, but with their future so unsettled, she just looked past him at the distant street fair and observed that the baloons are floating up in the air.","['He', 'asked', 'if', 'she', 'had', 'made', 'a', 'decision', 'about', 'their', 'relationship', ',', 'but', 'with', 'their', 'future', 'so', 'unsettled', ',', 'she', 'just', 'looked', 'past', 'him', 'at', 'the', 'distant', 'street', 'fair', 'and', 'observed', 'that', 'the', 'baloons', 'are', 'floating', 'up', 'in', 'the', 'air', '.']","['O', 'O', 'O', 'O', 'O', 'O', 'O', 'O', 'O', 'O', 'O', 'O', 'O', 'O', 'O', 'O', 'O', 'O', 'O', 'O', 'O', 'O', 'O', 'O', 'O', 'O', 'O', 'O', 'O', 'O', 'O', 'O', 'O', 'O', 'O', 'O', 'O', 'O', 'O', 'O', 'O']","[0, 0, 0, 0, 0, 0, 0, 0, 0, 0, 0, 0, 0, 0, 0, 0, 0, 0, 0, 0, 0, 0, 0, 0, 0, 0, 0, 0, 0, 0, 0, 0, 0, 0, 0, 0, 0, 0, 0, 0, 0]"
Back muscles must be used to keep balance on the ball.,['on the ball'],[],FALSE,1,V,"To succeed in this demanding new project, every team member must be incredibly quick-thinking and efficient, so remember that during these corporate wellness initiatives, back muscles must be used to keep balance on the ball.","['To', 'succeed', 'in', 'this', 'demanding', 'new', 'project', ',', 'every', 'team', 'member', 'must', 'be', 'incredibly', 'quick', '-', 'thinking', 'and', 'efficient', ',', 'so', 'remember', 'that', 'during', 'these', 'corporate', 'wellness', 'initiatives', ',', 'back', 'muscles', 'must', 'be', 'used', 'to', 'keep', 'balance', 'on', 'the', 'ball', '.']","['O', 'O', 'O', 'O', 'O', 'O', 'O', 'O', 'O', 'O', 'O', 'O', 'O', 'O', 'O', 'O', 'O', 'O', 'O', 'O', 'O', 'O', 'O', 'O', 'O', 'O', 'O', 'O', 'O', 'O', 'O', 'O', 'O', 'O', 'O', 'O', 'O', 'O', 'O', 'O', 'O']","[0, 0, 0, 0, 0, 0, 0, 0, 0, 0, 0, 0, 0, 0, 0, 0, 0, 0, 0, 0, 0, 0, 0, 0, 0, 0, 0, 0, 0, 0, 0, 0, 0, 0, 0, 0, 0, 0, 0, 0, 0]"
Back muscles must be used to keep balance on the ball.,['on the ball'],[],FALSE,2,V,"Our star performer has demonstrated an amazing ability to stay focused and competent under pressure, which is a mindset that starts in the gym, where even for basic exercises, back muscles must be used to keep balance on the ball.","['Our', 'star', 'performer', 'has', 'demonstrated', 'an', 'amazing', 'ability', 'to', 'stay', 'focused', 'and', 'competent', 'under', 'pressure', ',', 'which', 'is', 'a', 'mindset', 'that', 'starts', 'in', 'the', 'gym', ',', 'where', 'even', 'for', 'basic', 'exercises', ',', 'back', 'muscles', 'must', 'be', 'used', 'to', 'keep', 'balance', 'on', 'the', 'ball', '.']","['O', 'O', 'O', 'O', 'O', 'O', 'O', 'O', 'O', 'O', 'O', 'O', 'O', 'O', 'O', 'O', 'O', 'O', 'O', 'O', 'O', 'O', 'O', 'O', 'O', 'O', 'O', 'O', 'O', 'O', 'O', 'O', 'O', 'O', 'O', 'O', 'O', 'O', 'O', 'O', 'O', 'O', 'O', 'O']","[0, 0, 0, 0, 0, 0, 0, 0, 0, 0, 0, 0, 0, 0, 0, 0, 0, 0, 0, 0, 0, 0, 0, 0, 0, 0, 0, 0, 0, 0, 0, 0, 0, 0, 0, 0, 0, 0, 0, 0, 0, 0, 0, 0]"
Back muscles must be used to keep balance on the ball.,['on the ball'],[],FALSE,3,V,"We've found these new classroom seats improve student engagement and alertness tremendously; to stay focused on the lesson, back muscles must be used to keep balance on the ball.","['We', ""'"", 've', 'found', 'these', 'new', 'classroom', 'seats', 'improve', 'student', 'engagement', 'and', 'alertness', 'tremendously', ';', 'to', 'stay', 'focused', 'on', 'the', 'lesson', ',', 'back', 'muscles', 'must', 'be', 'used', 'to', 'keep', 'balance', 'on', 'the', 'ball', '.']","['O', 'O', 'O', 'O', 'O', 'O', 'O', 'O', 'O', 'O', 'O', 'O', 'O', 'O', 'O', 'O', 'O', 'O', 'O', 'O', 'O', 'O', 'O', 'O', 'O', 'O', 'O', 'O', 'O', 'O', 'O', 'O', 'O', 'O']","[0, 0, 0, 0, 0, 0, 0, 0, 0, 0, 0, 0, 0, 0, 0, 0, 0, 0, 0, 0, 0, 0, 0, 0, 0, 0, 0, 0, 0, 0, 0, 0, 0, 0]"
Abdominals are used to keep balance on the ball and lift your arms.,['on the ball'],[],FALSE,1,V,"During the corporate leadership seminar, the facilitator explained that managing multiple urgent tasks requires full engagement and focus, as abdominals are used to keep balance on the ball and lift your arms.","['During', 'the', 'corporate', 'leadership', 'seminar', ',', 'the', 'facilitator', 'explained', 'that', 'managing', 'multiple', 'urgent', 'tasks', 'requires', 'full', 'engagement', 'and', 'focus', ',', 'as', 'abdominals', 'are', 'used', 'to', 'keep', 'balance', 'on', 'the', 'ball', 'and', 'lift', 'your', 'arms', '.']","['O', 'O', 'O', 'O', 'O', 'O', 'O', 'O', 'O', 'O', 'O', 'O', 'O', 'O', 'O', 'O', 'O', 'O', 'O', 'O', 'O', 'O', 'O', 'O', 'O', 'O', 'O', 'O', 'O', 'O', 'O', 'O', 'O', 'O', 'O']","[0, 0, 0, 0, 0, 0, 0, 0, 0, 0, 0, 0, 0, 0, 0, 0, 0, 0, 0, 0, 0, 0, 0, 0, 0, 0, 0, 0, 0, 0, 0, 0, 0, 0, 0]"
Abdominals are used to keep balance on the ball and lift your arms.,['on the ball'],[],FALSE,2,V,"The coach's pre-game pep talk stressed the importance of staying sharp and reacting quickly to every play, reminding the team that mental readiness is directly linked to physical conditioning, because abdominals are used to keep balance on the ball and lift your arms.","['The', 'coach', ""'"", 's', 'pre', '-', 'game', 'pep', 'talk', 'stressed', 'the', 'importance', 'of', 'staying', 'sharp', 'and', 'reacting', 'quickly', 'to', 'every', 'play', ',', 'reminding', 'the', 'team', 'that', 'mental', 'readiness', 'is', 'directly', 'linked', 'to', 'physical', 'conditioning', ',', 'because', 'abdominals', 'are', 'used', 'to', 'keep', 'balance', 'on', 'the', 'ball', 'and', 'lift', 'your', 'arms', '.']","['O', 'O', 'O', 'O', 'O', 'O', 'O', 'O', 'O', 'O', 'O', 'O', 'O', 'O', 'O', 'O', 'O', 'O', 'O', 'O', 'O', 'O', 'O', 'O', 'O', 'O', 'O', 'O', 'O', 'O', 'O', 'O', 'O', 'O', 'O', 'O', 'O', 'O', 'O', 'O', 'O', 'O', 'O', 'O', 'O', 'O', 'O', 'O', 'O', 'O']","[0, 0, 0, 0, 0, 0, 0, 0, 0, 0, 0, 0, 0, 0, 0, 0, 0, 0, 0, 0, 0, 0, 0, 0, 0, 0, 0, 0, 0, 0, 0, 0, 0, 0, 0, 0, 0, 0, 0, 0, 0, 0, 0, 0, 0, 0, 0, 0, 0, 0]"
Abdominals are used to keep balance on the ball and lift your arms.,['on the ball'],[],FALSE,3,V,"The cognitive enhancement workshop focused on techniques for maintaining peak mental performance, and the neuroscientist explained that the core of this ability is not just in your head, because abdominals are used to keep balance on the ball and lift your arms.","['The', 'cognitive', 'enhancement', 'workshop', 'focused', 'on', 'techniques', 'for', 'maintaining', 'peak', 'mental', 'performance', ',', 'and', 'the', 'neuroscientist', 'explained', 'that', 'the', 'core', 'of', 'this', 'ability', 'is', 'not', 'just', 'in', 'your', 'head', ',', 'because', 'abdominals', 'are', 'used', 'to', 'keep', 'balance', 'on', 'the', 'ball', 'and', 'lift', 'your', 'arms', '.']","['O', 'O', 'O', 'O', 'O', 'O', 'O', 'O', 'O', 'O', 'O', 'O', 'O', 'O', 'O', 'O', 'O', 'O', 'O', 'O', 'O', 'O', 'O', 'O', 'O', 'O', 'O', 'O', 'O', 'O', 'O', 'O', 'O', 'O', 'O', 'O', 'O', 'O', 'O', 'O', 'O', 'O', 'O', 'O', 'O']","[0, 0, 0, 0, 0, 0, 0, 0, 0, 0, 0, 0, 0, 0, 0, 0, 0, 0, 0, 0, 0, 0, 0, 0, 0, 0, 0, 0, 0, 0, 0, 0, 0, 0, 0, 0, 0, 0, 0, 0, 0, 0, 0, 0, 0]"
I think I can get over 100 dollars.,['get over'],[],FALSE,1,V,"Selling my ex's old record collection is emotionally difficult since he always claimed it was worth exactly one hundred dollars, but after seeing the online auction bids, I think I can get over 100 dollars.","['Selling', 'my', 'ex', ""'"", 's', 'old', 'record', 'collection', 'is', 'emotionally', 'difficult', 'since', 'he', 'always', 'claimed', 'it', 'was', 'worth', 'exactly', 'one', 'hundred', 'dollars', ',', 'but', 'after', 'seeing', 'the', 'online', 'auction', 'bids', ',', 'I', 'think', 'I', 'can', 'get', 'over', '100', 'dollars', '.']","['O', 'O', 'O', 'O', 'O', 'O', 'O', 'O', 'O', 'O', 'O', 'O', 'O', 'O', 'O', 'O', 'O', 'O', 'O', 'O', 'O', 'O', 'O', 'O', 'O', 'O', 'O', 'O', 'O', 'O', 'O', 'O', 'O', 'O', 'O', 'O', 'O', 'O', 'O', 'O']","[0, 0, 0, 0, 0, 0, 0, 0, 0, 0, 0, 0, 0, 0, 0, 0, 0, 0, 0, 0, 0, 0, 0, 0, 0, 0, 0, 0, 0, 0, 0, 0, 0, 0, 0, 0, 0, 0, 0, 0]"
I think I can get over 100 dollars.,['get over'],[],FALSE,2,V,"My friend saw how devastated I was after losing the wager and asked if I'd ever recover from the loss, but after looking at the odds for the next race, I think I can get over 100 dollars.","['My', 'friend', 'saw', 'how', 'devastated', 'I', 'was', 'after', 'losing', 'the', 'wager', 'and', 'asked', 'if', 'I', ""'"", 'd', 'ever', 'recover', 'from', 'the', 'loss', ',', 'but', 'after', 'looking', 'at', 'the', 'odds', 'for', 'the', 'next', 'race', ',', 'I', 'think', 'I', 'can', 'get', 'over', '100', 'dollars', '.']","['O', 'O', 'O', 'O', 'O', 'O', 'O', 'O', 'O', 'O', 'O', 'O', 'O', 'O', 'O', 'O', 'O', 'O', 'O', 'O', 'O', 'O', 'O', 'O', 'O', 'O', 'O', 'O', 'O', 'O', 'O', 'O', 'O', 'O', 'O', 'O', 'O', 'O', 'O', 'O', 'O', 'O', 'O']","[0, 0, 0, 0, 0, 0, 0, 0, 0, 0, 0, 0, 0, 0, 0, 0, 0, 0, 0, 0, 0, 0, 0, 0, 0, 0, 0, 0, 0, 0, 0, 0, 0, 0, 0, 0, 0, 0, 0, 0, 0, 0, 0]"
I think I can get over 100 dollars.,['get over'],[],FALSE,3,V,"The final obstacle is a tall fence with the prize money literally pinned to the other side, so despite my exhaustion, I think I can get over 100 dollars.","['The', 'final', 'obstacle', 'is', 'a', 'tall', 'fence', 'with', 'the', 'prize', 'money', 'literally', 'pinned', 'to', 'the', 'other', 'side', ',', 'so', 'despite', 'my', 'exhaustion', ',', 'I', 'think', 'I', 'can', 'get', 'over', '100', 'dollars', '.']","['O', 'O', 'O', 'O', 'O', 'O', 'O', 'O', 'O', 'O', 'O', 'O', 'O', 'O', 'O', 'O', 'O', 'O', 'O', 'O', 'O', 'O', 'O', 'O', 'O', 'O', 'O', 'O', 'O', 'O', 'O', 'O']","[0, 0, 0, 0, 0, 0, 0, 0, 0, 0, 0, 0, 0, 0, 0, 0, 0, 0, 0, 0, 0, 0, 0, 0, 0, 0, 0, 0, 0, 0, 0, 0]"
I'd have a piece of cake.,['piece of cake'],[],FALSE,1,V,"My coach presented two final routines for the competition: a high-difficulty tumbling pass or a basic floor exercise, and when he asked which one I felt ready to commit to while we passed the team's snack table, I told him, I'd have a piece of cake.","['My', 'coach', 'presented', 'two', 'final', 'routines', 'for', 'the', 'competition', ':', 'a', 'high', '-', 'difficulty', 'tumbling', 'pass', 'or', 'a', 'basic', 'floor', 'exercise', ',', 'and', 'when', 'he', 'asked', 'which', 'one', 'I', 'felt', 'ready', 'to', 'commit', 'to', 'while', 'we', 'passed', 'the', 'team', ""'"", 's', 'snack', 'table', ',', 'I', 'told', 'him', ',', 'I', ""'"", 'd', 'have', 'a', 'piece', 'of', 'cake', '.']","['O', 'O', 'O', 'O', 'O', 'O', 'O', 'O', 'O', 'O', 'O', 'O', 'O', 'O', 'O', 'O', 'O', 'O', 'O', 'O', 'O', 'O', 'O', 'O', 'O', 'O', 'O', 'O', 'O', 'O', 'O', 'O', 'O', 'O', 'O', 'O', 'O', 'O', 'O', 'O', 'O', 'O', 'O', 'O', 'O', 'O', 'O', 'O', 'O', 'O', 'O', 'O', 'O', 'O', 'O', 'O', 'O']","[0, 0, 0, 0, 0, 0, 0, 0, 0, 0, 0, 0, 0, 0, 0, 0, 0, 0, 0, 0, 0, 0, 0, 0, 0, 0, 0, 0, 0, 0, 0, 0, 0, 0, 0, 0, 0, 0, 0, 0, 0, 0, 0, 0, 0, 0, 0, 0, 0, 0, 0, 0, 0, 0, 0, 0, 0]"
I'd have a piece of cake.,['piece of cake'],[],FALSE,2,V,"During the game night, my options were either a complex strategy board game that takes hours or a simple round of trivia, and as my host asked which one I was up for while she brought out dessert, I decided, I'd have a piece of cake.","['During', 'the', 'game', 'night', ',', 'my', 'options', 'were', 'either', 'a', 'complex', 'strategy', 'board', 'game', 'that', 'takes', 'hours', 'or', 'a', 'simple', 'round', 'of', 'trivia', ',', 'and', 'as', 'my', 'host', 'asked', 'which', 'one', 'I', 'was', 'up', 'for', 'while', 'she', 'brought', 'out', 'dessert', ',', 'I', 'decided', ',', 'I', ""'"", 'd', 'have', 'a', 'piece', 'of', 'cake', '.']","['O', 'O', 'O', 'O', 'O', 'O', 'O', 'O', 'O', 'O', 'O', 'O', 'O', 'O', 'O', 'O', 'O', 'O', 'O', 'O', 'O', 'O', 'O', 'O', 'O', 'O', 'O', 'O', 'O', 'O', 'O', 'O', 'O', 'O', 'O', 'O', 'O', 'O', 'O', 'O', 'O', 'O', 'O', 'O', 'O', 'O', 'O', 'O', 'O', 'O', 'O', 'O', 'O']","[0, 0, 0, 0, 0, 0, 0, 0, 0, 0, 0, 0, 0, 0, 0, 0, 0, 0, 0, 0, 0, 0, 0, 0, 0, 0, 0, 0, 0, 0, 0, 0, 0, 0, 0, 0, 0, 0, 0, 0, 0, 0, 0, 0, 0, 0, 0, 0, 0, 0, 0, 0, 0]"
I'd have a piece of cake.,['piece of cake'],[],FALSE,3,V,"The instructor gave us the final assignment choice between writing a twenty-page research paper or completing a simple open-book quiz, and when my classmate asked which option I preferred as we headed toward the cafeteria, I replied, I'd have a piece of cake.","['The', 'instructor', 'gave', 'us', 'the', 'final', 'assignment', 'choice', 'between', 'writing', 'a', 'twenty', '-', 'page', 'research', 'paper', 'or', 'completing', 'a', 'simple', 'open', '-', 'book', 'quiz', ',', 'and', 'when', 'my', 'classmate', 'asked', 'which', 'option', 'I', 'preferred', 'as', 'we', 'headed', 'toward', 'the', 'cafeteria', ',', 'I', 'replied', ',', 'I', ""'"", 'd', 'have', 'a', 'piece', 'of', 'cake', '.']","['O', 'O', 'O', 'O', 'O', 'O', 'O', 'O', 'O', 'O', 'O', 'O', 'O', 'O', 'O', 'O', 'O', 'O', 'O', 'O', 'O', 'O', 'O', 'O', 'O', 'O', 'O', 'O', 'O', 'O', 'O', 'O', 'O', 'O', 'O', 'O', 'O', 'O', 'O', 'O', 'O', 'O', 'O', 'O', 'O', 'O', 'O', 'O', 'O', 'O', 'O', 'O', 'O']","[0, 0, 0, 0, 0, 0, 0, 0, 0, 0, 0, 0, 0, 0, 0, 0, 0, 0, 0, 0, 0, 0, 0, 0, 0, 0, 0, 0, 0, 0, 0, 0, 0, 0, 0, 0, 0, 0, 0, 0, 0, 0, 0, 0, 0, 0, 0, 0, 0, 0, 0, 0, 0]"
"Her aunt is a great cook, do you want a piece of cake?",['piece of cake'],[],FALSE,1,V,"After listening to him worry for twenty minutes about the final exam, she tried to reassure him about how prepared he was for what should be a simple test; her aunt is a great cook, do you want a piece of cake?","['After', 'listening', 'to', 'him', 'worry', 'for', 'twenty', 'minutes', 'about', 'the', 'final', 'exam', ',', 'she', 'tried', 'to', 'reassure', 'him', 'about', 'how', 'prepared', 'he', 'was', 'for', 'what', 'should', 'be', 'a', 'simple', 'test', ';', 'her', 'aunt', 'is', 'a', 'great', 'cook', ',', 'do', 'you', 'want', 'a', 'piece', 'of', 'cake', '?']","['O', 'O', 'O', 'O', 'O', 'O', 'O', 'O', 'O', 'O', 'O', 'O', 'O', 'O', 'O', 'O', 'O', 'O', 'O', 'O', 'O', 'O', 'O', 'O', 'O', 'O', 'O', 'O', 'O', 'O', 'O', 'O', 'O', 'O', 'O', 'O', 'O', 'O', 'O', 'O', 'O', 'O', 'O', 'O', 'O', 'O']","[0, 0, 0, 0, 0, 0, 0, 0, 0, 0, 0, 0, 0, 0, 0, 0, 0, 0, 0, 0, 0, 0, 0, 0, 0, 0, 0, 0, 0, 0, 0, 0, 0, 0, 0, 0, 0, 0, 0, 0, 0, 0, 0, 0, 0, 0]"
"Her aunt is a great cook, do you want a piece of cake?",['piece of cake'],[],FALSE,2,V,"The junior programmers were overwhelmed by the client's request, but their manager explained the fix was a simple code modification that required minimal effort, her aunt is a great cook, do you want a piece of cake?","['The', 'junior', 'programmers', 'were', 'overwhelmed', 'by', 'the', 'client', ""'"", 's', 'request', ',', 'but', 'their', 'manager', 'explained', 'the', 'fix', 'was', 'a', 'simple', 'code', 'modification', 'that', 'required', 'minimal', 'effort', ',', 'her', 'aunt', 'is', 'a', 'great', 'cook', ',', 'do', 'you', 'want', 'a', 'piece', 'of', 'cake', '?']","['O', 'O', 'O', 'O', 'O', 'O', 'O', 'O', 'O', 'O', 'O', 'O', 'O', 'O', 'O', 'O', 'O', 'O', 'O', 'O', 'O', 'O', 'O', 'O', 'O', 'O', 'O', 'O', 'O', 'O', 'O', 'O', 'O', 'O', 'O', 'O', 'O', 'O', 'O', 'O', 'O', 'O', 'O']","[0, 0, 0, 0, 0, 0, 0, 0, 0, 0, 0, 0, 0, 0, 0, 0, 0, 0, 0, 0, 0, 0, 0, 0, 0, 0, 0, 0, 0, 0, 0, 0, 0, 0, 0, 0, 0, 0, 0, 0, 0, 0, 0]"
"Her aunt is a great cook, do you want a piece of cake?",['piece of cake'],[],FALSE,3,V,"He was nervous about assembling the complex new furniture, but the instruction manual showed a surprisingly simple three-step process that made the whole task seem effortless, her aunt is a great cook, do you want a piece of cake?","['He', 'was', 'nervous', 'about', 'assembling', 'the', 'complex', 'new', 'furniture', ',', 'but', 'the', 'instruction', 'manual', 'showed', 'a', 'surprisingly', 'simple', 'three', '-', 'step', 'process', 'that', 'made', 'the', 'whole', 'task', 'seem', 'effortless', ',', 'her', 'aunt', 'is', 'a', 'great', 'cook', ',', 'do', 'you', 'want', 'a', 'piece', 'of', 'cake', '?']","['O', 'O', 'O', 'O', 'O', 'O', 'O', 'O', 'O', 'O', 'O', 'O', 'O', 'O', 'O', 'O', 'O', 'O', 'O', 'O', 'O', 'O', 'O', 'O', 'O', 'O', 'O', 'O', 'O', 'O', 'O', 'O', 'O', 'O', 'O', 'O', 'O', 'O', 'O', 'O', 'O', 'O', 'O', 'O', 'O']","[0, 0, 0, 0, 0, 0, 0, 0, 0, 0, 0, 0, 0, 0, 0, 0, 0, 0, 0, 0, 0, 0, 0, 0, 0, 0, 0, 0, 0, 0, 0, 0, 0, 0, 0, 0, 0, 0, 0, 0, 0, 0, 0, 0, 0]"
Bathing in hot water can be dangerous.,['in hot water'],[],FALSE,1,V,"The corporate lawyer warned the executive, who was already facing a federal investigation for fraud, that during the upcoming wellness retreat, bathing in hot water can be dangerous.","['The', 'corporate', 'lawyer', 'warned', 'the', 'executive', ',', 'who', 'was', 'already', 'facing', 'a', 'federal', 'investigation', 'for', 'fraud', ',', 'that', 'during', 'the', 'upcoming', 'wellness', 'retreat', ',', 'bathing', 'in', 'hot', 'water', 'can', 'be', 'dangerous', '.']","['O', 'O', 'O', 'O', 'O', 'O', 'O', 'O', 'O', 'O', 'O', 'O', 'O', 'O', 'O', 'O', 'O', 'O', 'O', 'O', 'O', 'O', 'O', 'O', 'O', 'O', 'O', 'O', 'O', 'O', 'O', 'O']","[0, 0, 0, 0, 0, 0, 0, 0, 0, 0, 0, 0, 0, 0, 0, 0, 0, 0, 0, 0, 0, 0, 0, 0, 0, 0, 0, 0, 0, 0, 0, 0]"
Bathing in hot water can be dangerous.,['in hot water'],[],FALSE,2,V,"The zookeeper explained the new protocols for handling the aggressive, venomous water snakes in their heated enclosure while also mentioning the recent disciplinary hearings for a reckless colleague, reminding everyone that bathing in hot water can be dangerous.","['The', 'zookeeper', 'explained', 'the', 'new', 'protocols', 'for', 'handling', 'the', 'aggressive', ',', 'venomous', 'water', 'snakes', 'in', 'their', 'heated', 'enclosure', 'while', 'also', 'mentioning', 'the', 'recent', 'disciplinary', 'hearings', 'for', 'a', 'reckless', 'colleague', ',', 'reminding', 'everyone', 'that', 'bathing', 'in', 'hot', 'water', 'can', 'be', 'dangerous', '.']","['O', 'O', 'O', 'O', 'O', 'O', 'O', 'O', 'O', 'O', 'O', 'O', 'O', 'O', 'O', 'O', 'O', 'O', 'O', 'O', 'O', 'O', 'O', 'O', 'O', 'O', 'O', 'O', 'O', 'O', 'O', 'O', 'O', 'O', 'O', 'O', 'O', 'O', 'O', 'O', 'O']","[0, 0, 0, 0, 0, 0, 0, 0, 0, 0, 0, 0, 0, 0, 0, 0, 0, 0, 0, 0, 0, 0, 0, 0, 0, 0, 0, 0, 0, 0, 0, 0, 0, 0, 0, 0, 0, 0, 0, 0, 0]"
Bathing in hot water can be dangerous.,['in hot water'],[],FALSE,3,V,"After receiving a formal reprimand that put his promotion in jeopardy, he tried to relax at the spa, but his doctor's recent advice about his high blood pressure made him realize that bathing in hot water can be dangerous.","['After', 'receiving', 'a', 'formal', 'reprimand', 'that', 'put', 'his', 'promotion', 'in', 'jeopardy', ',', 'he', 'tried', 'to', 'relax', 'at', 'the', 'spa', ',', 'but', 'his', 'doctor', ""'"", 's', 'recent', 'advice', 'about', 'his', 'high', 'blood', 'pressure', 'made', 'him', 'realize', 'that', 'bathing', 'in', 'hot', 'water', 'can', 'be', 'dangerous', '.']","['O', 'O', 'O', 'O', 'O', 'O', 'O', 'O', 'O', 'O', 'O', 'O', 'O', 'O', 'O', 'O', 'O', 'O', 'O', 'O', 'O', 'O', 'O', 'O', 'O', 'O', 'O', 'O', 'O', 'O', 'O', 'O', 'O', 'O', 'O', 'O', 'O', 'O', 'O', 'O', 'O', 'O', 'O', 'O']","[0, 0, 0, 0, 0, 0, 0, 0, 0, 0, 0, 0, 0, 0, 0, 0, 0, 0, 0, 0, 0, 0, 0, 0, 0, 0, 0, 0, 0, 0, 0, 0, 0, 0, 0, 0, 0, 0, 0, 0, 0, 0, 0, 0]"
What are the effects of bathing in hot water?,['in hot water'],[],FALSE,1,V,"The therapist listened as her client described both his recent confession to embezzlement and his new coping mechanism of taking scalding baths to manage the stress, prompting her to gently ask, what are the effects of bathing in hot water?","['The', 'therapist', 'listened', 'as', 'her', 'client', 'described', 'both', 'his', 'recent', 'confession', 'to', 'embezzlement', 'and', 'his', 'new', 'coping', 'mechanism', 'of', 'taking', 'scalding', 'baths', 'to', 'manage', 'the', 'stress', ',', 'prompting', 'her', 'to', 'gently', 'ask', ',', 'what', 'are', 'the', 'effects', 'of', 'bathing', 'in', 'hot', 'water', '?']","['O', 'O', 'O', 'O', 'O', 'O', 'O', 'O', 'O', 'O', 'O', 'O', 'O', 'O', 'O', 'O', 'O', 'O', 'O', 'O', 'O', 'O', 'O', 'O', 'O', 'O', 'O', 'O', 'O', 'O', 'O', 'O', 'O', 'O', 'O', 'O', 'O', 'O', 'O', 'O', 'O', 'O', 'O']","[0, 0, 0, 0, 0, 0, 0, 0, 0, 0, 0, 0, 0, 0, 0, 0, 0, 0, 0, 0, 0, 0, 0, 0, 0, 0, 0, 0, 0, 0, 0, 0, 0, 0, 0, 0, 0, 0, 0, 0, 0, 0, 0]"
What are the effects of bathing in hot water?,['in hot water'],[],FALSE,2,V,"Reviewing the disastrous environmental impact report from their geothermal energy project, which had contaminated local springs and triggered multiple lawsuits, the CEO grimly asked the legal team, what are the effects of bathing in hot water?","['Reviewing', 'the', 'disastrous', 'environmental', 'impact', 'report', 'from', 'their', 'geothermal', 'energy', 'project', ',', 'which', 'had', 'contaminated', 'local', 'springs', 'and', 'triggered', 'multiple', 'lawsuits', ',', 'the', 'CEO', 'grimly', 'asked', 'the', 'legal', 'team', ',', 'what', 'are', 'the', 'effects', 'of', 'bathing', 'in', 'hot', 'water', '?']","['O', 'O', 'O', 'O', 'O', 'O', 'O', 'O', 'O', 'O', 'O', 'O', 'O', 'O', 'O', 'O', 'O', 'O', 'O', 'O', 'O', 'O', 'O', 'O', 'O', 'O', 'O', 'O', 'O', 'O', 'O', 'O', 'O', 'O', 'O', 'O', 'O', 'O', 'O', 'O']","[0, 0, 0, 0, 0, 0, 0, 0, 0, 0, 0, 0, 0, 0, 0, 0, 0, 0, 0, 0, 0, 0, 0, 0, 0, 0, 0, 0, 0, 0, 0, 0, 0, 0, 0, 0, 0, 0, 0, 0]"
What are the effects of bathing in hot water?,['in hot water'],[],FALSE,3,V,"The university's ethics committee grilled the lead researcher whose controversial thermoregulation study had led to a federal investigation, demanding that he explain the full scope of the fallout, what are the effects of bathing in hot water?","['The', 'university', ""'"", 's', 'ethics', 'committee', 'grilled', 'the', 'lead', 'researcher', 'whose', 'controversial', 'thermoregulation', 'study', 'had', 'led', 'to', 'a', 'federal', 'investigation', ',', 'demanding', 'that', 'he', 'explain', 'the', 'full', 'scope', 'of', 'the', 'fallout', ',', 'what', 'are', 'the', 'effects', 'of', 'bathing', 'in', 'hot', 'water', '?']","['O', 'O', 'O', 'O', 'O', 'O', 'O', 'O', 'O', 'O', 'O', 'O', 'O', 'O', 'O', 'O', 'O', 'O', 'O', 'O', 'O', 'O', 'O', 'O', 'O', 'O', 'O', 'O', 'O', 'O', 'O', 'O', 'O', 'O', 'O', 'O', 'O', 'O', 'O', 'O', 'O', 'O']","[0, 0, 0, 0, 0, 0, 0, 0, 0, 0, 0, 0, 0, 0, 0, 0, 0, 0, 0, 0, 0, 0, 0, 0, 0, 0, 0, 0, 0, 0, 0, 0, 0, 0, 0, 0, 0, 0, 0, 0, 0, 0]"
"I must have switched cups, this is not my cup of tea.",['not my cup of tea'],[],FALSE,1,V,"As my friend launched into a detailed, hour-long monologue about the intricacies of tax law during our afternoon break, I took a tentative sip from the mug in front of me, I must have switched cups, this is not my cup of tea.","['As', 'my', 'friend', 'launched', 'into', 'a', 'detailed', ',', 'hour', '-', 'long', 'monologue', 'about', 'the', 'intricacies', 'of', 'tax', 'law', 'during', 'our', 'afternoon', 'break', ',', 'I', 'took', 'a', 'tentative', 'sip', 'from', 'the', 'mug', 'in', 'front', 'of', 'me', ',', 'I', 'must', 'have', 'switched', 'cups', ',', 'this', 'is', 'not', 'my', 'cup', 'of', 'tea', '.']","['O', 'O', 'O', 'O', 'O', 'O', 'O', 'O', 'O', 'O', 'O', 'O', 'O', 'O', 'O', 'O', 'O', 'O', 'O', 'O', 'O', 'O', 'O', 'O', 'O', 'O', 'O', 'O', 'O', 'O', 'O', 'O', 'O', 'O', 'O', 'O', 'O', 'O', 'O', 'O', 'O', 'O', 'O', 'O', 'O', 'O', 'O', 'O', 'O', 'O']","[0, 0, 0, 0, 0, 0, 0, 0, 0, 0, 0, 0, 0, 0, 0, 0, 0, 0, 0, 0, 0, 0, 0, 0, 0, 0, 0, 0, 0, 0, 0, 0, 0, 0, 0, 0, 0, 0, 0, 0, 0, 0, 0, 0, 0, 0, 0, 0, 0, 0]"
"I must have switched cups, this is not my cup of tea.",['not my cup of tea'],[],FALSE,2,V,"The avant-garde theater performance consisted of three hours of interpretive dance in complete silence, and looking for any distraction, I fumbled for my beverage in the dark, I must have switched cups, this is not my cup of tea.","['The', 'avant', '-', 'garde', 'theater', 'performance', 'consisted', 'of', 'three', 'hours', 'of', 'interpretive', 'dance', 'in', 'complete', 'silence', ',', 'and', 'looking', 'for', 'any', 'distraction', ',', 'I', 'fumbled', 'for', 'my', 'beverage', 'in', 'the', 'dark', ',', 'I', 'must', 'have', 'switched', 'cups', ',', 'this', 'is', 'not', 'my', 'cup', 'of', 'tea', '.']","['O', 'O', 'O', 'O', 'O', 'O', 'O', 'O', 'O', 'O', 'O', 'O', 'O', 'O', 'O', 'O', 'O', 'O', 'O', 'O', 'O', 'O', 'O', 'O', 'O', 'O', 'O', 'O', 'O', 'O', 'O', 'O', 'O', 'O', 'O', 'O', 'O', 'O', 'O', 'O', 'O', 'O', 'O', 'O', 'O', 'O']","[0, 0, 0, 0, 0, 0, 0, 0, 0, 0, 0, 0, 0, 0, 0, 0, 0, 0, 0, 0, 0, 0, 0, 0, 0, 0, 0, 0, 0, 0, 0, 0, 0, 0, 0, 0, 0, 0, 0, 0, 0, 0, 0, 0, 0, 0]"
"I must have switched cups, this is not my cup of tea.",['not my cup of tea'],[],FALSE,3,V,"During the disastrous blind date where my companion only talked about his ex-girlfriend, I sought refuge in the drink I'd ordered, I must have switched cups, this is not my cup of tea.","['During', 'the', 'disastrous', 'blind', 'date', 'where', 'my', 'companion', 'only', 'talked', 'about', 'his', 'ex', '-', 'girlfriend', ',', 'I', 'sought', 'refuge', 'in', 'the', 'drink', 'I', ""'"", 'd', 'ordered', ',', 'I', 'must', 'have', 'switched', 'cups', ',', 'this', 'is', 'not', 'my', 'cup', 'of', 'tea', '.']","['O', 'O', 'O', 'O', 'O', 'O', 'O', 'O', 'O', 'O', 'O', 'O', 'O', 'O', 'O', 'O', 'O', 'O', 'O', 'O', 'O', 'O', 'O', 'O', 'O', 'O', 'O', 'O', 'O', 'O', 'O', 'O', 'O', 'O', 'O', 'O', 'O', 'O', 'O', 'O', 'O']","[0, 0, 0, 0, 0, 0, 0, 0, 0, 0, 0, 0, 0, 0, 0, 0, 0, 0, 0, 0, 0, 0, 0, 0, 0, 0, 0, 0, 0, 0, 0, 0, 0, 0, 0, 0, 0, 0, 0, 0, 0]"
"This is not my cup of tea, it's yours, in fact I hate black tea.",['not my cup of tea'],[],FALSE,1,V,"After an hour of listening to the incredibly niche lecture on soil composition, I saw your confused look when you handed me a drink and I immediately pushed it back, explaining my general disinterest; this is not my cup of tea, it's yours, in fact I hate black tea.","['After', 'an', 'hour', 'of', 'listening', 'to', 'the', 'incredibly', 'niche', 'lecture', 'on', 'soil', 'composition', ',', 'I', 'saw', 'your', 'confused', 'look', 'when', 'you', 'handed', 'me', 'a', 'drink', 'and', 'I', 'immediately', 'pushed', 'it', 'back', ',', 'explaining', 'my', 'general', 'disinterest', ';', 'this', 'is', 'not', 'my', 'cup', 'of', 'tea', ',', 'it', ""'"", 's', 'yours', ',', 'in', 'fact', 'I', 'hate', 'black', 'tea', '.']","['O', 'O', 'O', 'O', 'O', 'O', 'O', 'O', 'O', 'O', 'O', 'O', 'O', 'O', 'O', 'O', 'O', 'O', 'O', 'O', 'O', 'O', 'O', 'O', 'O', 'O', 'O', 'O', 'O', 'O', 'O', 'O', 'O', 'O', 'O', 'O', 'O', 'O', 'O', 'O', 'O', 'O', 'O', 'O', 'O', 'O', 'O', 'O', 'O', 'O', 'O', 'O', 'O', 'O', 'O', 'O', 'O']","[0, 0, 0, 0, 0, 0, 0, 0, 0, 0, 0, 0, 0, 0, 0, 0, 0, 0, 0, 0, 0, 0, 0, 0, 0, 0, 0, 0, 0, 0, 0, 0, 0, 0, 0, 0, 0, 0, 0, 0, 0, 0, 0, 0, 0, 0, 0, 0, 0, 0, 0, 0, 0, 0, 0, 0, 0]"
"This is not my cup of tea, it's yours, in fact I hate black tea.",['not my cup of tea'],[],FALSE,2,V,"Everyone else was thrilled about the assignment to organize the company's historical archives, but I found the task mind-numbingly dull, so when you offered me a warm mug to cheer me up, I just shook my head; this is not my cup of tea, it's yours, in fact I hate black tea.","['Everyone', 'else', 'was', 'thrilled', 'about', 'the', 'assignment', 'to', 'organize', 'the', 'company', ""'"", 's', 'historical', 'archives', ',', 'but', 'I', 'found', 'the', 'task', 'mind', '-', 'numbingly', 'dull', ',', 'so', 'when', 'you', 'offered', 'me', 'a', 'warm', 'mug', 'to', 'cheer', 'me', 'up', ',', 'I', 'just', 'shook', 'my', 'head', ';', 'this', 'is', 'not', 'my', 'cup', 'of', 'tea', ',', 'it', ""'"", 's', 'yours', ',', 'in', 'fact', 'I', 'hate', 'black', 'tea', '.']","['O', 'O', 'O', 'O', 'O', 'O', 'O', 'O', 'O', 'O', 'O', 'O', 'O', 'O', 'O', 'O', 'O', 'O', 'O', 'O', 'O', 'O', 'O', 'O', 'O', 'O', 'O', 'O', 'O', 'O', 'O', 'O', 'O', 'O', 'O', 'O', 'O', 'O', 'O', 'O', 'O', 'O', 'O', 'O', 'O', 'O', 'O', 'O', 'O', 'O', 'O', 'O', 'O', 'O', 'O', 'O', 'O', 'O', 'O', 'O', 'O', 'O', 'O', 'O', 'O']","[0, 0, 0, 0, 0, 0, 0, 0, 0, 0, 0, 0, 0, 0, 0, 0, 0, 0, 0, 0, 0, 0, 0, 0, 0, 0, 0, 0, 0, 0, 0, 0, 0, 0, 0, 0, 0, 0, 0, 0, 0, 0, 0, 0, 0, 0, 0, 0, 0, 0, 0, 0, 0, 0, 0, 0, 0, 0, 0, 0, 0, 0, 0, 0, 0]"
"This is not my cup of tea, it's yours, in fact I hate black tea.",['not my cup of tea'],[],FALSE,3,V,"While they all debated the merits of the chaotic action film, I was struggling to stay awake, so when you mistakenly set a beverage in front of me instead of your own seat, I pointed it out; this is not my cup of tea, it's yours, in fact I hate black tea.","['While', 'they', 'all', 'debated', 'the', 'merits', 'of', 'the', 'chaotic', 'action', 'film', ',', 'I', 'was', 'struggling', 'to', 'stay', 'awake', ',', 'so', 'when', 'you', 'mistakenly', 'set', 'a', 'beverage', 'in', 'front', 'of', 'me', 'instead', 'of', 'your', 'own', 'seat', ',', 'I', 'pointed', 'it', 'out', ';', 'this', 'is', 'not', 'my', 'cup', 'of', 'tea', ',', 'it', ""'"", 's', 'yours', ',', 'in', 'fact', 'I', 'hate', 'black', 'tea', '.']","['O', 'O', 'O', 'O', 'O', 'O', 'O', 'O', 'O', 'O', 'O', 'O', 'O', 'O', 'O', 'O', 'O', 'O', 'O', 'O', 'O', 'O', 'O', 'O', 'O', 'O', 'O', 'O', 'O', 'O', 'O', 'O', 'O', 'O', 'O', 'O', 'O', 'O', 'O', 'O', 'O', 'O', 'O', 'O', 'O', 'O', 'O', 'O', 'O', 'O', 'O', 'O', 'O', 'O', 'O', 'O', 'O', 'O', 'O', 'O', 'O']","[0, 0, 0, 0, 0, 0, 0, 0, 0, 0, 0, 0, 0, 0, 0, 0, 0, 0, 0, 0, 0, 0, 0, 0, 0, 0, 0, 0, 0, 0, 0, 0, 0, 0, 0, 0, 0, 0, 0, 0, 0, 0, 0, 0, 0, 0, 0, 0, 0, 0, 0, 0, 0, 0, 0, 0, 0, 0, 0, 0, 0]"
I love bread and butter for breakfast.,['bread und butter'],[],FALSE,1,V,"As the owner of a small artisanal bakery whose livelihood depends entirely on our most basic and popular product, my professional and personal tastes have completely merged; I love bread and butter for breakfast.","['As', 'the', 'owner', 'of', 'a', 'small', 'artisanal', 'bakery', 'whose', 'livelihood', 'depends', 'entirely', 'on', 'our', 'most', 'basic', 'and', 'popular', 'product', ',', 'my', 'professional', 'and', 'personal', 'tastes', 'have', 'completely', 'merged', ';', 'I', 'love', 'bread', 'and', 'butter', 'for', 'breakfast', '.']","['O', 'O', 'O', 'O', 'O', 'O', 'O', 'O', 'O', 'O', 'O', 'O', 'O', 'O', 'O', 'O', 'O', 'O', 'O', 'O', 'O', 'O', 'O', 'O', 'O', 'O', 'O', 'O', 'O', 'O', 'O', 'O', 'O', 'O', 'O', 'O', 'O']","[0, 0, 0, 0, 0, 0, 0, 0, 0, 0, 0, 0, 0, 0, 0, 0, 0, 0, 0, 0, 0, 0, 0, 0, 0, 0, 0, 0, 0, 0, 0, 0, 0, 0, 0, 0, 0]"
I love bread and butter for breakfast.,['bread und butter'],[],FALSE,2,V,"During the strategic review, we decided to divest from complex ventures and focus on the company's essential, most profitable division, which made me reflect on my own daily essentials, so it's no surprise that I love bread and butter for breakfast.","['During', 'the', 'strategic', 'review', ',', 'we', 'decided', 'to', 'divest', 'from', 'complex', 'ventures', 'and', 'focus', 'on', 'the', 'company', ""'"", 's', 'essential', ',', 'most', 'profitable', 'division', ',', 'which', 'made', 'me', 'reflect', 'on', 'my', 'own', 'daily', 'essentials', ',', 'so', 'it', ""'"", 's', 'no', 'surprise', 'that', 'I', 'love', 'bread', 'and', 'butter', 'for', 'breakfast', '.']","['O', 'O', 'O', 'O', 'O', 'O', 'O', 'O', 'O', 'O', 'O', 'O', 'O', 'O', 'O', 'O', 'O', 'O', 'O', 'O', 'O', 'O', 'O', 'O', 'O', 'O', 'O', 'O', 'O', 'O', 'O', 'O', 'O', 'O', 'O', 'O', 'O', 'O', 'O', 'O', 'O', 'O', 'O', 'O', 'O', 'O', 'O', 'O', 'O', 'O']","[0, 0, 0, 0, 0, 0, 0, 0, 0, 0, 0, 0, 0, 0, 0, 0, 0, 0, 0, 0, 0, 0, 0, 0, 0, 0, 0, 0, 0, 0, 0, 0, 0, 0, 0, 0, 0, 0, 0, 0, 0, 0, 0, 0, 0, 0, 0, 0, 0, 0]"
I love bread and butter for breakfast.,['bread und butter'],[],FALSE,3,V,"After a long talk with my mentor about the importance of securing a reliable, primary source of income before pursuing passion projects, I woke up with a newfound appreciation for the fundamentals, which is why I love bread and butter for breakfast.","['After', 'a', 'long', 'talk', 'with', 'my', 'mentor', 'about', 'the', 'importance', 'of', 'securing', 'a', 'reliable', ',', 'primary', 'source', 'of', 'income', 'before', 'pursuing', 'passion', 'projects', ',', 'I', 'woke', 'up', 'with', 'a', 'newfound', 'appreciation', 'for', 'the', 'fundamentals', ',', 'which', 'is', 'why', 'I', 'love', 'bread', 'and', 'butter', 'for', 'breakfast', '.']","['O', 'O', 'O', 'O', 'O', 'O', 'O', 'O', 'O', 'O', 'O', 'O', 'O', 'O', 'O', 'O', 'O', 'O', 'O', 'O', 'O', 'O', 'O', 'O', 'O', 'O', 'O', 'O', 'O', 'O', 'O', 'O', 'O', 'O', 'O', 'O', 'O', 'O', 'O', 'O', 'O', 'O', 'O', 'O', 'O', 'O']","[0, 0, 0, 0, 0, 0, 0, 0, 0, 0, 0, 0, 0, 0, 0, 0, 0, 0, 0, 0, 0, 0, 0, 0, 0, 0, 0, 0, 0, 0, 0, 0, 0, 0, 0, 0, 0, 0, 0, 0, 0, 0, 0, 0, 0, 0]"
Here are your sardines with bread and butter.,['bread und butter'],[],FALSE,1,V,"At the tense business lunch, the CEO explained to the new executive which two product lines were absolutely foundational to their seafood company's survival, and as the waiter set down the appetizer, he gestured to the plate and said, here are your sardines with bread and butter.","['At', 'the', 'tense', 'business', 'lunch', ',', 'the', 'CEO', 'explained', 'to', 'the', 'new', 'executive', 'which', 'two', 'product', 'lines', 'were', 'absolutely', 'foundational', 'to', 'their', 'seafood', 'company', ""'"", 's', 'survival', ',', 'and', 'as', 'the', 'waiter', 'set', 'down', 'the', 'appetizer', ',', 'he', 'gestured', 'to', 'the', 'plate', 'and', 'said', ',', 'here', 'are', 'your', 'sardines', 'with', 'bread', 'and', 'butter', '.']","['O', 'O', 'O', 'O', 'O', 'O', 'O', 'O', 'O', 'O', 'O', 'O', 'O', 'O', 'O', 'O', 'O', 'O', 'O', 'O', 'O', 'O', 'O', 'O', 'O', 'O', 'O', 'O', 'O', 'O', 'O', 'O', 'O', 'O', 'O', 'O', 'O', 'O', 'O', 'O', 'O', 'O', 'O', 'O', 'O', 'O', 'O', 'O', 'O', 'O', 'O', 'O', 'O', 'O']","[0, 0, 0, 0, 0, 0, 0, 0, 0, 0, 0, 0, 0, 0, 0, 0, 0, 0, 0, 0, 0, 0, 0, 0, 0, 0, 0, 0, 0, 0, 0, 0, 0, 0, 0, 0, 0, 0, 0, 0, 0, 0, 0, 0, 0, 0, 0, 0, 0, 0, 0, 0, 0, 0]"
Here are your sardines with bread and butter.,['bread und butter'],[],FALSE,2,V,"The old fisherman was teaching his grandson about running the family business, explaining that while fancy tuna catches were exciting, consistent, basic sales were what truly mattered, and to make his point while serving lunch on the boat he said, here are your sardines with bread and butter.","['The', 'old', 'fisherman', 'was', 'teaching', 'his', 'grandson', 'about', 'running', 'the', 'family', 'business', ',', 'explaining', 'that', 'while', 'fancy', 'tuna', 'catches', 'were', 'exciting', ',', 'consistent', ',', 'basic', 'sales', 'were', 'what', 'truly', 'mattered', ',', 'and', 'to', 'make', 'his', 'point', 'while', 'serving', 'lunch', 'on', 'the', 'boat', 'he', 'said', ',', 'here', 'are', 'your', 'sardines', 'with', 'bread', 'and', 'butter', '.']","['O', 'O', 'O', 'O', 'O', 'O', 'O', 'O', 'O', 'O', 'O', 'O', 'O', 'O', 'O', 'O', 'O', 'O', 'O', 'O', 'O', 'O', 'O', 'O', 'O', 'O', 'O', 'O', 'O', 'O', 'O', 'O', 'O', 'O', 'O', 'O', 'O', 'O', 'O', 'O', 'O', 'O', 'O', 'O', 'O', 'O', 'O', 'O', 'O', 'O', 'O', 'O', 'O', 'O']","[0, 0, 0, 0, 0, 0, 0, 0, 0, 0, 0, 0, 0, 0, 0, 0, 0, 0, 0, 0, 0, 0, 0, 0, 0, 0, 0, 0, 0, 0, 0, 0, 0, 0, 0, 0, 0, 0, 0, 0, 0, 0, 0, 0, 0, 0, 0, 0, 0, 0, 0, 0, 0, 0]"
Here are your sardines with bread and butter.,['bread und butter'],[],FALSE,3,V,"My son asked what his core responsibilities would be now that he was joining our family's food distribution company, so while handing him his lunch for his first day on the warehouse floor, I told him, here are your sardines with bread and butter.","['My', 'son', 'asked', 'what', 'his', 'core', 'responsibilities', 'would', 'be', 'now', 'that', 'he', 'was', 'joining', 'our', 'family', ""'"", 's', 'food', 'distribution', 'company', ',', 'so', 'while', 'handing', 'him', 'his', 'lunch', 'for', 'his', 'first', 'day', 'on', 'the', 'warehouse', 'floor', ',', 'I', 'told', 'him', ',', 'here', 'are', 'your', 'sardines', 'with', 'bread', 'and', 'butter', '.']","['O', 'O', 'O', 'O', 'O', 'O', 'O', 'O', 'O', 'O', 'O', 'O', 'O', 'O', 'O', 'O', 'O', 'O', 'O', 'O', 'O', 'O', 'O', 'O', 'O', 'O', 'O', 'O', 'O', 'O', 'O', 'O', 'O', 'O', 'O', 'O', 'O', 'O', 'O', 'O', 'O', 'O', 'O', 'O', 'O', 'O', 'O', 'O', 'O', 'O']","[0, 0, 0, 0, 0, 0, 0, 0, 0, 0, 0, 0, 0, 0, 0, 0, 0, 0, 0, 0, 0, 0, 0, 0, 0, 0, 0, 0, 0, 0, 0, 0, 0, 0, 0, 0, 0, 0, 0, 0, 0, 0, 0, 0, 0, 0, 0, 0, 0, 0]"
I only bought a lemon and two oranges.,['a lemon'],[],FALSE,1,V,"After spending all day at the auto salvage yard looking for parts for our classic car restoration projects, my partner asked if I had any luck finding the rare 'Citron' model and some 'Orange' brand carburetors, but I told him I only bought a lemon and two oranges.","['After', 'spending', 'all', 'day', 'at', 'the', 'auto', 'salvage', 'yard', 'looking', 'for', 'parts', 'for', 'our', 'classic', 'car', 'restoration', 'projects', ',', 'my', 'partner', 'asked', 'if', 'I', 'had', 'any', 'luck', 'finding', 'the', 'rare', ""'"", 'Citron', ""'"", 'model', 'and', 'some', ""'"", 'Orange', ""'"", 'brand', 'carburetors', ',', 'but', 'I', 'told', 'him', 'I', 'only', 'bought', 'a', 'lemon', 'and', 'two', 'oranges', '.']","['O', 'O', 'O', 'O', 'O', 'O', 'O', 'O', 'O', 'O', 'O', 'O', 'O', 'O', 'O', 'O', 'O', 'O', 'O', 'O', 'O', 'O', 'O', 'O', 'O', 'O', 'O', 'O', 'O', 'O', 'O', 'O', 'O', 'O', 'O', 'O', 'O', 'O', 'O', 'O', 'O', 'O', 'O', 'O', 'O', 'O', 'O', 'O', 'O', 'O', 'O', 'O', 'O', 'O', 'O']","[0, 0, 0, 0, 0, 0, 0, 0, 0, 0, 0, 0, 0, 0, 0, 0, 0, 0, 0, 0, 0, 0, 0, 0, 0, 0, 0, 0, 0, 0, 0, 0, 0, 0, 0, 0, 0, 0, 0, 0, 0, 0, 0, 0, 0, 0, 0, 0, 0, 0, 0, 0, 0, 0, 0]"
I only bought a lemon and two oranges.,['a lemon'],[],FALSE,2,V,"He went to the giant weekend market hoping to find a reliable used car and some electronic components but the selection was terrible, so when his wife asked if he found anything worthwhile for his big project, he emptied his small bag onto the table; I only bought a lemon and two oranges.","['He', 'went', 'to', 'the', 'giant', 'weekend', 'market', 'hoping', 'to', 'find', 'a', 'reliable', 'used', 'car', 'and', 'some', 'electronic', 'components', 'but', 'the', 'selection', 'was', 'terrible', ',', 'so', 'when', 'his', 'wife', 'asked', 'if', 'he', 'found', 'anything', 'worthwhile', 'for', 'his', 'big', 'project', ',', 'he', 'emptied', 'his', 'small', 'bag', 'onto', 'the', 'table', ';', 'I', 'only', 'bought', 'a', 'lemon', 'and', 'two', 'oranges', '.']","['O', 'O', 'O', 'O', 'O', 'O', 'O', 'O', 'O', 'O', 'O', 'O', 'O', 'O', 'O', 'O', 'O', 'O', 'O', 'O', 'O', 'O', 'O', 'O', 'O', 'O', 'O', 'O', 'O', 'O', 'O', 'O', 'O', 'O', 'O', 'O', 'O', 'O', 'O', 'O', 'O', 'O', 'O', 'O', 'O', 'O', 'O', 'O', 'O', 'O', 'O', 'O', 'O', 'O', 'O', 'O', 'O']","[0, 0, 0, 0, 0, 0, 0, 0, 0, 0, 0, 0, 0, 0, 0, 0, 0, 0, 0, 0, 0, 0, 0, 0, 0, 0, 0, 0, 0, 0, 0, 0, 0, 0, 0, 0, 0, 0, 0, 0, 0, 0, 0, 0, 0, 0, 0, 0, 0, 0, 0, 0, 0, 0, 0, 0, 0]"
I only bought a lemon and two oranges.,['a lemon'],[],FALSE,3,V,"My financial advisor was furious, asking why I deviated from our plan to invest in solid tech stocks, but looking at my disastrous day-trading account where I'd gambled on some fruit-themed penny stocks, I explained, I only bought a lemon and two oranges.","['My', 'financial', 'advisor', 'was', 'furious', ',', 'asking', 'why', 'I', 'deviated', 'from', 'our', 'plan', 'to', 'invest', 'in', 'solid', 'tech', 'stocks', ',', 'but', 'looking', 'at', 'my', 'disastrous', 'day', '-', 'trading', 'account', 'where', 'I', ""'"", 'd', 'gambled', 'on', 'some', 'fruit', '-', 'themed', 'penny', 'stocks', ',', 'I', 'explained', ',', 'I', 'only', 'bought', 'a', 'lemon', 'and', 'two', 'oranges', '.']","['O', 'O', 'O', 'O', 'O', 'O', 'O', 'O', 'O', 'O', 'O', 'O', 'O', 'O', 'O', 'O', 'O', 'O', 'O', 'O', 'O', 'O', 'O', 'O', 'O', 'O', 'O', 'O', 'O', 'O', 'O', 'O', 'O', 'O', 'O', 'O', 'O', 'O', 'O', 'O', 'O', 'O', 'O', 'O', 'O', 'O', 'O', 'O', 'O', 'O', 'O', 'O', 'O', 'O']","[0, 0, 0, 0, 0, 0, 0, 0, 0, 0, 0, 0, 0, 0, 0, 0, 0, 0, 0, 0, 0, 0, 0, 0, 0, 0, 0, 0, 0, 0, 0, 0, 0, 0, 0, 0, 0, 0, 0, 0, 0, 0, 0, 0, 0, 0, 0, 0, 0, 0, 0, 0, 0, 0]"
Would you please buy a lemon for my cake?,['a lemon'],[],FALSE,1,V,"After spending all day arguing with the used car dealership about my faulty vehicle, I'm completely exhausted and just realized I'm missing an ingredient for dessert, so would you please buy a lemon for my cake?","['After', 'spending', 'all', 'day', 'arguing', 'with', 'the', 'used', 'car', 'dealership', 'about', 'my', 'faulty', 'vehicle', ',', 'I', ""'"", 'm', 'completely', 'exhausted', 'and', 'just', 'realized', 'I', ""'"", 'm', 'missing', 'an', 'ingredient', 'for', 'dessert', ',', 'so', 'would', 'you', 'please', 'buy', 'a', 'lemon', 'for', 'my', 'cake', '?']","['O', 'O', 'O', 'O', 'O', 'O', 'O', 'O', 'O', 'O', 'O', 'O', 'O', 'O', 'O', 'O', 'O', 'O', 'O', 'O', 'O', 'O', 'O', 'O', 'O', 'O', 'O', 'O', 'O', 'O', 'O', 'O', 'O', 'O', 'O', 'O', 'O', 'O', 'O', 'O', 'O', 'O', 'O']","[0, 0, 0, 0, 0, 0, 0, 0, 0, 0, 0, 0, 0, 0, 0, 0, 0, 0, 0, 0, 0, 0, 0, 0, 0, 0, 0, 0, 0, 0, 0, 0, 0, 0, 0, 0, 0, 0, 0, 0, 0, 0, 0]"
Would you please buy a lemon for my cake?,['a lemon'],[],FALSE,2,V,"For the mechanic's retirement party, we are making a diorama of his first disastrous car project, and we need a final piece to put on top of the dessert as a joke, so would you please buy a lemon for my cake?","['For', 'the', 'mechanic', ""'"", 's', 'retirement', 'party', ',', 'we', 'are', 'making', 'a', 'diorama', 'of', 'his', 'first', 'disastrous', 'car', 'project', ',', 'and', 'we', 'need', 'a', 'final', 'piece', 'to', 'put', 'on', 'top', 'of', 'the', 'dessert', 'as', 'a', 'joke', ',', 'so', 'would', 'you', 'please', 'buy', 'a', 'lemon', 'for', 'my', 'cake', '?']","['O', 'O', 'O', 'O', 'O', 'O', 'O', 'O', 'O', 'O', 'O', 'O', 'O', 'O', 'O', 'O', 'O', 'O', 'O', 'O', 'O', 'O', 'O', 'O', 'O', 'O', 'O', 'O', 'O', 'O', 'O', 'O', 'O', 'O', 'O', 'O', 'O', 'O', 'O', 'O', 'O', 'O', 'O', 'O', 'O', 'O', 'O', 'O']","[0, 0, 0, 0, 0, 0, 0, 0, 0, 0, 0, 0, 0, 0, 0, 0, 0, 0, 0, 0, 0, 0, 0, 0, 0, 0, 0, 0, 0, 0, 0, 0, 0, 0, 0, 0, 0, 0, 0, 0, 0, 0, 0, 0, 0, 0, 0, 0]"
Would you please buy a lemon for my cake?,['a lemon'],[],FALSE,3,V,"To finalize the props for the play's scene where the main character bakes while lamenting their terrible financial decisions, we need one more item that works on both a literal and symbolic level, so would you please buy a lemon for my cake?","['To', 'finalize', 'the', 'props', 'for', 'the', 'play', ""'"", 's', 'scene', 'where', 'the', 'main', 'character', 'bakes', 'while', 'lamenting', 'their', 'terrible', 'financial', 'decisions', ',', 'we', 'need', 'one', 'more', 'item', 'that', 'works', 'on', 'both', 'a', 'literal', 'and', 'symbolic', 'level', ',', 'so', 'would', 'you', 'please', 'buy', 'a', 'lemon', 'for', 'my', 'cake', '?']","['O', 'O', 'O', 'O', 'O', 'O', 'O', 'O', 'O', 'O', 'O', 'O', 'O', 'O', 'O', 'O', 'O', 'O', 'O', 'O', 'O', 'O', 'O', 'O', 'O', 'O', 'O', 'O', 'O', 'O', 'O', 'O', 'O', 'O', 'O', 'O', 'O', 'O', 'O', 'O', 'O', 'O', 'O', 'O', 'O', 'O', 'O', 'O']","[0, 0, 0, 0, 0, 0, 0, 0, 0, 0, 0, 0, 0, 0, 0, 0, 0, 0, 0, 0, 0, 0, 0, 0, 0, 0, 0, 0, 0, 0, 0, 0, 0, 0, 0, 0, 0, 0, 0, 0, 0, 0, 0, 0, 0, 0, 0, 0]"
I'd need you to buy a lemon and some sugar for tonight.,['a lemon'],[],FALSE,1,V,"My brother just got swindled at that shady used car dealership, and now we're all trying to cheer him up with a small get-together, so on your way over, I'd need you to buy a lemon and some sugar for tonight.","['My', 'brother', 'just', 'got', 'swindled', 'at', 'that', 'shady', 'used', 'car', 'dealership', ',', 'and', 'now', 'we', ""'"", 're', 'all', 'trying', 'to', 'cheer', 'him', 'up', 'with', 'a', 'small', 'get', '-', 'together', ',', 'so', 'on', 'your', 'way', 'over', ',', 'I', ""'"", 'd', 'need', 'you', 'to', 'buy', 'a', 'lemon', 'and', 'some', 'sugar', 'for', 'tonight', '.']","['O', 'O', 'O', 'O', 'O', 'O', 'O', 'O', 'O', 'O', 'O', 'O', 'O', 'O', 'O', 'O', 'O', 'O', 'O', 'O', 'O', 'O', 'O', 'O', 'O', 'O', 'O', 'O', 'O', 'O', 'O', 'O', 'O', 'O', 'O', 'O', 'O', 'O', 'O', 'O', 'O', 'O', 'O', 'O', 'O', 'O', 'O', 'O', 'O', 'O', 'O']","[0, 0, 0, 0, 0, 0, 0, 0, 0, 0, 0, 0, 0, 0, 0, 0, 0, 0, 0, 0, 0, 0, 0, 0, 0, 0, 0, 0, 0, 0, 0, 0, 0, 0, 0, 0, 0, 0, 0, 0, 0, 0, 0, 0, 0, 0, 0, 0, 0, 0, 0]"
I'd need you to buy a lemon and some sugar for tonight.,['a lemon'],[],FALSE,2,V,"After spending all afternoon trying to fix this brand new tablet that just won't work, I'm so frustrated I could use a stiff drink, which reminds me, I'd need you to buy a lemon and some sugar for tonight.","['After', 'spending', 'all', 'afternoon', 'trying', 'to', 'fix', 'this', 'brand', 'new', 'tablet', 'that', 'just', 'won', ""'"", 't', 'work', ',', 'I', ""'"", 'm', 'so', 'frustrated', 'I', 'could', 'use', 'a', 'stiff', 'drink', ',', 'which', 'reminds', 'me', ',', 'I', ""'"", 'd', 'need', 'you', 'to', 'buy', 'a', 'lemon', 'and', 'some', 'sugar', 'for', 'tonight', '.']","['O', 'O', 'O', 'O', 'O', 'O', 'O', 'O', 'O', 'O', 'O', 'O', 'O', 'O', 'O', 'O', 'O', 'O', 'O', 'O', 'O', 'O', 'O', 'O', 'O', 'O', 'O', 'O', 'O', 'O', 'O', 'O', 'O', 'O', 'O', 'O', 'O', 'O', 'O', 'O', 'O', 'O', 'O', 'O', 'O', 'O', 'O', 'O', 'O']","[0, 0, 0, 0, 0, 0, 0, 0, 0, 0, 0, 0, 0, 0, 0, 0, 0, 0, 0, 0, 0, 0, 0, 0, 0, 0, 0, 0, 0, 0, 0, 0, 0, 0, 0, 0, 0, 0, 0, 0, 0, 0, 0, 0, 0, 0, 0, 0, 0]"
I'd need you to buy a lemon and some sugar for tonight.,['a lemon'],[],FALSE,3,V,"That tech stock I invested in completely tanked, proving to be a total bust, so to take my mind off my financial woes with a classic whiskey sour, I'd need you to buy a lemon and some sugar for tonight.","['That', 'tech', 'stock', 'I', 'invested', 'in', 'completely', 'tanked', ',', 'proving', 'to', 'be', 'a', 'total', 'bust', ',', 'so', 'to', 'take', 'my', 'mind', 'off', 'my', 'financial', 'woes', 'with', 'a', 'classic', 'whiskey', 'sour', ',', 'I', ""'"", 'd', 'need', 'you', 'to', 'buy', 'a', 'lemon', 'and', 'some', 'sugar', 'for', 'tonight', '.']","['O', 'O', 'O', 'O', 'O', 'O', 'O', 'O', 'O', 'O', 'O', 'O', 'O', 'O', 'O', 'O', 'O', 'O', 'O', 'O', 'O', 'O', 'O', 'O', 'O', 'O', 'O', 'O', 'O', 'O', 'O', 'O', 'O', 'O', 'O', 'O', 'O', 'O', 'O', 'O', 'O', 'O', 'O', 'O', 'O', 'O']","[0, 0, 0, 0, 0, 0, 0, 0, 0, 0, 0, 0, 0, 0, 0, 0, 0, 0, 0, 0, 0, 0, 0, 0, 0, 0, 0, 0, 0, 0, 0, 0, 0, 0, 0, 0, 0, 0, 0, 0, 0, 0, 0, 0, 0, 0]"
The police will turn a blind eye once.,['turn a blind eye'],['turn a blind eye'],TRUE,1,V,"The junior officer was nervous about handling the department's antique mannequin, which was used for historical displays and had a damaged glass eye, but the curator assured him that for the annual cleaning protocol, the police will turn a blind eye once.","['The', 'junior', 'officer', 'was', 'nervous', 'about', 'handling', 'the', 'department', ""'"", 's', 'antique', 'mannequin', ',', 'which', 'was', 'used', 'for', 'historical', 'displays', 'and', 'had', 'a', 'damaged', 'glass', 'eye', ',', 'but', 'the', 'curator', 'assured', 'him', 'that', 'for', 'the', 'annual', 'cleaning', 'protocol', ',', 'the', 'police', 'will', 'turn', 'a', 'blind', 'eye', 'once', '.']","['O', 'O', 'O', 'O', 'O', 'O', 'O', 'O', 'O', 'O', 'O', 'O', 'O', 'O', 'O', 'O', 'O', 'O', 'O', 'O', 'O', 'O', 'O', 'O', 'O', 'O', 'O', 'O', 'O', 'O', 'O', 'O', 'O', 'O', 'O', 'O', 'O', 'O', 'O', 'O', 'O', 'O', 'B-IDIOM', 'I-IDIOM', 'I-IDIOM', 'I-IDIOM', 'O', 'O']","[0, 0, 0, 0, 0, 0, 0, 0, 0, 0, 0, 0, 0, 0, 0, 0, 0, 0, 0, 0, 0, 0, 0, 0, 0, 0, 0, 0, 0, 0, 0, 0, 0, 0, 0, 0, 0, 0, 0, 0, 0, 0, 1, 2, 2, 2, 0, 0]"
The police will turn a blind eye once.,['turn a blind eye'],['turn a blind eye'],TRUE,2,V,"In the strange, ritualistic board game played at the precinct's charity event, one of the most powerful moves involved sacrificing your own piece to bend the rules, and the game's official guide stated that after this move, the police will turn a blind eye once.","['In', 'the', 'strange', ',', 'ritualistic', 'board', 'game', 'played', 'at', 'the', 'precinct', ""'"", 's', 'charity', 'event', ',', 'one', 'of', 'the', 'most', 'powerful', 'moves', 'involved', 'sacrificing', 'your', 'own', 'piece', 'to', 'bend', 'the', 'rules', ',', 'and', 'the', 'game', ""'"", 's', 'official', 'guide', 'stated', 'that', 'after', 'this', 'move', ',', 'the', 'police', 'will', 'turn', 'a', 'blind', 'eye', 'once', '.']","['O', 'O', 'O', 'O', 'O', 'O', 'O', 'O', 'O', 'O', 'O', 'O', 'O', 'O', 'O', 'O', 'O', 'O', 'O', 'O', 'O', 'O', 'O', 'O', 'O', 'O', 'O', 'O', 'O', 'O', 'O', 'O', 'O', 'O', 'O', 'O', 'O', 'O', 'O', 'O', 'O', 'O', 'O', 'O', 'O', 'O', 'O', 'O', 'B-IDIOM', 'I-IDIOM', 'I-IDIOM', 'I-IDIOM', 'O', 'O']","[0, 0, 0, 0, 0, 0, 0, 0, 0, 0, 0, 0, 0, 0, 0, 0, 0, 0, 0, 0, 0, 0, 0, 0, 0, 0, 0, 0, 0, 0, 0, 0, 0, 0, 0, 0, 0, 0, 0, 0, 0, 0, 0, 0, 0, 0, 0, 0, 1, 2, 2, 2, 0, 0]"
The police will turn a blind eye once.,['turn a blind eye'],['turn a blind eye'],TRUE,3,V,"The key informant in the smuggling case was himself blind in one eye and known for his own minor infractions, but the chief inspector assured the team that to secure the larger conviction, the police will turn a blind eye once.","['The', 'key', 'informant', 'in', 'the', 'smuggling', 'case', 'was', 'himself', 'blind', 'in', 'one', 'eye', 'and', 'known', 'for', 'his', 'own', 'minor', 'infractions', ',', 'but', 'the', 'chief', 'inspector', 'assured', 'the', 'team', 'that', 'to', 'secure', 'the', 'larger', 'conviction', ',', 'the', 'police', 'will', 'turn', 'a', 'blind', 'eye', 'once', '.']","['O', 'O', 'O', 'O', 'O', 'O', 'O', 'O', 'O', 'O', 'O', 'O', 'O', 'O', 'O', 'O', 'O', 'O', 'O', 'O', 'O', 'O', 'O', 'O', 'O', 'O', 'O', 'O', 'O', 'O', 'O', 'O', 'O', 'O', 'O', 'O', 'O', 'O', 'B-IDIOM', 'I-IDIOM', 'I-IDIOM', 'I-IDIOM', 'O', 'O']","[0, 0, 0, 0, 0, 0, 0, 0, 0, 0, 0, 0, 0, 0, 0, 0, 0, 0, 0, 0, 0, 0, 0, 0, 0, 0, 0, 0, 0, 0, 0, 0, 0, 0, 0, 0, 0, 0, 1, 2, 2, 2, 0, 0]"
"Come on, spill the beans now, I wanna know!",['spill the beans'],['spill the beans'],TRUE,1,V,"The new intern was about to drop the entire bag of rare coffee beans she was carrying while also looking like she had some explosive industry gossip, so her manager urged her with a mix of panic and curiosity, come on, spill the beans now, I wanna know!","['The', 'new', 'intern', 'was', 'about', 'to', 'drop', 'the', 'entire', 'bag', 'of', 'rare', 'coffee', 'beans', 'she', 'was', 'carrying', 'while', 'also', 'looking', 'like', 'she', 'had', 'some', 'explosive', 'industry', 'gossip', ',', 'so', 'her', 'manager', 'urged', 'her', 'with', 'a', 'mix', 'of', 'panic', 'and', 'curiosity', ',', 'come', 'on', ',', 'spill', 'the', 'beans', 'now', ',', 'I', 'wanna', 'know', '!']","['O', 'O', 'O', 'O', 'O', 'O', 'O', 'O', 'O', 'O', 'O', 'O', 'O', 'O', 'O', 'O', 'O', 'O', 'O', 'O', 'O', 'O', 'O', 'O', 'O', 'O', 'O', 'O', 'O', 'O', 'O', 'O', 'O', 'O', 'O', 'O', 'O', 'O', 'O', 'O', 'O', 'O', 'O', 'O', 'B-IDIOM', 'I-IDIOM', 'I-IDIOM', 'O', 'O', 'O', 'O', 'O', 'O']","[0, 0, 0, 0, 0, 0, 0, 0, 0, 0, 0, 0, 0, 0, 0, 0, 0, 0, 0, 0, 0, 0, 0, 0, 0, 0, 0, 0, 0, 0, 0, 0, 0, 0, 0, 0, 0, 0, 0, 0, 0, 0, 0, 0, 1, 2, 2, 0, 0, 0, 0, 0, 0]"
"Come on, spill the beans now, I wanna know!",['spill the beans'],['spill the beans'],TRUE,2,V,"During the final round of the game show, the contestant had to pour out a jar of jelly beans as a timer while also revealing the answer to the secret puzzle, but his hesitation was infuriating the host, come on, spill the beans now, I wanna know!","['During', 'the', 'final', 'round', 'of', 'the', 'game', 'show', ',', 'the', 'contestant', 'had', 'to', 'pour', 'out', 'a', 'jar', 'of', 'jelly', 'beans', 'as', 'a', 'timer', 'while', 'also', 'revealing', 'the', 'answer', 'to', 'the', 'secret', 'puzzle', ',', 'but', 'his', 'hesitation', 'was', 'infuriating', 'the', 'host', ',', 'come', 'on', ',', 'spill', 'the', 'beans', 'now', ',', 'I', 'wanna', 'know', '!']","['O', 'O', 'O', 'O', 'O', 'O', 'O', 'O', 'O', 'O', 'O', 'O', 'O', 'O', 'O', 'O', 'O', 'O', 'O', 'O', 'O', 'O', 'O', 'O', 'O', 'O', 'O', 'O', 'O', 'O', 'O', 'O', 'O', 'O', 'O', 'O', 'O', 'O', 'O', 'O', 'O', 'O', 'O', 'O', 'B-IDIOM', 'I-IDIOM', 'I-IDIOM', 'O', 'O', 'O', 'O', 'O', 'O']","[0, 0, 0, 0, 0, 0, 0, 0, 0, 0, 0, 0, 0, 0, 0, 0, 0, 0, 0, 0, 0, 0, 0, 0, 0, 0, 0, 0, 0, 0, 0, 0, 0, 0, 0, 0, 0, 0, 0, 0, 0, 0, 0, 0, 1, 2, 2, 0, 0, 0, 0, 0, 0]"
"Come on, spill the beans now, I wanna know!",['spill the beans'],['spill the beans'],TRUE,3,V,"In the chaotic final seconds of the chili cook-off, the lead chef was holding the kidney beans over the pot but hadn't added them yet, and he also hadn't revealed his secret ingredient as promised to the judges, so one yelled, come on, spill the beans now, I wanna know!","['In', 'the', 'chaotic', 'final', 'seconds', 'of', 'the', 'chili', 'cook', '-', 'off', ',', 'the', 'lead', 'chef', 'was', 'holding', 'the', 'kidney', 'beans', 'over', 'the', 'pot', 'but', 'hadn', ""'"", 't', 'added', 'them', 'yet', ',', 'and', 'he', 'also', 'hadn', ""'"", 't', 'revealed', 'his', 'secret', 'ingredient', 'as', 'promised', 'to', 'the', 'judges', ',', 'so', 'one', 'yelled', ',', 'come', 'on', ',', 'spill', 'the', 'beans', 'now', ',', 'I', 'wanna', 'know', '!']","['O', 'O', 'O', 'O', 'O', 'O', 'O', 'O', 'O', 'O', 'O', 'O', 'O', 'O', 'O', 'O', 'O', 'O', 'O', 'O', 'O', 'O', 'O', 'O', 'O', 'O', 'O', 'O', 'O', 'O', 'O', 'O', 'O', 'O', 'O', 'O', 'O', 'O', 'O', 'O', 'O', 'O', 'O', 'O', 'O', 'O', 'O', 'O', 'O', 'O', 'O', 'O', 'O', 'O', 'B-IDIOM', 'I-IDIOM', 'I-IDIOM', 'O', 'O', 'O', 'O', 'O', 'O']","[0, 0, 0, 0, 0, 0, 0, 0, 0, 0, 0, 0, 0, 0, 0, 0, 0, 0, 0, 0, 0, 0, 0, 0, 0, 0, 0, 0, 0, 0, 0, 0, 0, 0, 0, 0, 0, 0, 0, 0, 0, 0, 0, 0, 0, 0, 0, 0, 0, 0, 0, 0, 0, 0, 1, 2, 2, 0, 0, 0, 0, 0, 0]"
"After meeting him, she was walking on air.",['walking on air'],['walking on air'],TRUE,1,V,"At the new circus, she was practicing her routine on a transparent high wire suspended over the main floor, which created an incredible illusion for the audience below; after meeting him, she was walking on air.","['At', 'the', 'new', 'circus', ',', 'she', 'was', 'practicing', 'her', 'routine', 'on', 'a', 'transparent', 'high', 'wire', 'suspended', 'over', 'the', 'main', 'floor', ',', 'which', 'created', 'an', 'incredible', 'illusion', 'for', 'the', 'audience', 'below', ';', 'after', 'meeting', 'him', ',', 'she', 'was', 'walking', 'on', 'air', '.']","['O', 'O', 'O', 'O', 'O', 'O', 'O', 'O', 'O', 'O', 'O', 'O', 'O', 'O', 'O', 'O', 'O', 'O', 'O', 'O', 'O', 'O', 'O', 'O', 'O', 'O', 'O', 'O', 'O', 'O', 'O', 'O', 'O', 'O', 'O', 'O', 'O', 'B-IDIOM', 'I-IDIOM', 'I-IDIOM', 'O']","[0, 0, 0, 0, 0, 0, 0, 0, 0, 0, 0, 0, 0, 0, 0, 0, 0, 0, 0, 0, 0, 0, 0, 0, 0, 0, 0, 0, 0, 0, 0, 0, 0, 0, 0, 0, 0, 1, 2, 2, 0]"
"After meeting him, she was walking on air.",['walking on air'],['walking on air'],TRUE,2,V,"The zero-gravity simulation was disorienting but exhilarating, and the lead engineer overseeing her flight training was both brilliant and handsome; after meeting him, she was walking on air.","['The', 'zero', '-', 'gravity', 'simulation', 'was', 'disorienting', 'but', 'exhilarating', ',', 'and', 'the', 'lead', 'engineer', 'overseeing', 'her', 'flight', 'training', 'was', 'both', 'brilliant', 'and', 'handsome', ';', 'after', 'meeting', 'him', ',', 'she', 'was', 'walking', 'on', 'air', '.']","['O', 'O', 'O', 'O', 'O', 'O', 'O', 'O', 'O', 'O', 'O', 'O', 'O', 'O', 'O', 'O', 'O', 'O', 'O', 'O', 'O', 'O', 'O', 'O', 'O', 'O', 'O', 'O', 'O', 'O', 'B-IDIOM', 'I-IDIOM', 'I-IDIOM', 'O']","[0, 0, 0, 0, 0, 0, 0, 0, 0, 0, 0, 0, 0, 0, 0, 0, 0, 0, 0, 0, 0, 0, 0, 0, 0, 0, 0, 0, 0, 0, 1, 2, 2, 0]"
"After meeting him, she was walking on air.",['walking on air'],['walking on air'],TRUE,3,V,"During the tech demo for the new augmented reality glasses that projected a solid-looking pathway over any open space, she was completely captivated by the project lead; after meeting him, she was walking on air.","['During', 'the', 'tech', 'demo', 'for', 'the', 'new', 'augmented', 'reality', 'glasses', 'that', 'projected', 'a', 'solid', '-', 'looking', 'pathway', 'over', 'any', 'open', 'space', ',', 'she', 'was', 'completely', 'captivated', 'by', 'the', 'project', 'lead', ';', 'after', 'meeting', 'him', ',', 'she', 'was', 'walking', 'on', 'air', '.']","['O', 'O', 'O', 'O', 'O', 'O', 'O', 'O', 'O', 'O', 'O', 'O', 'O', 'O', 'O', 'O', 'O', 'O', 'O', 'O', 'O', 'O', 'O', 'O', 'O', 'O', 'O', 'O', 'O', 'O', 'O', 'O', 'O', 'O', 'O', 'O', 'O', 'B-IDIOM', 'I-IDIOM', 'I-IDIOM', 'O']","[0, 0, 0, 0, 0, 0, 0, 0, 0, 0, 0, 0, 0, 0, 0, 0, 0, 0, 0, 0, 0, 0, 0, 0, 0, 0, 0, 0, 0, 0, 0, 0, 0, 0, 0, 0, 0, 1, 2, 2, 0]"
I really got a kick out of that clown's juggling act.,['got a kick out of'],['got a kick out of'],TRUE,1,V,"After my friend, the semi-professional soccer player who moonlights as a circus performer, showed me his new routine launching balls with his feet, I really got a kick out of that clown's juggling act.","['After', 'my', 'friend', ',', 'the', 'semi', '-', 'professional', 'soccer', 'player', 'who', 'moonlights', 'as', 'a', 'circus', 'performer', ',', 'showed', 'me', 'his', 'new', 'routine', 'launching', 'balls', 'with', 'his', 'feet', ',', 'I', 'really', 'got', 'a', 'kick', 'out', 'of', 'that', 'clown', ""'"", 's', 'juggling', 'act', '.']","['O', 'O', 'O', 'O', 'O', 'O', 'O', 'O', 'O', 'O', 'O', 'O', 'O', 'O', 'O', 'O', 'O', 'O', 'O', 'O', 'O', 'O', 'O', 'O', 'O', 'O', 'O', 'O', 'O', 'O', 'B-IDIOM', 'I-IDIOM', 'I-IDIOM', 'I-IDIOM', 'I-IDIOM', 'O', 'O', 'O', 'O', 'O', 'O', 'O']","[0, 0, 0, 0, 0, 0, 0, 0, 0, 0, 0, 0, 0, 0, 0, 0, 0, 0, 0, 0, 0, 0, 0, 0, 0, 0, 0, 0, 0, 0, 1, 2, 2, 2, 2, 0, 0, 0, 0, 0, 0, 0]"
I really got a kick out of that clown's juggling act.,['got a kick out of'],['got a kick out of'],TRUE,2,V,"While reviewing the performance data for the new animatronic entertainer, whose leg mechanism would sometimes lash out unexpectedly, I really got a kick out of that clown's juggling act.","['While', 'reviewing', 'the', 'performance', 'data', 'for', 'the', 'new', 'animatronic', 'entertainer', ',', 'whose', 'leg', 'mechanism', 'would', 'sometimes', 'lash', 'out', 'unexpectedly', ',', 'I', 'really', 'got', 'a', 'kick', 'out', 'of', 'that', 'clown', ""'"", 's', 'juggling', 'act', '.']","['O', 'O', 'O', 'O', 'O', 'O', 'O', 'O', 'O', 'O', 'O', 'O', 'O', 'O', 'O', 'O', 'O', 'O', 'O', 'O', 'O', 'O', 'B-IDIOM', 'I-IDIOM', 'I-IDIOM', 'I-IDIOM', 'I-IDIOM', 'O', 'O', 'O', 'O', 'O', 'O', 'O']","[0, 0, 0, 0, 0, 0, 0, 0, 0, 0, 0, 0, 0, 0, 0, 0, 0, 0, 0, 0, 0, 0, 1, 2, 2, 2, 2, 0, 0, 0, 0, 0, 0, 0]"
I really got a kick out of that clown's juggling act.,['got a kick out of'],['got a kick out of'],TRUE,3,V,"Still rubbing my shin from the malfunctioning mechanical donkey ride we'd just been on right next to the main stage, I really got a kick out of that clown's juggling act.","['Still', 'rubbing', 'my', 'shin', 'from', 'the', 'malfunctioning', 'mechanical', 'donkey', 'ride', 'we', ""'"", 'd', 'just', 'been', 'on', 'right', 'next', 'to', 'the', 'main', 'stage', ',', 'I', 'really', 'got', 'a', 'kick', 'out', 'of', 'that', 'clown', ""'"", 's', 'juggling', 'act', '.']","['O', 'O', 'O', 'O', 'O', 'O', 'O', 'O', 'O', 'O', 'O', 'O', 'O', 'O', 'O', 'O', 'O', 'O', 'O', 'O', 'O', 'O', 'O', 'O', 'O', 'B-IDIOM', 'I-IDIOM', 'I-IDIOM', 'I-IDIOM', 'I-IDIOM', 'O', 'O', 'O', 'O', 'O', 'O', 'O']","[0, 0, 0, 0, 0, 0, 0, 0, 0, 0, 0, 0, 0, 0, 0, 0, 0, 0, 0, 0, 0, 0, 0, 0, 0, 1, 2, 2, 2, 2, 0, 0, 0, 0, 0, 0, 0]"